Company,Problem,Topics,Difficulty
Accenture,Add Two Fractions,Math,Easy
Accenture,Leaders in an Array,Array,Medium
Accenture,Next Permutation,"Array, Two Pointers",Medium
Accenture,Pascal's Triangle III,"Array, Dynamic Programming",Medium
Accenture,Print the matrix in spiral manner,"Array, Matrix",Medium
Accenture,Rearrange array elements by sign,"Array, Simulation",Medium
Accenture,Rotate matrix by 90 degrees,"Array, Math",Medium
Accenture,Largest Element,Array,Easy
Accenture,Left Rotate Array by K Places,Array,Easy
Accenture,Left Rotate Array by One,"Array, Implementation",Easy
Accenture,Linear Search,"Array, Searching",Easy
Accenture,Maximum Consecutive Ones,Array,Easy
Accenture,Second Largest Element,Array,Easy
Accenture,Find missing number,"Array, Bit Manipulation",Easy
Accenture,Intersection of two sorted arrays,"Array, Sorting",Easy
Accenture,Move Zeros to End,"Array, Two Pointers",Easy
Accenture,Remove duplicates from sorted array,Array,Easy
Accenture,Union of two sorted arrays,"Array, Two Pointers",Easy
Accenture,Automorphic Number,Math,Easy
Accenture,Average of All Elements in an Array,Array,Easy
Accenture,Lower Bound,"Array, Binary Search",Easy
Accenture,Search X in sorted array,"Array, Binary Search",Easy
Accenture,Upper Bound,"Array, Binary Search",Easy
Accenture,Find minimum in Rotated Sorted Array,"Array, Binary Search",Easy
Accenture,Find out how many times the array is rotated,"Array, Binary Search",Easy
Accenture,First and last occurrence,"Array, Binary Search",Easy
Accenture,Floor and Ceil in Sorted Array,"Array, Binary Search",Easy
Accenture,Search in rotated sorted array-I,"Array, Binary Search",Medium
Accenture,Search in rotated sorted array-II,"Array, Binary Search",Medium
Accenture,Search insert position,"Array, Binary Search",Easy
Accenture,Single element in sorted array,"Array, Binary Search",Medium
Accenture,Find Nth root of a number,"Array, Binary Search",Medium
Accenture,Find square root of a number,"Array, Binary Search",Medium
Accenture,Zig Zag or Spiral Traversal,"Array, Matrix",Medium
Accenture,Single Number - I,"Array, Bit Manipulation",Medium
Accenture,Calculate Frequency of Characters in a String,String,Easy
Accenture,Calculate the Area of a Circle,Math,Easy
Accenture,Calculate the Power of a Number using Binary Exponentiation,Math,Easy
Accenture,Capitalize First and Last Character of Each Word,String,Easy
Accenture,Change Case of Each Character in a String,String,Easy
Accenture,Check if a Large Number is Divisible by 9,Math,Easy
Accenture,Check if a Number is a Harshad (Niven) Number,Math,Easy
Accenture,Check if a Number is a Strong Number,Math,Easy
Accenture,Check if a Number is an Abundant Number,Math,Easy
Accenture,Check if Array is Subset of Another,Array,Easy
Accenture,Check if Given Year is a Leap Year,Math,Easy
Accenture,Check Whether a Floating-Point Number is Even or Odd,Math,Easy
Accenture,Check whether a Given Number is Even or Odd,Math,Easy
Accenture,Check Whether a Number is Positive or Negative,Math,Easy
Accenture,Concatenate One String to Another,String,Easy
Accenture,Convert a Number to Hexadecimal,Math,Easy
Accenture,Convert Binary to Decimal,Math,Easy
Accenture,Convert Binary to Octal,Math,Easy
Accenture,Convert Decimal to Binary Number,Math,Easy
Accenture,Convert Decimal to Octal Number,Math,Easy
Accenture,Convert Digits/Numbers to Words,Math,Easy
Accenture,Convert Octal to Binary,Math,Easy
Accenture,Convert Octal to Decimal,Math,Easy
Accenture,Count Nodes in Linked List,Linked List,Easy
Accenture,Count the Number of Words in a Given String,String,Easy
Accenture,"Count Vowels, Consonants, and Spaces in a String",String,Easy
Accenture,Counting Frequencies of Array Elements,Array,Easy
Accenture,Design Array Modifier,"Array, Implementation",Easy
Accenture,Express Number as Sum of Two Primes,Math,Easy
Accenture,Check if the Array is Sorted I,"Array, Sorting",Easy
Accenture,Count of odd numbers in array,"Array, Math",Easy
Accenture,Reverse an array,Array,Easy
Accenture,Sum of Array Elements,Array,Easy
Accenture,Highest Occurring Element in an Array,Array,Easy
Accenture,Second Highest Occurring Element,"Array, Hash Table",Easy
Accenture,Sum of Highest and Lowest Frequency,"Array, Hash Table",Easy
Accenture,Convert Array to Doubly Linked List,"Doubly-Linked List, Hash Table",Easy
Accenture,Delete head of Doubly Linked List,"Doubly-Linked List, Hash Table",Easy
Accenture,Delete Kth Element of Doubly Linked List,"Doubly-Linked List, Hash Table",Easy
Accenture,Delete Tail of Doubly Linked List,"Doubly-Linked List, Hash Table",Easy
Accenture,Delete the element with value X,"Linked List, Hash Table",Easy
Accenture,Deletion of the head of LL,Linked List,Easy
Accenture,Deletion of the Kth element of Linked List,Linked List,Easy
Accenture,Deletion of the tail of Linked List,"Linked List, Hash Table",Easy
Accenture,Insert before given node in Doubly Linked List,"Doubly-Linked List, Linked List",Easy
Accenture,Insertion at the head of Linked List,Linked List,Easy
Accenture,Insertion at the Kth position of Linked List,Linked List,Easy
Accenture,Insertion at the tail of Linked List,Linked List,Easy
Accenture,Insertion before the value X in Linked List,Linked List,Easy
Accenture,Insert node before (kth node) in Doubly Linked List,"Doubly-Linked List, Linked List",Easy
Accenture,Insert node before head in Doubly Linked List,"Doubly-Linked List, Linked List",Easy
Accenture,Insert node before tail in Doubly Linked List,"Doubly-Linked List, Linked List",Easy
Accenture,Removing given node in Doubly Linked List,"Doubly-Linked List, Linked List",Easy
Accenture,Check for Perfect Number,Math,Easy
Accenture,Check for Prime Number,Math,Easy
Accenture,Check if the Number is Armstrong,Math,Easy
Accenture,Count all Digits of a Number,"Math, Counting",Easy
Accenture,Count number of odd digits in a number,"Math, Counting",Easy
Accenture,Count of Prime Numbers till N,"Math, Counting",Easy
Accenture,Divisors of a Number,Math,Easy
Accenture,Factorial of a given number,Math,Easy
Accenture,GCD of Two Numbers,Math,Easy
Accenture,LCM of two numbers,Math,Easy
Accenture,Palindrome Number,Math,Easy
Accenture,Return the Largest Digit in a Number,Math,Easy
Accenture,Reverse a number,Math,Easy
Accenture,Check if a Number is Prime or Not,Math,Easy
Accenture,Check if String is Palindrome or Not,String,Easy
Accenture,Check if the Array is Sorted II,"Array, Sorting",Easy
Accenture,Factorial of a Given Number,Math,Easy
Accenture,Fibonacci Number,"Dynamic Programming, Math",Easy
Accenture,Reverse a String I,String,Easy
Accenture,Sum of Array Elements II,"Array, Math",Easy
Accenture,Sum of Digits in a Given Number,Math,Easy
Accenture,Sum of First N Numbers,Math,Easy
Accenture,Implement Queue using Arrays,"Queue, Data Structures",Easy
Accenture,Implement queue using Linkedlist,"Queue, Linked List",Easy
Accenture,Implement Queue using Stack,"Design, Queue",Easy
Accenture,Implement Stack using Arrays,"Array, Stack",Easy
Accenture,Implement stack using Linkedlist,"Stack, Linked List",Easy
Accenture,Implement Stack using Queue,"Design, Queue",Easy
Accenture,Isomorphic String,"Hash Table, String",Easy
Accenture,Largest Odd Number in a String,Math,Easy
Accenture,Longest Common Prefix,"String, Trie",Easy
Accenture,Palindrome Check,"String, Two Pointers",Easy
Accenture,Reverse a String II,String,Easy
Accenture,Rotate String,"String, String Matching",Easy
Accenture,Sort Characters by Frequency,"Bucket Sort, Counting",Easy
Accenture,Valid Anagram,"Hash Table, Sorting",Easy
Accenture,Pattern 1,"Pattern Printing, Implementation",Easy
Accenture,Pattern 10,"Pattern Printing, Implementation",Easy
Accenture,Pattern 11,"Pattern Printing, Implementation",Easy
Accenture,Pattern 12,"Pattern Printing, Implementation",Easy
Accenture,Pattern 13,"Pattern Printing, Implementation",Easy
Accenture,Pattern 14,"Pattern Printing, Implementation",Easy
Accenture,Pattern 15,"Pattern Printing, Implementation",Easy
Accenture,Pattern 16,"Pattern Printing, Implementation",Easy
Accenture,Pattern 17,"Pattern Printing, Implementation",Easy
Accenture,Pattern 18,"Pattern Printing, Implementation",Easy
Accenture,Pattern 19,"Pattern Printing, Implementation",Easy
Accenture,Pattern 20,"Pattern Printing, Implementation",Medium
Accenture,Pattern 21,"Pattern Printing, Implementation",Medium
Accenture,Pattern 22,"Pattern Printing, Implementation",Medium
Accenture,Pattern 4,"Pattern Printing, Implementation",Easy
Accenture,Pattern 5,"Pattern Printing, Implementation",Easy
Accenture,Pattern 6,"Pattern Printing, Implementation",Easy
Accenture,Pattern 7,"Pattern Printing, Implementation",Easy
Accenture,Pattern 8,"Pattern Printing, Implementation",Easy
Accenture,Pattern 9,"Pattern Printing, Implementation",Easy
Accenture,If Else Adult Teen Problem,Implementation,Easy
Accenture,If ElseIf,Implementation,Easy
Accenture,Input Output,Implementation,Easy
Accenture,Print last character of string,"String, Implementation",Easy
Accenture,Print X N numbers of times,"Implementation, Simulation",Easy
Accenture,Sum of first last element in array,"Array, Math",Easy
Accenture,Switch Case,"Implementation, Simulation",Easy
Accenture,Factors of a Given Number,Math,Easy
Accenture,Find All Non-Repeating Elements in Array,Array,Easy
Accenture,Find All Palindrome Numbers in a Given Range,Math,Easy
Accenture,Find All Repeating Elements in an Array,Array,Easy
Accenture,Find All Symmetric Pairs,Array,Easy
Accenture,Find Median of an Unsorted Array,Array,Easy
Accenture,Find Roots of a Quadratic Equation,Math,Easy
Accenture,Find Sum of AP Series,Math,Easy
Accenture,Find the ASCII Value of a Character,String,Easy
Accenture,Find the Largest Word in a String,String,Easy
Accenture,Find the length of the Linked List,"-, - Easy",Easy
Accenture,Find the Position of a Substring within a String,String,Easy
Accenture,Find the Smallest Element in an Array,Array,Easy
Accenture,Finding Equilibrium Index in an Array,Array,Easy
Accenture,Greatest of Three Numbers,Math,Easy
Accenture,Greatest of Two Numbers,Math,Easy
Accenture,Traversal in Linked List,Linked List,Easy
Accenture,Maximum and Minimum Digit in a Number,Math,Easy
Accenture,Maximum Occurring Character in a String,String,Easy
Accenture,Maximum Product of Three Numbers,Math,Easy
Accenture,Permutations in which N people can occupy R seats,Math,Easy
Accenture,Rearrange Array in Increasing-Decreasing Order,Array,Easy
Accenture,Generate Parentheses,"Backtracking, Dynamic Programming",Medium
Accenture,"Pow(x,n)","Math, Recursion",Medium
Accenture,Power Set,"Recursion, Backtracking",Medium
Accenture,Check if there exists a subsequence with sum K,"Array, Dynamic Programming",Easy
Accenture,Count all subsequences with sum K,Recursion,Easy
Accenture,Remove All Duplicates from a String,String,Easy
Accenture,Remove Brackets from an Algebraic Expression,String,Easy
Accenture,Remove Characters Except Alphabets,String,Easy
Accenture,Remove Characters from First String Present in the Second String,String,Easy
Accenture,Remove Spaces from a String,String,Easy
Accenture,Replace All Zeros With Ones,Math,Easy
Accenture,Replace Elements by Their Rank,Array,Easy
Accenture,Return All Duplicate Characters in a String,String,Easy
Accenture,Search an Element in an Array,Array,Easy
Accenture,Sort Characters in a String,String,Easy
Accenture,Sort Elements of an Array by Frequency,"Array, Counting",Easy
Accenture,Bubble Sort,"Array, Sorting",Easy
Accenture,Insertion Sorting,"Array, Sorting",Easy
Accenture,Merge Sorting,"Array, Sorting",Medium
Accenture,Quick Sorting,"Array, Sorting",Easy
Accenture,Selection Sort,"Array, Sorting",Easy
Accenture,Balanced Paranthesis,"String, Greedy",Easy
Accenture,Sum of Fibonacci Numbers,Math,Easy
Accenture,Sum of First N Natural Numbers,Math,Easy
Accenture,Sum of GP Series,Math,Easy
Accenture,Sum of Numbers in a Given Range,Math,Easy
Accenture,Sum of the Numbers in a String,"String, Math",Easy
Accolite,Merge Operations to Turn Array Into a Palindrome,"Array, Greedy",Medium
Activision,Count Houses in a Circular Street II,"Data Stream, Design",Hard
Activision,Number of Divisible Triplet Sums,"Array, Hash Table",Medium
Activision Blizzard,Count Inversions,"Array, Divide and Conquer",Hard
Activision Blizzard,Reverse Pairs,"Array, Binary Indexed Tree",Hard
Activision Blizzard,Kadane's Algorithm,"Array, Dynamic Programming",Medium
Activision Blizzard,Pascal's Triangle III,"Array, Dynamic Programming",Medium
Activision Blizzard,Print the matrix in spiral manner,"Array, Matrix",Medium
Activision Blizzard,Rearrange array elements by sign,"Array, Simulation",Medium
Activision Blizzard,Two Sum,"Array, Hash Table",Easy
Activision Blizzard,Maximum Consecutive Ones,Array,Easy
Activision Blizzard,Union of two sorted arrays,"Array, Two Pointers",Easy
Activision Blizzard,Aggressive Cows,Binary Search,Hard
Activision Blizzard,Upper Bound,"Array, Binary Search",Easy
Activision Blizzard,Find square root of a number,"Array, Binary Search",Medium
Activision Blizzard,BST iterator,"Stack, Tree",Hard
Activision Blizzard,Kth Smallest and Largest element in BST,"Binary Search Tree, Binary Tree",Medium
Activision Blizzard,Construct a BT from Postorder and Inorder,"Array, Hash Table",Hard
Activision Blizzard,Serialize and De-serialize BT,"Binary Tree, Breadth-First Search",Hard
Activision Blizzard,Print all nodes at a distance of K in BT,"Hash Table, Tree",Hard
Activision Blizzard,Print root to leaf path in BT,"String, Backtracking",Medium
Activision Blizzard,Check if two trees are identical or not,"Tree, Depth-First Search",Medium
Activision Blizzard,Maximum path sum,"Binary Tree, Depth-First Search",Medium
Activision Blizzard,"Pre, Post, Inorder in one traversal","Stack, Tree",Easy
Activision Blizzard,Divide two numbers without multiplication and division,"Bit Manipulation, Math",Medium
Activision Blizzard,Maximum sum of non adjacent elements,"Array, Divide and Conquer",Medium
Activision Blizzard,Ninja's training,Dynamic Programming,Medium
Activision Blizzard,Best time to buy and sell stock,"Array, Dynamic Programming",Medium
Activision Blizzard,Longest common substring,"String, Dynamic Programming",Hard
Activision Blizzard,Longest palindromic subsequence,"Dynamic Programming, String",Hard
Activision Blizzard,Count subsets with sum K,Dynamic Programming,Hard
Activision Blizzard,Minimum coins,Dynamic Programming,Hard
Activision Blizzard,Target sum,"Array, Backtracking",Hard
Activision Blizzard,Matrix chain multiplication,"Array, Dynamic Programming",Hard
Activision Blizzard,Minimum cost to cut the stick,"Array, Dynamic Programming",Hard
Activision Blizzard,Delete head of Doubly Linked List,"Doubly-Linked List, Hash Table",Easy
Activision Blizzard,Delete Kth Element of Doubly Linked List,"Doubly-Linked List, Hash Table",Easy
Activision Blizzard,Deletion of the Kth element of Linked List,Linked List,Easy
Activision Blizzard,Insert node before head in Doubly Linked List,"Doubly-Linked List, Linked List",Easy
Activision Blizzard,Insert node before tail in Doubly Linked List,"Doubly-Linked List, Linked List",Easy
Activision Blizzard,Implement Stack using Arrays,"Array, Stack",Easy
Activision Blizzard,Implement Stack using Queue,"Design, Queue",Easy
Activision Blizzard,Topological sort or Kahn's algorithm,"Graph, Depth-First Search",Hard
Activision Blizzard,Course Schedule II,"Breadth-First Search, Depth-First Search",Medium
Activision Blizzard,Shortest path in DAG,"Graph, Topological Sort",Hard
Activision Blizzard,Shortest path in undirected graph with unit weights,"Graph, Breadth-First Search",Hard
Activision Blizzard,Making a large island,"Array, Breadth-First Search",Hard
Activision Blizzard,Find the MST weight,"Union Find, Graph",Hard
Activision Blizzard,Dijkstra's algorithm,"Graph, Heap (Priority Queue)",Hard
Activision Blizzard,Minimum multiplications to reach end,"Array, Graph",Hard
Activision Blizzard,Connected Components,"Depth-First Search, Breadth-First Search",Medium
Activision Blizzard,Rotten Oranges,"Array, Breadth-First Search",Medium
Activision Blizzard,Surrounded Regions,"Array, Breadth-First Search",Medium
Activision Blizzard,Lemonade Change,"Array, Greedy",Easy
Activision Blizzard,Valid Paranthesis Checker,"String, Stack",Hard
Activision Blizzard,Insert Interval,Array,Medium
Activision Blizzard,Convert Min Heap to Max Heap,"Array, Heap (Priority Queue)",Medium
Activision Blizzard,Heap Sort,"Array, Heap (Priority Queue)",Medium
Activision Blizzard,Implement PQ using Heaps,"Array, Heap (Priority Queue)",Medium
Activision Blizzard,Merge two Sorted Lists,"Linked List, Two Pointers",Hard
Activision Blizzard,Reverse LL in group of given size K,"Linked List, Recursion",Hard
Activision Blizzard,Rotate a LL,"Linked List, Two Pointers",Hard
Activision Blizzard,Add one to a number represented by LL,Linked List,Medium
Activision Blizzard,Check if LL is palindrome or not,"Linked List, Recursion",Medium
Activision Blizzard,Length of loop in LL,"Linked List, Two Pointers",Medium
Activision Blizzard,Remove Nth node from the back of the LL,"Linked List, Two Pointers",Medium
Activision Blizzard,Sort a Linked List of 0's 1's and 2's,"Linked List, Sorting",Medium
Activision Blizzard,Prime factorisation of a Number,Math,Hard
Activision Blizzard,Sudoku Solver,"Array, Backtracking",Hard
Activision Blizzard,Word Search,"Array, Backtracking",Hard
Activision Blizzard,Power Set,"Recursion, Backtracking",Medium
Activision Blizzard,Check if there exists a subsequence with sum K,"Array, Dynamic Programming",Easy
Activision Blizzard,Count number of Nice subarrays,"Array, Hash Table",Hard
Activision Blizzard,Number of Substrings Containing All Three Characters,"Hash Table, Sliding Window",Hard
Activision Blizzard,Quick Sorting,"Array, Sorting",Easy
Activision Blizzard,Celebrity Problem,"Graph, Greedy",Hard
Activision Blizzard,Implement Min Stack,"Design, Stack",Hard
Activision Blizzard,LRU Cache,"Design, Doubly-Linked List",Medium
Activision Blizzard,Maximum Rectangles,"Array, Dynamic Programming. Stack",Hard
Activision Blizzard,Sliding Window Maximum,"Array, Heap (Priority Queue)",Hard
Activision Blizzard,Trapping Rainwater,"Array, Dynamic Programming",Hard
Activision Blizzard,KMP Algorithm or LPS array,"String, Rolling Hash",Hard
Activision Blizzard,Reverse every word in a string,String,Medium
Activision Blizzard,Maximum XOR of two numbers in an array,"Array, Bit Manipulation",Hard
Activision Blizzard,Trie Implementation and Advanced Operations,"Trie, Implementation",Hard
Adobe,Bitwise OR of Adjacent Elements,"Array, Bit Manipulation",Easy
Adobe,Count Inversions,"Array, Divide and Conquer",Hard
Adobe,Find the repeating and missing number,"Array, Math",Hard
Adobe,Majority Element-I,"Array, Counting",Easy
Adobe,Majority Element-II,"Array, Counting",Hard
Adobe,Maximum Product Subarray in an Array,"Array, Dynamic Programming",Hard
Adobe,Merge two sorted arrays without extra space,"Linked List, Recursion",Medium
Adobe,Reverse Pairs,"Array, Binary Indexed Tree",Hard
Adobe,3 Sum,"Array, Sorting",Medium
Adobe,Kadane's Algorithm,"Array, Dynamic Programming",Medium
Adobe,Next Permutation,"Array, Two Pointers",Medium
Adobe,Sort an array of 0's 1's and 2's,"Array, Sorting",Medium
Adobe,Two Sum,"Array, Hash Table",Easy
Adobe,Find Peak Element - II,"Array, Binary Search",Medium
Adobe,Find row with maximum 1's,"Array, Matrix",Easy
Adobe,Matrix Median,"Matrix, Binary Search",Hard
Adobe,Search in 2D matrix - II,"Array, Binary Search",Hard
Adobe,Search in a 2D matrix,"Array, Binary Search",Hard
Adobe,Aggressive Cows,Binary Search,Hard
Adobe,Book Allocation Problem,Binary Search,Hard
Adobe,Find peak element,"Array, Binary Search",Medium
Adobe,Kth element of 2 sorted arrays,"Array, Divide and Conquer",Medium
Adobe,Median of 2 sorted arrays,"Array, Binary Search",Hard
Adobe,Split array - largest sum,"Array, Binary Search",Hard
Adobe,Find the smallest divisor,"Array, Binary Search",Medium
Adobe,Koko eating bananas,"Array, Binary Search",Medium
Adobe,Minimum days to make M bouquets,"Array, Binary Search",Medium
Adobe,BST iterator,"Stack, Tree",Hard
Adobe,Correct BST with two nodes swapped,"Tree, Depth-First Search",Hard
Adobe,Largest BST in Binary Tree,"Binary Search, Binary Search Tree",Hard
Adobe,Two sum in BST,"Binary Search Tree, Binary Tree",Hard
Adobe,Check if a tree is a BST or not,"Tree, Depth-First Search",Medium
Adobe,Construct a BST from a preorder traversal,"Array, Binary Search Tree",Medium
Adobe,Delete a node in BST,"Tree, Binary Search Tree",Medium
Adobe,Inorder successor and predecessor in BST,"Binary Search Tree, Tree",Medium
Adobe,Insert a given node in BST,"Tree, Binary Search Tree",Medium
Adobe,Kth Smallest and Largest element in BST,"Binary Search Tree, Binary Tree",Medium
Adobe,LCA in BST,"Binary Search Tree, Binary Tree",Medium
Adobe,Floor and Ceil in a BST,"Binary Search Tree, Data Structures",Easy
Adobe,Search in BST,"Tree, Depth-First Search",Easy
Adobe,Construct a BT from Postorder and Inorder,"Array, Hash Table",Hard
Adobe,Construct a BT from Preorder and Inorder,"Array, Binary Tree",Hard
Adobe,Requirements needed to construct a unique BT,"Traversal, Algorithms",Medium
Adobe,Serialize and De-serialize BT,"Binary Tree, Breadth-First Search",Hard
Adobe,Bottom view of BT,"Tree, Data Structures",Medium
Adobe,Boundary Traversal,"Tree, Data Structures",Medium
Adobe,Count total nodes in a complete BT,"Binary Search, Bit Manipulation",Easy
Adobe,LCA in BT,"Binary Tree, Depth-First Search",Hard
Adobe,Maximum Width of BT,"Binary Tree, Breadth-First Search",Medium
Adobe,Minimum time taken to burn the BT from a given Node,"Hash Table, Tree",Hard
Adobe,Print all nodes at a distance of K in BT,"Hash Table, Tree",Hard
Adobe,Print root to leaf path in BT,"String, Backtracking",Medium
Adobe,Right/Left View of BT,"Tree, Depth-First Search",Medium
Adobe,Top View of BT,"Binary Search Tree, Tree",Medium
Adobe,Vertical Order Traversal,"Binary Tree, Breadth-First Search",Medium
Adobe,Check for balanced binary tree,"Tree, Data Structures",Medium
Adobe,Check for symmetrical BTs,"Tree, Depth-First Search",Medium
Adobe,Check if two trees are identical or not,"Tree, Depth-First Search",Medium
Adobe,Diameter of Binary Tree,"Binary Tree, Depth-First Search",Easy
Adobe,Maximum Depth in BT,"Binary Tree, Breadth-First Search",Medium
Adobe,Maximum path sum,"Binary Tree, Depth-First Search",Medium
Adobe,Inorder Traversal,"Binary Tree, Depth-First Search",Easy
Adobe,Level Order Traversal,"Binary Tree, Breadth-First Search",Easy
Adobe,Postorder Traversal,"Binary Tree, Depth-First Search",Easy
Adobe,"Pre, Post, Inorder in one traversal","Stack, Tree",Easy
Adobe,Preorder Traversal,"Binary Tree, Depth-First Search",Easy
Adobe,Morris Preorder Traversal,"Stack, Tree",Hard
Adobe,Morris Inorder Traversal,"Stack, Tree",Hard
Adobe,Divide two numbers without multiplication and division,"Bit Manipulation, Math",Medium
Adobe,Minimum Bit Flips to Convert Number,Bit Manipulation,Medium
Adobe,Power Set Bit Manipulation,"Math, Bit Manipulation",Medium
Adobe,Single Number - II,"Array, Bit Manipulation",Medium
Adobe,Single Number - III,"Array, Bit Manipulation",Medium
Adobe,XOR of numbers in a given range,Brute,Medium
Adobe,Check if a Number is Power of 2 or Not,Math,Easy
Adobe,Choose Numbers From Two Arrays in Range,"Array, Dynamic Programming",Hard
Adobe,Count the Number of Set Bits,"Bit Manipulation, Math",Easy
Adobe,Climbing stairs,"Dynamic Programming, Math",Medium
Adobe,Frog Jump,"Array, Dynamic Programming",Medium
Adobe,Frog jump with K distances,Dynamic Programming,Medium
Adobe,House robber,"Array, Dynamic Programming",Medium
Adobe,Maximum sum of non adjacent elements,"Array, Divide and Conquer",Medium
Adobe,Ninja's training,Dynamic Programming,Medium
Adobe,Cherry pickup II,"Array, Dynamic Programming",Hard
Adobe,Grid unique paths,"Math, Dynamic Programming",Medium
Adobe,Minimum Falling Path Sum,"Array, Dynamic Programming",Medium
Adobe,Triangle,"Array, Dynamic Programming",Medium
Adobe,Unique paths II,"Array, Dynamic Programming",Medium
Adobe,Best time to buy and sell stock,"Array, Dynamic Programming",Medium
Adobe,Best time to buy and sell stock II,"Array, Dynamic Programming",Medium
Adobe,Best time to buy and sell stock III,"Array, Dynamic Programming",Medium
Adobe,Best time to buy and sell stock IV,"Array, Dynamic Programming",Medium
Adobe,Best time to buy and sell stock with transaction fees,"Array, Dynamic Programming",Medium
Adobe,Distinct subsequences,"Dynamic Programming, String",Hard
Adobe,Edit distance,"Dynamic Programming, String",Hard
Adobe,Longest common subsequence,"Dynamic Programming, String",Hard
Adobe,Longest common substring,"String, Dynamic Programming",Hard
Adobe,Longest palindromic subsequence,"Dynamic Programming, String",Hard
Adobe,Minimum insertions or deletions to convert string A to B,Dynamic Programming,Hard
Adobe,Minimum insertions to make string palindrome,"Dynamic Programming, String",Hard
Adobe,Shortest common supersequence,"Dynamic Programming, String",Hard
Adobe,Wildcard matching,"Dynamic Programming, Greedy",Hard
Adobe,0 and 1 Knapsack,Dynamic Programming,Hard
Adobe,Coin change II,"Array, Dynamic Programming",Hard
Adobe,Count partitions with given difference,"Array, Math",Hard
Adobe,Count subsets with sum K,Dynamic Programming,Hard
Adobe,Minimum coins,Dynamic Programming,Hard
Adobe,Partition a set into two subsets with minimum absolute sum difference,Dynamic Programming,Hard
Adobe,Partition equal subset sum,"Array, Dynamic Programming",Hard
Adobe,Rod cutting problem,"Array, Dynamic Programming",Hard
Adobe,Subset sum equals to target,"Array, Dynamic Programming",Hard
Adobe,Target sum,"Array, Backtracking",Hard
Adobe,Unbounded knapsack,Dynamic Programming,Hard
Adobe,Burst balloons,"Array, Dynamic Programming",Hard
Adobe,Matrix chain multiplication,"Array, Dynamic Programming",Hard
Adobe,Minimum cost to cut the stick,"Array, Dynamic Programming",Hard
Adobe,Palindrome partitioning II,"String, Dynamic Programming",Hard
Adobe,Implement Queue using Arrays,"Queue, Data Structures",Easy
Adobe,Implement queue using Linkedlist,"Queue, Linked List",Easy
Adobe,Implement Queue using Stack,"Design, Queue",Easy
Adobe,Implement Stack using Arrays,"Array, Stack",Easy
Adobe,Implement stack using Linkedlist,"Stack, Linked List",Easy
Adobe,Implement Stack using Queue,"Design, Queue",Easy
Adobe,Articulation point in graph,"Graph, Depth-First Search",Hard
Adobe,Bridges in graph,"Biconnected Component, Depth-First Search",Hard
Adobe,Kosaraju's algorithm,"Graph, Depth-First Search",Hard
Adobe,Bipartite graph,"Breadth-First Search, Depth-First Search",Hard
Adobe,Detect a cycle in a directed graph,"Graph, Depth-First Search",Hard
Adobe,Detect a cycle in an undirected graph,"Graph, Depth-First Search",Hard
Adobe,Topological sort or Kahn's algorithm,"Graph, Depth-First Search",Hard
Adobe,Alien Dictionary,"Array, Breadth-First Search",Hard
Adobe,Course Schedule I,"Breadth-First Search, Depth-First Search",Hard
Adobe,Course Schedule II,"Breadth-First Search, Depth-First Search",Medium
Adobe,Find eventual safe states,"Breadth-First Search, Depth-First Search",Hard
Adobe,Shortest path in DAG,"Graph, Topological Sort",Hard
Adobe,Shortest path in undirected graph with unit weights,"Graph, Breadth-First Search",Hard
Adobe,Word ladder I,"Breadth-First Search, Hash Table",Hard
Adobe,Word ladder II,"Backtracking, Breadth-First Search",Hard
Adobe,Accounts merge,"Array, Hash Table",Hard
Adobe,Making a large island,"Array, Breadth-First Search",Hard
Adobe,Most stones removed with same row or column,"Depth-First Search, Graph",Medium
Adobe,Number of operations to make network connected,"Depth-First Search, Breadth-First Search",Hard
Adobe,Disjoint Set,"Union Find, Algorithms",Hard
Adobe,Find the MST weight,"Union Find, Graph",Hard
Adobe,Bellman ford algorithm,"Dynamic Programming, Graph",Hard
Adobe,Cheapest flight within K stops,"Breadth-First Search, Depth-First Search",Hard
Adobe,Dijkstra's algorithm,"Graph, Heap (Priority Queue)",Hard
Adobe,Find the city with the smallest number of neighbors,"Dynamic Programming, Graph",Hard
Adobe,Floyd warshall algorithm,"Dynamic Programming, Graph",Hard
Adobe,Minimum multiplications to reach end,"Array, Graph",Hard
Adobe,Number of ways to arrive at destination,"Dynamic Programming, Graph",Hard
Adobe,Path with minimum effort,"Array, Binary Search",Hard
Adobe,Print Shortest Path,"Breadth-First Search, Graph",Hard
Adobe,Shortest Distance in a Binary Maze,"Array, Breadth-First Search",Hard
Adobe,Connected Components,"Depth-First Search, Breadth-First Search",Medium
Adobe,Traversal Techniques,"Depth-First Search, Breadth-First Search",Medium
Adobe,Distance of nearest cell having one,"Array, Breadth-First Search",Medium
Adobe,Flood fill algorithm,"Array, Breadth-First Search",Medium
Adobe,Number of enclaves,"Array, Breadth-First Search",Medium
Adobe,Number of islands,"Array, Breadth-First Search",Medium
Adobe,Number of provinces,"Breadth-First Search, Depth-First Search",Medium
Adobe,Rotten Oranges,"Array, Breadth-First Search",Medium
Adobe,Surrounded Regions,"Array, Breadth-First Search",Medium
Adobe,Assign Cookies,"Array, Greedy",Easy
Adobe,Jump Game - I,"Array, Dynamic Programming",Easy
Adobe,Lemonade Change,"Array, Greedy",Easy
Adobe,Candy,"Array, Greedy",Hard
Adobe,Valid Paranthesis Checker,"String, Stack",Hard
Adobe,Insert Interval,Array,Medium
Adobe,Job sequencing Problem,"Dynamic Programming, Greedy",Medium
Adobe,Minimum number of platforms required for a railway,"Greedy, Sorting",Medium
Adobe,N meetings in one room,"Greedy, Sorting",Medium
Adobe,Non-overlapping Intervals,"Greedy, Sorting",Medium
Adobe,Shortest Job First,"Greedy, Sorting",Medium
Adobe,Count subarrays with given xor K,"Array, Hash Table",Hard
Adobe,Longest subarray with sum K,- Medium,Medium
Adobe,Design Twitter,"Design, Hash Table",Medium
Adobe,Find Median from Data Stream,"Data Stream, Design",Hard
Adobe,Kth largest element in a stream of running integers,"Binary Search Tree, Binary Tree",Hard
Adobe,Maximum Sum Combination,"Array, Sorting",Hard
Adobe,Merge K sorted Lists,"Divide and Conquer, Heap (Priority Queue)",Hard
Adobe,Build heap from a given Array,"Array, Heap (Priority Queue)",Medium
Adobe,Check if an array represents a min heap,"Array, Heap (Priority Queue)",Medium
Adobe,Convert Min Heap to Max Heap,"Array, Heap (Priority Queue)",Medium
Adobe,Heapify Algorithm,"Array, Heap (Priority Queue)",Medium
Adobe,Heap Sort,"Array, Heap (Priority Queue)",Medium
Adobe,Implement Max Heap,"Array, Heap (Priority Queue)",Medium
Adobe,Implement Min Heap,"Array, Heap (Priority Queue)",Medium
Adobe,Implement PQ using Heaps,"Array, Heap (Priority Queue)",Medium
Adobe,K-th Largest element in an array,"Array, Divide and Conquer",Medium
Adobe,Delete all occurrences of a key in DLL,"Doubly-Linked List, Linked List",Hard
Adobe,Remove duplicates from sorted DLL,"Doubly-Linked List, Linked List",Hard
Adobe,Clone a LL with random and next pointer,Linked List,Hard
Adobe,Flattening of LL,"-, - Hard",Hard
Adobe,Merge two Sorted Lists,"Linked List, Two Pointers",Hard
Adobe,Reverse LL in group of given size K,"Linked List, Recursion",Hard
Adobe,Rotate a LL,"Linked List, Two Pointers",Hard
Adobe,Sort LL,"Divide and Conquer, Linked List",Hard
Adobe,Add one to a number represented by LL,Linked List,Medium
Adobe,Check if LL is palindrome or not,"Linked List, Recursion",Medium
Adobe,Delete the middle node in LL,"Linked List, Two Pointers",Medium
Adobe,Detect a loop in LL,"Hash Table, Linked List",Medium
Adobe,Find the intersection point of Y LL,"Linked List, Two Pointers",Medium
Adobe,Find the starting point in LL,"Linked List, Two Pointers",Medium
Adobe,Length of loop in LL,"Linked List, Two Pointers",Medium
Adobe,Add two numbers in Linked List,"Linked List, Math",Medium
Adobe,Remove Nth node from the back of the LL,"Linked List, Two Pointers",Medium
Adobe,Reverse a LL,Linked List,Medium
Adobe,Segregate odd and even nodes in Linked List,Linked List,Medium
Adobe,Sort a Linked List of 0's 1's and 2's,"Linked List, Sorting",Medium
Adobe,Count primes in range L to R,Math,Hard
Adobe,Prime factorisation of a Number,Math,Hard
Adobe,Print all primes till N,Math,Hard
Adobe,Meeting Rooms,"Array, Sorting",Easy
Adobe,Meeting Rooms II,"Array, Greedy",Medium
Adobe,Merge Operations to Turn Array Into a Palindrome,"Array, Greedy",Medium
Adobe,Minimizing Array After Replacing Pairs With Their Product,"Array, Dynamic Programming",Medium
Adobe,Combination Sum,"Array, Backtracking",Medium
Adobe,Combination Sum II,"Array, Backtracking",Medium
Adobe,Combination Sum III,"Array, Backtracking",Medium
Adobe,Subsets I,"Recursion, Backtracking",Medium
Adobe,Subsets II,"Array, Backtracking",Medium
Adobe,M Coloring Problem,"Recursion, Backtracking",Hard
Adobe,N Queen,"Recursion, Backtracking",Hard
Adobe,Palindrome partitioning,"Backtracking, Dynamic Programming",Hard
Adobe,Rat in a Maze,"Recursion, Backtracking",Hard
Adobe,Sudoku Solver,"Array, Backtracking",Hard
Adobe,Word Search,"Array, Backtracking",Hard
Adobe,Letter Combinations of a Phone Number,"Backtracking, Hash Table",Hard
Adobe,Maximum Points You Can Obtain from Cards,"Array, Prefix Sum",Medium
Adobe,Binary Subarrays With Sum,"Array, Hash Table",Hard
Adobe,Count number of Nice subarrays,"Array, Hash Table",Hard
Adobe,Number of Substrings Containing All Three Characters,"Hash Table, Sliding Window",Hard
Adobe,Fruit Into Baskets,"Array, Hash Table",Medium
Adobe,Longest Repeating Character Replacement,"Hash Table, Sliding Window",Hard
Adobe,Longest Substring Without Repeating Characters,"Hash Table, Sliding Window",Medium
Adobe,Max Consecutive Ones III,"Array, Binary Search",Medium
Adobe,Minimum Window Substring,"Hash Table, Sliding Window",Hard
Adobe,Celebrity Problem,"Graph, Greedy",Hard
Adobe,Implement Min Stack,"Design, Stack",Hard
Adobe,Largest rectangle in a histogram,"Array, Monotonic Stack",Hard
Adobe,LFU Cache,"Design, Doubly-Linked List",Hard
Adobe,LRU Cache,"Design, Doubly-Linked List",Medium
Adobe,Maximum Rectangles,"Array, Dynamic Programming. Stack",Hard
Adobe,Sliding Window Maximum,"Array, Heap (Priority Queue)",Hard
Adobe,Stock span problem,"Array, Stack",Hard
Adobe,Trapping Rainwater,"Array, Dynamic Programming",Hard
Adobe,Balanced Paranthesis,"String, Greedy",Easy
Adobe,Asteroid Collision,"Array, Simulation",Medium
Adobe,Next Greater Element,"Array, Hash Table",Medium
Adobe,Next Greater Element - 2,"Array, Monotonic Stack",Medium
Adobe,Remove K Digits,"Greedy, Monotonic Stack",Medium
Adobe,Sum of Subarray Minimums,"Array, Dynamic Programming",Medium
Adobe,Sum of Subarray Ranges,"Array, Monotonic Stack",Medium
Adobe,KMP Algorithm or LPS array,"String, Rolling Hash",Hard
Adobe,Longest happy prefix,"Hash Function, Rolling Hash",Hard
Adobe,Rabin Karp Algorithm,"String, String Matching",Hard
Adobe,Shortest Palindrome,"Hash Function, Rolling Hash",Hard
Adobe,Z function,Math,Hard
Adobe,Count and say,String,Hard
Adobe,Minimum number of bracket reversals to make an expression balanced,"String, Stack",Hard
Adobe,Reverse every word in a string,String,Medium
Adobe,Maximum XOR of two numbers in an array,"Array, Bit Manipulation",Hard
Adobe,Maximum Xor with an element from an array,"Array, Bit Manipulation",Hard
Adobe,Number of distinct substrings in a string,"Hash Function, Rolling Hash",Medium
Adobe,Trie Implementation and Advanced Operations,"Trie, Implementation",Hard
Adobe,Trie Implementation and Operations,"Trie, Implementation",Hard
Affirm,Design Hit Counter,"Array, Binary Search",Medium
Airbnb,3 Sum,"Array, Sorting",Medium
Airbnb,Intersection of two sorted arrays,"Array, Sorting",Easy
Airbnb,Union of two sorted arrays,"Array, Two Pointers",Easy
Airbnb,Search in a 2D matrix,"Array, Binary Search",Hard
Airbnb,Aggressive Cows,Binary Search,Hard
Airbnb,Book Allocation Problem,Binary Search,Hard
Airbnb,Find peak element,"Array, Binary Search",Medium
Airbnb,Split array - largest sum,"Array, Binary Search",Hard
Airbnb,Upper Bound,"Array, Binary Search",Easy
Airbnb,Find minimum in Rotated Sorted Array,"Array, Binary Search",Easy
Airbnb,Find out how many times the array is rotated,"Array, Binary Search",Easy
Airbnb,Search insert position,"Array, Binary Search",Easy
Airbnb,Find square root of a number,"Array, Binary Search",Medium
Airbnb,BST iterator,"Stack, Tree",Hard
Airbnb,Two sum in BST,"Binary Search Tree, Binary Tree",Hard
Airbnb,Construct a BST from a preorder traversal,"Array, Binary Search Tree",Medium
Airbnb,Boundary Traversal,"Tree, Data Structures",Medium
Airbnb,Maximum Width of BT,"Binary Tree, Breadth-First Search",Medium
Airbnb,Minimum time taken to burn the BT from a given Node,"Hash Table, Tree",Hard
Airbnb,Check for balanced binary tree,"Tree, Data Structures",Medium
Airbnb,Diameter of Binary Tree,"Binary Tree, Depth-First Search",Easy
Airbnb,Inorder Traversal,"Binary Tree, Depth-First Search",Easy
Airbnb,Minimum Bit Flips to Convert Number,Bit Manipulation,Medium
Airbnb,Power Set Bit Manipulation,"Math, Bit Manipulation",Medium
Airbnb,Single Number - II,"Array, Bit Manipulation",Medium
Airbnb,Single Number - III,"Array, Bit Manipulation",Medium
Airbnb,Design Tic-Tac-Toe,"Array, Design",Medium
Airbnb,Cherry pickup II,"Array, Dynamic Programming",Hard
Airbnb,Grid unique paths,"Math, Dynamic Programming",Medium
Airbnb,Minimum Falling Path Sum,"Array, Dynamic Programming",Medium
Airbnb,Unique paths II,"Array, Dynamic Programming",Medium
Airbnb,Best time to buy and sell stock III,"Array, Dynamic Programming",Medium
Airbnb,Longest common substring,"String, Dynamic Programming",Hard
Airbnb,Shortest common supersequence,"Dynamic Programming, String",Hard
Airbnb,Coin change II,"Array, Dynamic Programming",Hard
Airbnb,Subset sum equals to target,"Array, Dynamic Programming",Hard
Airbnb,Minimum cost to cut the stick,"Array, Dynamic Programming",Hard
Airbnb,Delete Kth Element of Doubly Linked List,"Doubly-Linked List, Hash Table",Easy
Airbnb,Delete Tail of Doubly Linked List,"Doubly-Linked List, Hash Table",Easy
Airbnb,Deletion of the tail of Linked List,"Linked List, Hash Table",Easy
Airbnb,Insert before given node in Doubly Linked List,"Doubly-Linked List, Linked List",Easy
Airbnb,Insert node before tail in Doubly Linked List,"Doubly-Linked List, Linked List",Easy
Airbnb,Removing given node in Doubly Linked List,"Doubly-Linked List, Linked List",Easy
Airbnb,Implement queue using Linkedlist,"Queue, Linked List",Easy
Airbnb,Implement Queue using Stack,"Design, Queue",Easy
Airbnb,Implement Stack using Arrays,"Array, Stack",Easy
Airbnb,Implement stack using Linkedlist,"Stack, Linked List",Easy
Airbnb,Flatten 2D Vector,"Array, Design",Medium
Airbnb,Kosaraju's algorithm,"Graph, Depth-First Search",Hard
Airbnb,Course Schedule II,"Breadth-First Search, Depth-First Search",Medium
Airbnb,Shortest path in undirected graph with unit weights,"Graph, Breadth-First Search",Hard
Airbnb,Word ladder II,"Backtracking, Breadth-First Search",Hard
Airbnb,Accounts merge,"Array, Hash Table",Hard
Airbnb,Find the MST weight,"Union Find, Graph",Hard
Airbnb,Find the city with the smallest number of neighbors,"Dynamic Programming, Graph",Hard
Airbnb,Floyd warshall algorithm,"Dynamic Programming, Graph",Hard
Airbnb,Path with minimum effort,"Array, Binary Search",Hard
Airbnb,Flood fill algorithm,"Array, Breadth-First Search",Medium
Airbnb,Number of provinces,"Breadth-First Search, Depth-First Search",Medium
Airbnb,Surrounded Regions,"Array, Breadth-First Search",Medium
Airbnb,Lemonade Change,"Array, Greedy",Easy
Airbnb,Insert Interval,Array,Medium
Airbnb,Job sequencing Problem,"Dynamic Programming, Greedy",Medium
Airbnb,Minimum number of platforms required for a railway,"Greedy, Sorting",Medium
Airbnb,N meetings in one room,"Greedy, Sorting",Medium
Airbnb,Longest subarray with sum K,- Medium,Medium
Airbnb,Design Twitter,"Design, Hash Table",Medium
Airbnb,Implement Max Heap,"Array, Heap (Priority Queue)",Medium
Airbnb,IP to CIDR,"Bit Manipulation, String",Medium
Airbnb,Clone a LL with random and next pointer,Linked List,Hard
Airbnb,Flattening of LL,"-, - Hard",Hard
Airbnb,Reverse LL in group of given size K,"Linked List, Recursion",Hard
Airbnb,Add one to a number represented by LL,Linked List,Medium
Airbnb,Detect a loop in LL,"Hash Table, Linked List",Medium
Airbnb,Find the intersection point of Y LL,"Linked List, Two Pointers",Medium
Airbnb,Find the starting point in LL,"Linked List, Two Pointers",Medium
Airbnb,Remove Nth node from the back of the LL,"Linked List, Two Pointers",Medium
Airbnb,Reverse a LL,Linked List,Medium
Airbnb,Minimize Rounding Error to Meet Target,"Array, Greedy",Medium
Airbnb,Number of Ways to Build House of Cards,"Dynamic Programming, Math",Medium
Airbnb,Pour Water,"Array, Simulation",Medium
Airbnb,Combination Sum III,"Array, Backtracking",Medium
Airbnb,Palindrome partitioning,"Backtracking, Dynamic Programming",Hard
Airbnb,Sudoku Solver,"Array, Backtracking",Hard
Airbnb,Count all subsequences with sum K,Recursion,Easy
Airbnb,Smallest Common Region,"Array, Breadth-First Search",Medium
Airbnb,Merge Sorting,"Array, Sorting",Medium
Airbnb,Celebrity Problem,"Graph, Greedy",Hard
Airbnb,LFU Cache,"Design, Doubly-Linked List",Hard
Airbnb,LRU Cache,"Design, Doubly-Linked List",Medium
Airbnb,Maximum Rectangles,"Array, Dynamic Programming. Stack",Hard
Airbnb,Asteroid Collision,"Array, Simulation",Medium
Airbnb,Next Greater Element,"Array, Hash Table",Medium
Airbnb,Remove K Digits,"Greedy, Monotonic Stack",Medium
Airbnb,Sum of Subarray Ranges,"Array, Monotonic Stack",Medium
Airbnb,Strings Differ by One Character,"Hash Function, Hash Table",Medium
Airbnb,KMP Algorithm or LPS array,"String, Rolling Hash",Hard
Airbnb,Shortest Palindrome,"Hash Function, Rolling Hash",Hard
Airbnb,Maximum XOR of two numbers in an array,"Array, Bit Manipulation",Hard
Akuna Capital,Distance to a Cycle in Undirected Graph,"Breadth-First Search, Depth-First Search",Hard
Alibaba,Count Inversions,"Array, Divide and Conquer",Hard
Alibaba,Find the repeating and missing number,"Array, Math",Hard
Alibaba,Reverse Pairs,"Array, Binary Indexed Tree",Hard
Alibaba,Pascal's Triangle III,"Array, Dynamic Programming",Medium
Alibaba,Print the matrix in spiral manner,"Array, Matrix",Medium
Alibaba,Two Sum,"Array, Hash Table",Easy
Alibaba,Find row with maximum 1's,"Array, Matrix",Easy
Alibaba,Book Allocation Problem,Binary Search,Hard
Alibaba,Find peak element,"Array, Binary Search",Medium
Alibaba,Kth element of 2 sorted arrays,"Array, Divide and Conquer",Medium
Alibaba,Median of 2 sorted arrays,"Array, Binary Search",Hard
Alibaba,Split array - largest sum,"Array, Binary Search",Hard
Alibaba,Search insert position,"Array, Binary Search",Easy
Alibaba,Single element in sorted array,"Array, Binary Search",Medium
Alibaba,BST iterator,"Stack, Tree",Hard
Alibaba,Correct BST with two nodes swapped,"Tree, Depth-First Search",Hard
Alibaba,Construct a BST from a preorder traversal,"Array, Binary Search Tree",Medium
Alibaba,Inorder successor and predecessor in BST,"Binary Search Tree, Tree",Medium
Alibaba,Kth Smallest and Largest element in BST,"Binary Search Tree, Binary Tree",Medium
Alibaba,Floor and Ceil in a BST,"Binary Search Tree, Data Structures",Easy
Alibaba,Search in BST,"Tree, Depth-First Search",Easy
Alibaba,Requirements needed to construct a unique BT,"Traversal, Algorithms",Medium
Alibaba,Serialize and De-serialize BT,"Binary Tree, Breadth-First Search",Hard
Alibaba,Bottom view of BT,"Tree, Data Structures",Medium
Alibaba,Right/Left View of BT,"Tree, Depth-First Search",Medium
Alibaba,Vertical Order Traversal,"Binary Tree, Breadth-First Search",Medium
Alibaba,Check for symmetrical BTs,"Tree, Depth-First Search",Medium
Alibaba,Diameter of Binary Tree,"Binary Tree, Depth-First Search",Easy
Alibaba,Maximum path sum,"Binary Tree, Depth-First Search",Medium
Alibaba,Climbing stairs,"Dynamic Programming, Math",Medium
Alibaba,Frog Jump,"Array, Dynamic Programming",Medium
Alibaba,Frog jump with K distances,Dynamic Programming,Medium
Alibaba,House robber,"Array, Dynamic Programming",Medium
Alibaba,Maximum sum of non adjacent elements,"Array, Divide and Conquer",Medium
Alibaba,Cherry pickup II,"Array, Dynamic Programming",Hard
Alibaba,Unique paths II,"Array, Dynamic Programming",Medium
Alibaba,Best time to buy and sell stock,"Array, Dynamic Programming",Medium
Alibaba,Best time to buy and sell stock with transaction fees,"Array, Dynamic Programming",Medium
Alibaba,Longest common substring,"String, Dynamic Programming",Hard
Alibaba,Count subsets with sum K,Dynamic Programming,Hard
Alibaba,Minimum coins,Dynamic Programming,Hard
Alibaba,Insert node before tail in Doubly Linked List,"Doubly-Linked List, Linked List",Easy
Alibaba,Implement Queue using Stack,"Design, Queue",Easy
Alibaba,Implement Stack using Arrays,"Array, Stack",Easy
Alibaba,Implement Stack using Queue,"Design, Queue",Easy
Alibaba,Bipartite graph,"Breadth-First Search, Depth-First Search",Hard
Alibaba,Disjoint Set,"Union Find, Algorithms",Hard
Alibaba,Find the MST weight,"Union Find, Graph",Hard
Alibaba,Find the city with the smallest number of neighbors,"Dynamic Programming, Graph",Hard
Alibaba,Number of ways to arrive at destination,"Dynamic Programming, Graph",Hard
Alibaba,Shortest Distance in a Binary Maze,"Array, Breadth-First Search",Hard
Alibaba,Traversal Techniques,"Depth-First Search, Breadth-First Search",Medium
Alibaba,Distance of nearest cell having one,"Array, Breadth-First Search",Medium
Alibaba,Flood fill algorithm,"Array, Breadth-First Search",Medium
Alibaba,Number of provinces,"Breadth-First Search, Depth-First Search",Medium
Alibaba,Rotten Oranges,"Array, Breadth-First Search",Medium
Alibaba,Lemonade Change,"Array, Greedy",Easy
Alibaba,Insert Interval,Array,Medium
Alibaba,Job sequencing Problem,"Dynamic Programming, Greedy",Medium
Alibaba,Minimum number of platforms required for a railway,"Greedy, Sorting",Medium
Alibaba,Kth largest element in a stream of running integers,"Binary Search Tree, Binary Tree",Hard
Alibaba,Check if an array represents a min heap,"Array, Heap (Priority Queue)",Medium
Alibaba,Heap Sort,"Array, Heap (Priority Queue)",Medium
Alibaba,Flattening of LL,"-, - Hard",Hard
Alibaba,Merge two Sorted Lists,"Linked List, Two Pointers",Hard
Alibaba,Sort LL,"Divide and Conquer, Linked List",Hard
Alibaba,Add one to a number represented by LL,Linked List,Medium
Alibaba,Check if LL is palindrome or not,"Linked List, Recursion",Medium
Alibaba,Delete the middle node in LL,"Linked List, Two Pointers",Medium
Alibaba,Find the intersection point of Y LL,"Linked List, Two Pointers",Medium
Alibaba,Traversal in Linked List,Linked List,Easy
Alibaba,Add two numbers in Linked List,"Linked List, Math",Medium
Alibaba,Sort a Linked List of 0's 1's and 2's,"Linked List, Sorting",Medium
Alibaba,Prime factorisation of a Number,Math,Hard
Alibaba,Print all primes till N,Math,Hard
Alibaba,Path Sum IV,"Array, Binary Tree",Medium
Alibaba,Combination Sum III,"Array, Backtracking",Medium
Alibaba,Sudoku Solver,"Array, Backtracking",Hard
Alibaba,Maximum Points You Can Obtain from Cards,"Array, Prefix Sum",Medium
Alibaba,Fruit Into Baskets,"Array, Hash Table",Medium
Alibaba,Insertion Sorting,"Array, Sorting",Easy
Alibaba,Merge Sorting,"Array, Sorting",Medium
Alibaba,Split Array with Equal Sum,"Array, Backtracking",Hard
Alibaba,Split Concatenated Strings,"Array, Greedy",Medium
Alibaba,Remove K Digits,"Greedy, Monotonic Stack",Medium
Alibaba,Sum of Subarray Minimums,"Array, Dynamic Programming",Medium
Alibaba,Sum of Subarray Ranges,"Array, Monotonic Stack",Medium
Alibaba,Minimum number of bracket reversals to make an expression balanced,"String, Stack",Hard
Alibaba,Maximum Xor with an element from an array,"Array, Bit Manipulation",Hard
Alibaba,Trie Implementation and Advanced Operations,"Trie, Implementation",Hard
Alibaba,Trie Implementation and Operations,"Trie, Implementation",Hard
Amazon,3Sum Smaller,"Array, Binary Search",Medium
Amazon,Add Two Polynomials Represented as Linked Lists,"Linked List, Math",Easy
Amazon,Analyze User Website Visit Pattern,"Array, Hash Table",Medium
Amazon,Armstrong Number,Math,Easy
Amazon,Count Inversions,"Array, Divide and Conquer",Hard
Amazon,Find the repeating and missing number,"Array, Math",Hard
Amazon,Majority Element-I,"Array, Counting",Easy
Amazon,Majority Element-II,"Array, Counting",Hard
Amazon,Maximum Product Subarray in an Array,"Array, Dynamic Programming",Hard
Amazon,Merge two sorted arrays without extra space,"Linked List, Recursion",Medium
Amazon,Reverse Pairs,"Array, Binary Indexed Tree",Hard
Amazon,3 Sum,"Array, Sorting",Medium
Amazon,Kadane's Algorithm,"Array, Dynamic Programming",Medium
Amazon,Leaders in an Array,Array,Medium
Amazon,Next Permutation,"Array, Two Pointers",Medium
Amazon,Rearrange array elements by sign,"Array, Simulation",Medium
Amazon,Sort an array of 0's 1's and 2's,"Array, Sorting",Medium
Amazon,Two Sum,"Array, Hash Table",Easy
Amazon,Maximum Consecutive Ones,Array,Easy
Amazon,Move Zeros to End,"Array, Two Pointers",Easy
Amazon,Basic Calculator III,"Math, Recursion",Hard
Amazon,Best Meeting Point,"Array, Math",Hard
Amazon,Binary Tree Vertical Order Traversal,"Binary Tree, Breadth-First Search",Medium
Amazon,Find Peak Element - II,"Array, Binary Search",Medium
Amazon,Find row with maximum 1's,"Array, Matrix",Easy
Amazon,Matrix Median,"Matrix, Binary Search",Hard
Amazon,Search in 2D matrix - II,"Array, Binary Search",Hard
Amazon,Search in a 2D matrix,"Array, Binary Search",Hard
Amazon,Aggressive Cows,Binary Search,Hard
Amazon,Book Allocation Problem,Binary Search,Hard
Amazon,Find peak element,"Array, Binary Search",Medium
Amazon,Kth element of 2 sorted arrays,"Array, Divide and Conquer",Medium
Amazon,Median of 2 sorted arrays,"Array, Binary Search",Hard
Amazon,Split array - largest sum,"Array, Binary Search",Hard
Amazon,Find the smallest divisor,"Array, Binary Search",Medium
Amazon,Koko eating bananas,"Array, Binary Search",Medium
Amazon,Minimum days to make M bouquets,"Array, Binary Search",Medium
Amazon,BST iterator,"Stack, Tree",Hard
Amazon,Correct BST with two nodes swapped,"Tree, Depth-First Search",Hard
Amazon,Largest BST in Binary Tree,"Binary Search, Binary Search Tree",Hard
Amazon,Two sum in BST,"Binary Search Tree, Binary Tree",Hard
Amazon,Check if a tree is a BST or not,"Tree, Depth-First Search",Medium
Amazon,Construct a BST from a preorder traversal,"Array, Binary Search Tree",Medium
Amazon,Delete a node in BST,"Tree, Binary Search Tree",Medium
Amazon,Inorder successor and predecessor in BST,"Binary Search Tree, Tree",Medium
Amazon,Insert a given node in BST,"Tree, Binary Search Tree",Medium
Amazon,Kth Smallest and Largest element in BST,"Binary Search Tree, Binary Tree",Medium
Amazon,LCA in BST,"Binary Search Tree, Binary Tree",Medium
Amazon,Floor and Ceil in a BST,"Binary Search Tree, Data Structures",Easy
Amazon,Search in BST,"Tree, Depth-First Search",Easy
Amazon,Construct a BT from Postorder and Inorder,"Array, Hash Table",Hard
Amazon,Construct a BT from Preorder and Inorder,"Array, Binary Tree",Hard
Amazon,Requirements needed to construct a unique BT,"Traversal, Algorithms",Medium
Amazon,Serialize and De-serialize BT,"Binary Tree, Breadth-First Search",Hard
Amazon,Bottom view of BT,"Tree, Data Structures",Medium
Amazon,Boundary Traversal,"Tree, Data Structures",Medium
Amazon,Count total nodes in a complete BT,"Binary Search, Bit Manipulation",Easy
Amazon,LCA in BT,"Binary Tree, Depth-First Search",Hard
Amazon,Maximum Width of BT,"Binary Tree, Breadth-First Search",Medium
Amazon,Minimum time taken to burn the BT from a given Node,"Hash Table, Tree",Hard
Amazon,Print all nodes at a distance of K in BT,"Hash Table, Tree",Hard
Amazon,Print root to leaf path in BT,"String, Backtracking",Medium
Amazon,Right/Left View of BT,"Tree, Depth-First Search",Medium
Amazon,Top View of BT,"Binary Search Tree, Tree",Medium
Amazon,Vertical Order Traversal,"Binary Tree, Breadth-First Search",Medium
Amazon,Check for balanced binary tree,"Tree, Data Structures",Medium
Amazon,Check for symmetrical BTs,"Tree, Depth-First Search",Medium
Amazon,Check if two trees are identical or not,"Tree, Depth-First Search",Medium
Amazon,Diameter of Binary Tree,"Binary Tree, Depth-First Search",Easy
Amazon,Maximum Depth in BT,"Binary Tree, Breadth-First Search",Medium
Amazon,Maximum path sum,"Binary Tree, Depth-First Search",Medium
Amazon,Inorder Traversal,"Binary Tree, Depth-First Search",Easy
Amazon,Level Order Traversal,"Binary Tree, Breadth-First Search",Easy
Amazon,Postorder Traversal,"Binary Tree, Depth-First Search",Easy
Amazon,"Pre, Post, Inorder in one traversal","Stack, Tree",Easy
Amazon,Preorder Traversal,"Binary Tree, Depth-First Search",Easy
Amazon,Morris Preorder Traversal,"Stack, Tree",Hard
Amazon,Morris Inorder Traversal,"Stack, Tree",Hard
Amazon,Divide two numbers without multiplication and division,"Bit Manipulation, Math",Medium
Amazon,Minimum Bit Flips to Convert Number,Bit Manipulation,Medium
Amazon,Power Set Bit Manipulation,"Math, Bit Manipulation",Medium
Amazon,Single Number - II,"Array, Bit Manipulation",Medium
Amazon,Single Number - III,"Array, Bit Manipulation",Medium
Amazon,XOR of numbers in a given range,Brute,Medium
Amazon,Boundary of Binary Tree,"Binary Tree, Breadth-First Search",Medium
Amazon,Brightest Position on Street,"Array, Ordered Set",Medium
Amazon,Buildings With an Ocean View,"Array, Monotonic Stack",Medium
Amazon,Check if a Number is Power of 2 or Not,Math,Easy
Amazon,Check for Contradictions in Equations,"Array, Depth-First Search",Hard
Amazon,Clone Binary Tree with Random Pointer,"Binary Tree, Breadth-First Search",Hard
Amazon,Clone N-ary Tree,"Breadth-First Search, Depth-First Search",Hard
Amazon,Closest Binary Search Tree Value,"Binary Search, Binary Search Tree",Easy
Amazon,Closest Leaf in a Binary Tree,"Binary Tree, Breadth-First Search",Medium
Amazon,Connecting Cities With Minimum Cost,"Graph, Heap (Priority Queue)",Medium
Amazon,Construct Binary Tree from String,"Binary Tree, Depth-First Search",Medium
Amazon,Convert Binary Search Tree to Sorted Doubly Linked List,"Binary Search Tree, Binary Tree",Hard
Amazon,Count Houses in a Circular Street II,"Data Stream, Design",Hard
Amazon,Count Numbers with Unique Digits II,"Dynamic Programming, Hash Table",Easy
Amazon,Count the Number of K Big Indices,"Array, Binary Indexed Tree",Medium
Amazon,Count the Number of K-free subsets,"Array, Combinatorics",Hard
Amazon,Count the Number of Set Bits,"Bit Manipulation, Math",Easy
Amazon,Count Triplets with Even XOR Set Bits I,"Array, Bit Manipulation",Medium
Amazon,Count Triplets with Even XOR Set Bits II,"Array, Bit Manipulation",Medium
Amazon,Curry,Javascript,Medium
Amazon,Design a Leaderboard,"Design, Hash Table",Medium
Amazon,Design Hit Counter,"Array, Binary Search",Medium
Amazon,Design Tic-Tac-Toe,"Array, Design",Medium
Amazon,Design An Expression Tree With Evaluate Function,"Array, Binary Tree",Easy
Amazon,Diet Plan Performance,"Array, Sliding Window",Easy
Amazon,Digit Count in Range,"Dynamic Programming, Math",Hard
Amazon,Distinct Numbers in Each Subarray,"Array, Hash Table",Medium
Amazon,Distribute Candies Among Children III,"Combinatorics, Math",Hard
Amazon,Dot Product of Two Sparse Vectors,"Array, Design",Medium
Amazon,Climbing stairs,"Dynamic Programming, Math",Medium
Amazon,Frog Jump,"Array, Dynamic Programming",Medium
Amazon,Frog jump with K distances,Dynamic Programming,Medium
Amazon,House robber,"Array, Dynamic Programming",Medium
Amazon,Maximum sum of non adjacent elements,"Array, Divide and Conquer",Medium
Amazon,Ninja's training,Dynamic Programming,Medium
Amazon,Cherry pickup II,"Array, Dynamic Programming",Hard
Amazon,Grid unique paths,"Math, Dynamic Programming",Medium
Amazon,Minimum Falling Path Sum,"Array, Dynamic Programming",Medium
Amazon,Triangle,"Array, Dynamic Programming",Medium
Amazon,Unique paths II,"Array, Dynamic Programming",Medium
Amazon,Best time to buy and sell stock,"Array, Dynamic Programming",Medium
Amazon,Best time to buy and sell stock II,"Array, Dynamic Programming",Medium
Amazon,Best time to buy and sell stock III,"Array, Dynamic Programming",Medium
Amazon,Best time to buy and sell stock IV,"Array, Dynamic Programming",Medium
Amazon,Best time to buy and sell stock with transaction fees,"Array, Dynamic Programming",Medium
Amazon,Distinct subsequences,"Dynamic Programming, String",Hard
Amazon,Edit distance,"Dynamic Programming, String",Hard
Amazon,Longest common subsequence,"Dynamic Programming, String",Hard
Amazon,Longest common substring,"String, Dynamic Programming",Hard
Amazon,Longest palindromic subsequence,"Dynamic Programming, String",Hard
Amazon,Minimum insertions or deletions to convert string A to B,Dynamic Programming,Hard
Amazon,Minimum insertions to make string palindrome,"Dynamic Programming, String",Hard
Amazon,Shortest common supersequence,"Dynamic Programming, String",Hard
Amazon,Wildcard matching,"Dynamic Programming, Greedy",Hard
Amazon,0 and 1 Knapsack,Dynamic Programming,Hard
Amazon,Coin change II,"Array, Dynamic Programming",Hard
Amazon,Count partitions with given difference,"Array, Math",Hard
Amazon,Count subsets with sum K,Dynamic Programming,Hard
Amazon,Minimum coins,Dynamic Programming,Hard
Amazon,Partition a set into two subsets with minimum absolute sum difference,Dynamic Programming,Hard
Amazon,Partition equal subset sum,"Array, Dynamic Programming",Hard
Amazon,Rod cutting problem,"Array, Dynamic Programming",Hard
Amazon,Subset sum equals to target,"Array, Dynamic Programming",Hard
Amazon,Target sum,"Array, Backtracking",Hard
Amazon,Unbounded knapsack,Dynamic Programming,Hard
Amazon,Burst balloons,"Array, Dynamic Programming",Hard
Amazon,Matrix chain multiplication,"Array, Dynamic Programming",Hard
Amazon,Minimum cost to cut the stick,"Array, Dynamic Programming",Hard
Amazon,Palindrome partitioning II,"String, Dynamic Programming",Hard
Amazon,Equal Tree Partition,"Array, Depth-First Search",Medium
Amazon,Implement Queue using Arrays,"Queue, Data Structures",Easy
Amazon,Implement queue using Linkedlist,"Queue, Linked List",Easy
Amazon,Implement Queue using Stack,"Design, Queue",Easy
Amazon,Implement Stack using Arrays,"Array, Stack",Easy
Amazon,Implement stack using Linkedlist,"Stack, Linked List",Easy
Amazon,Implement Stack using Queue,"Design, Queue",Easy
Amazon,Find Leaves of Binary Tree,"Binary Tree, Depth-First Search",Medium
Amazon,Find Longest Self-Contained Substring,"Binary Search, Hash Table",Hard
Amazon,Find Minimum Time to Finish All Jobs II,"Array, Backtracking",Medium
Amazon,Find the Celebrity,"Graph, Interactive",Medium
Amazon,Find the Kth Lucky Number,"Bit Manipulation, Math",Easy
Amazon,Find Distance In a Binary Tree,"Binary Tree, Breadth-First Search",Medium
Amazon,Find K-Length Substrings With No Repeated Characters,"Hash Table, Sliding Window",Medium
Amazon,Find the Index of the Large Integer,"Array, Binary Search",Medium
Amazon,Finding the Number of Visible Mountains,"Array, Monotonic Stack",Medium
Amazon,First Unique Number,"Array, Data Stream",Medium
Amazon,Flatten 2D Vector,"Array, Design",Medium
Amazon,Graph Valid Tree,"Breadth-First Search, Depth-First Search",Medium
Amazon,Articulation point in graph,"Graph, Depth-First Search",Hard
Amazon,Bridges in graph,"Biconnected Component, Depth-First Search",Hard
Amazon,Kosaraju's algorithm,"Graph, Depth-First Search",Hard
Amazon,Bipartite graph,"Breadth-First Search, Depth-First Search",Hard
Amazon,Detect a cycle in a directed graph,"Graph, Depth-First Search",Hard
Amazon,Detect a cycle in an undirected graph,"Graph, Depth-First Search",Hard
Amazon,Topological sort or Kahn's algorithm,"Graph, Depth-First Search",Hard
Amazon,Alien Dictionary,"Array, Breadth-First Search",Hard
Amazon,Course Schedule I,"Breadth-First Search, Depth-First Search",Hard
Amazon,Course Schedule II,"Breadth-First Search, Depth-First Search",Medium
Amazon,Find eventual safe states,"Breadth-First Search, Depth-First Search",Hard
Amazon,Shortest path in DAG,"Graph, Topological Sort",Hard
Amazon,Shortest path in undirected graph with unit weights,"Graph, Breadth-First Search",Hard
Amazon,Word ladder I,"Breadth-First Search, Hash Table",Hard
Amazon,Word ladder II,"Backtracking, Breadth-First Search",Hard
Amazon,Accounts merge,"Array, Hash Table",Hard
Amazon,Making a large island,"Array, Breadth-First Search",Hard
Amazon,Most stones removed with same row or column,"Depth-First Search, Graph",Medium
Amazon,Number of operations to make network connected,"Depth-First Search, Breadth-First Search",Hard
Amazon,Disjoint Set,"Union Find, Algorithms",Hard
Amazon,Find the MST weight,"Union Find, Graph",Hard
Amazon,Bellman ford algorithm,"Dynamic Programming, Graph",Hard
Amazon,Cheapest flight within K stops,"Breadth-First Search, Depth-First Search",Hard
Amazon,Dijkstra's algorithm,"Graph, Heap (Priority Queue)",Hard
Amazon,Find the city with the smallest number of neighbors,"Dynamic Programming, Graph",Hard
Amazon,Floyd warshall algorithm,"Dynamic Programming, Graph",Hard
Amazon,Minimum multiplications to reach end,"Array, Graph",Hard
Amazon,Number of ways to arrive at destination,"Dynamic Programming, Graph",Hard
Amazon,Path with minimum effort,"Array, Binary Search",Hard
Amazon,Print Shortest Path,"Breadth-First Search, Graph",Hard
Amazon,Shortest Distance in a Binary Maze,"Array, Breadth-First Search",Hard
Amazon,Connected Components,"Depth-First Search, Breadth-First Search",Medium
Amazon,Traversal Techniques,"Depth-First Search, Breadth-First Search",Medium
Amazon,Distance of nearest cell having one,"Array, Breadth-First Search",Medium
Amazon,Flood fill algorithm,"Array, Breadth-First Search",Medium
Amazon,Number of distinct islands,"Breadth-First Search, Depth-First Search",Medium
Amazon,Number of enclaves,"Array, Breadth-First Search",Medium
Amazon,Number of islands,"Array, Breadth-First Search",Medium
Amazon,Number of provinces,"Breadth-First Search, Depth-First Search",Medium
Amazon,Rotten Oranges,"Array, Breadth-First Search",Medium
Amazon,Surrounded Regions,"Array, Breadth-First Search",Medium
Amazon,Assign Cookies,"Array, Greedy",Easy
Amazon,Jump Game - I,"Array, Dynamic Programming",Easy
Amazon,Lemonade Change,"Array, Greedy",Easy
Amazon,Candy,"Array, Greedy",Hard
Amazon,Valid Paranthesis Checker,"String, Stack",Hard
Amazon,Insert Interval,Array,Medium
Amazon,Job sequencing Problem,"Dynamic Programming, Greedy",Medium
Amazon,Minimum number of platforms required for a railway,"Greedy, Sorting",Medium
Amazon,N meetings in one room,"Greedy, Sorting",Medium
Amazon,Non-overlapping Intervals,"Greedy, Sorting",Medium
Amazon,Shortest Job First,"Greedy, Sorting",Medium
Amazon,Handshakes That Don't Cross,"Dynamic Programming, Math",Hard
Amazon,Count subarrays with given xor K,"Array, Hash Table",Hard
Amazon,Longest subarray with sum K,- Medium,Medium
Amazon,Design Twitter,"Design, Hash Table",Medium
Amazon,Find Median from Data Stream,"Data Stream, Design",Hard
Amazon,Kth largest element in a stream of running integers,"Binary Search Tree, Binary Tree",Hard
Amazon,Maximum Sum Combination,"Array, Sorting",Hard
Amazon,Merge K sorted Lists,"Divide and Conquer, Heap (Priority Queue)",Hard
Amazon,Build heap from a given Array,"Array, Heap (Priority Queue)",Medium
Amazon,Check if an array represents a min heap,"Array, Heap (Priority Queue)",Medium
Amazon,Convert Min Heap to Max Heap,"Array, Heap (Priority Queue)",Medium
Amazon,Heapify Algorithm,"Array, Heap (Priority Queue)",Medium
Amazon,Heap Sort,"Array, Heap (Priority Queue)",Medium
Amazon,Implement Max Heap,"Array, Heap (Priority Queue)",Medium
Amazon,Implement Min Heap,"Array, Heap (Priority Queue)",Medium
Amazon,Implement PQ using Heaps,"Array, Heap (Priority Queue)",Medium
Amazon,K-th Largest element in an array,"Array, Divide and Conquer",Medium
Amazon,High Five,"Array, Hash Table",Easy
Amazon,Index Pairs of a String,"Array, Sorting",Easy
Amazon,Insert into a Sorted Circular Linked List,Linked List,Medium
Amazon,Jump Game VIII,"Array, Dynamic Programming",Hard
Amazon,Kill Process,"Array, Breadth-First Search",Medium
Amazon,Largest Subarray with Sum 0,"Array, Hash Table",Medium
Amazon,Largest Unique Number,"Array, Hash Table",Easy
Amazon,Delete all occurrences of a key in DLL,"Doubly-Linked List, Linked List",Hard
Amazon,Remove duplicates from sorted DLL,"Doubly-Linked List, Linked List",Hard
Amazon,Clone a LL with random and next pointer,Linked List,Hard
Amazon,Flattening of LL,"-, - Hard",Hard
Amazon,Merge two Sorted Lists,"Linked List, Two Pointers",Hard
Amazon,Reverse LL in group of given size K,"Linked List, Recursion",Hard
Amazon,Rotate a LL,"Linked List, Two Pointers",Hard
Amazon,Sort LL,"Divide and Conquer, Linked List",Hard
Amazon,Add one to a number represented by LL,Linked List,Medium
Amazon,Check if LL is palindrome or not,"Linked List, Recursion",Medium
Amazon,Delete the middle node in LL,"Linked List, Two Pointers",Medium
Amazon,Detect a loop in LL,"Hash Table, Linked List",Medium
Amazon,Find the intersection point of Y LL,"Linked List, Two Pointers",Medium
Amazon,Find the starting point in LL,"Linked List, Two Pointers",Medium
Amazon,Length of loop in LL,"Linked List, Two Pointers",Medium
Amazon,Add two numbers in Linked List,"Linked List, Math",Medium
Amazon,Remove Nth node from the back of the LL,"Linked List, Two Pointers",Medium
Amazon,Reverse a LL,Linked List,Medium
Amazon,Segregate odd and even nodes in Linked List,Linked List,Medium
Amazon,Sort a Linked List of 0's 1's and 2's,"Linked List, Sorting",Medium
Amazon,Logger Rate Limiter,"Data Stream, Design",Easy
Amazon,Longest Repeating Substring,"Binary Search, Dynamic Programming",Medium
Amazon,Longest Substring with At Most Two Distinct Characters,"Hash Table, Sliding Window",Medium
Amazon,Lowest Common Ancestor of a Binary Tree III,"Binary Tree, Hash Table",Medium
Amazon,Lowest Common Ancestor of a Binary Tree IV,"Binary Tree, Depth-First Search",Medium
Amazon,Count primes in range L to R,Math,Hard
Amazon,Prime factorisation of a Number,Math,Hard
Amazon,Print all primes till N,Math,Hard
Amazon,Max Stack,"Design, Doubly-Linked List",Hard
Amazon,Maximal Range That Each Element is Maximal in It,"Array, Monotonic Stack",Easy
Amazon,Maximize the Beauty of the Garden,"Array, Greedy",Medium
Amazon,Maximum Alternating Subarray Sum,"Array, Dynamic Programming",Medium
Amazon,Maximum Linear Stock Score,"Array, Hash Table",Medium
Amazon,Maximum Number of Books You Can Take,"Array, Dynamic Programming",Hard
Amazon,Maximum of Minimum Values in All Subarrays,"Array, Monotonic Stack",Medium
Amazon,Maximum Size Subarray Sum Equals k,"Array, Hash Table",Medium
Amazon,Maximum Sum Score of Array,"Array, Prefix Sum",Easy
Amazon,Maximum Average Subtree,"Binary Tree, Depth-First Search",Medium
Amazon,Meeting Rooms,"Array, Sorting",Easy
Amazon,Meeting Rooms II,"Array, Greedy",Medium
Amazon,Meeting Scheduler,"Array, Hash Table",Medium
Amazon,Merge Operations to Turn Array Into a Palindrome,"Array, Greedy",Medium
Amazon,Merge Overlapping Subintervals,"Sorting, Two Pointers",Medium
Amazon,Minimum Adjacent Swaps to Make a Valid Array,"Array, Greedy",Medium
Amazon,Minimum Health to Beat Game,"Array, Greedy",Medium
Amazon,Minimum Number of Keypresses,"Counting, Greedy",Medium
Amazon,Minimum Operations to Remove Adjacent Ones in Matrix,"Array, Graph",Hard
Amazon,Minimum Window Subsequence,"Dynamic Programming, Sliding Window",Hard
Amazon,Minimum Cost to Connect Sticks,"Array, Greedy",Medium
Amazon,Minimum Knight Moves,Breadth-First Search,Medium
Amazon,Missing Element in Sorted Array,"Array, Binary Search",Medium
Amazon,Missing Ranges,Array,Easy
Amazon,Most Expensive Item That Can Not Be Bought,"Dynamic Programming, Math",Hard
Amazon,Next Palindrome Using Same Digits,"Math, String",Hard
Amazon,Number of Connected Components in an Undirected Graph,"Breadth-First Search, Depth-First Search",Easy
Amazon,Number of Days in a Month,Math,Easy
Amazon,Number of Distinct Islands II,"Breadth-First Search, Depth-First Search",Hard
Amazon,Number Of Unique Categories,"Counting, Interactive",Medium
Amazon,Optimal Account Balancing,"Array, Backtracking",Hard
Amazon,Path With Maximum Minimum Value,"Array, Binary Search",Medium
Amazon,Perform String Shifts,"Array, Math",Easy
Amazon,Plus One Linked List,"Linked List, Math",Medium
Amazon,Pour Water,"Array, Simulation",Medium
Amazon,Print Immutable Linked List in Reverse,"Linked List, Recursion",Medium
Amazon,Product of Two Run-Length Encoded Arrays,"Array, Two Pointers",Medium
Amazon,Range Addition,"Array, Prefix Sum",Medium
Amazon,Read N Characters Given Read4,"Array, Interactive",Easy
Amazon,Rearrange String k Distance Apart,"Counting, Greedy",Hard
Amazon,Combination Sum,"Array, Backtracking",Medium
Amazon,Combination Sum II,"Array, Backtracking",Medium
Amazon,Combination Sum III,"Array, Backtracking",Medium
Amazon,Subsets I,"Recursion, Backtracking",Medium
Amazon,Subsets II,"Array, Backtracking",Medium
Amazon,M Coloring Problem,"Recursion, Backtracking",Hard
Amazon,N Queen,"Recursion, Backtracking",Hard
Amazon,Palindrome partitioning,"Backtracking, Dynamic Programming",Hard
Amazon,Rat in a Maze,"Recursion, Backtracking",Hard
Amazon,Sudoku Solver,"Array, Backtracking",Hard
Amazon,Word Search,"Array, Backtracking",Hard
Amazon,Letter Combinations of a Phone Number,"Backtracking, Hash Table",Hard
Amazon,Remove Vowels from a String,String,Easy
Amazon,Reverse Words in a String II,"String, Two Pointers",Medium
Amazon,Set Matrix Zeroes,"Array, Matrix",Medium
Amazon,Shortest Distance from All Buildings,"Array, Breadth-First Search",Hard
Amazon,Shortest Way to Form String,"Binary Search, Greedy",Medium
Amazon,Shortest Word Distance,"Array, String",Easy
Amazon,Shortest Path to Get Food,"Array, Breadth-First Search",Medium
Amazon,Maximum Points You Can Obtain from Cards,"Array, Prefix Sum",Medium
Amazon,Binary Subarrays With Sum,"Array, Hash Table",Hard
Amazon,Count number of Nice subarrays,"Array, Hash Table",Hard
Amazon,Number of Substrings Containing All Three Characters,"Hash Table, Sliding Window",Hard
Amazon,Fruit Into Baskets,"Array, Hash Table",Medium
Amazon,Longest Repeating Character Replacement,"Hash Table, Sliding Window",Hard
Amazon,Longest Substring With At Most K Distinct Characters,"Hash Table, Sliding Window",Hard
Amazon,Longest Substring Without Repeating Characters,"Hash Table, Sliding Window",Medium
Amazon,Max Consecutive Ones III,"Array, Binary Search",Medium
Amazon,Minimum Window Substring,"Hash Table, Sliding Window",Hard
Amazon,Sort Features by Popularity,"Array, Hash Table",Easy
Amazon,Merge Sorting,"Array, Sorting",Medium
Amazon,Split BST,"Binary Search Tree, Binary Tree",Medium
Amazon,Celebrity Problem,"Graph, Greedy",Hard
Amazon,Implement Min Stack,"Design, Stack",Hard
Amazon,Largest rectangle in a histogram,"Array, Monotonic Stack",Hard
Amazon,LFU Cache,"Design, Doubly-Linked List",Hard
Amazon,LRU Cache,"Design, Doubly-Linked List",Medium
Amazon,Maximum Rectangles,"Array, Dynamic Programming. Stack",Hard
Amazon,Sliding Window Maximum,"Array, Heap (Priority Queue)",Hard
Amazon,Stock span problem,"Array, Stack",Hard
Amazon,Trapping Rainwater,"Array, Dynamic Programming",Hard
Amazon,Balanced Paranthesis,"String, Greedy",Easy
Amazon,Asteroid Collision,"Array, Simulation",Medium
Amazon,Next Greater Element,"Array, Hash Table",Medium
Amazon,Next Greater Element - 2,"Array, Monotonic Stack",Medium
Amazon,Remove K Digits,"Greedy, Monotonic Stack",Medium
Amazon,Sum of Subarray Minimums,"Array, Dynamic Programming",Medium
Amazon,Sum of Subarray Ranges,"Array, Monotonic Stack",Medium
Amazon,String to Integer (atoi),String,Medium
Amazon,KMP Algorithm or LPS array,"String, Rolling Hash",Hard
Amazon,Longest happy prefix,"Hash Function, Rolling Hash",Hard
Amazon,Rabin Karp Algorithm,"String, String Matching",Hard
Amazon,Shortest Palindrome,"Hash Function, Rolling Hash",Hard
Amazon,Z function,Math,Hard
Amazon,Count and say,String,Hard
Amazon,Minimum number of bracket reversals to make an expression balanced,"String, Stack",Hard
Amazon,Reverse every word in a string,String,Medium
Amazon,Sum of Digits in the Minimum Number,"Array, Math",Easy
Amazon,The Maze,"Array, Breadth-First Search",Medium
Amazon,The Most Similar Path in a Graph,"Dynamic Programming, Graph",Hard
Amazon,The Earliest Moment When Everyone Become Friends,"Array, Sorting",Medium
Amazon,Time Taken to Cross the Door,"Array, Queue",Hard
Amazon,Traffic Light Controlled Intersection,Concurrency,Medium
Amazon,Tree Diameter,"Breadth-First Search, Depth-First Search",Medium
Amazon,Maximum XOR of two numbers in an array,"Array, Bit Manipulation",Hard
Amazon,Maximum Xor with an element from an array,"Array, Bit Manipulation",Hard
Amazon,Number of distinct substrings in a string,"Hash Function, Rolling Hash",Medium
Amazon,Trie Implementation and Advanced Operations,"Trie, Implementation",Hard
Amazon,Trie Implementation and Operations,"Trie, Implementation",Hard
Amazon,Two Sum III – Data Structure Design,"Array, Data Stream",Easy
Amazon,Two Sum Less Than K,"Array, Binary Search",Easy
Amazon,Two Sum BSTs,"Binary Search, Binary Search Tree",Medium
Amazon,Valid Palindrome III,"Dynamic Programming, String",Hard
Amazon,Valid Palindrome IV,"String, Two Pointers",Medium
Amazon,Valid Word Abbreviation,"String, Two Pointers",Easy
Amazon,Walls and Gates,"Array, Breadth-First Search",Medium
AMD,Find the repeating and missing number,"Array, Math",Hard
AMD,Majority Element-II,"Array, Counting",Hard
AMD,Maximum Product Subarray in an Array,"Array, Dynamic Programming",Hard
AMD,3 Sum,"Array, Sorting",Medium
AMD,Next Permutation,"Array, Two Pointers",Medium
AMD,Print the matrix in spiral manner,"Array, Matrix",Medium
AMD,Sort an array of 0's 1's and 2's,"Array, Sorting",Medium
AMD,Linear Search,"Array, Searching",Easy
AMD,Intersection of two sorted arrays,"Array, Sorting",Easy
AMD,Move Zeros to End,"Array, Two Pointers",Easy
AMD,Aggressive Cows,Binary Search,Hard
AMD,Split array - largest sum,"Array, Binary Search",Hard
AMD,Lower Bound,"Array, Binary Search",Easy
AMD,Koko eating bananas,"Array, Binary Search",Medium
AMD,BST iterator,"Stack, Tree",Hard
AMD,Correct BST with two nodes swapped,"Tree, Depth-First Search",Hard
AMD,Two sum in BST,"Binary Search Tree, Binary Tree",Hard
AMD,Construct a BST from a preorder traversal,"Array, Binary Search Tree",Medium
AMD,Delete a node in BST,"Tree, Binary Search Tree",Medium
AMD,LCA in BST,"Binary Search Tree, Binary Tree",Medium
AMD,Search in BST,"Tree, Depth-First Search",Easy
AMD,Construct a BT from Preorder and Inorder,"Array, Binary Tree",Hard
AMD,Requirements needed to construct a unique BT,"Traversal, Algorithms",Medium
AMD,Right/Left View of BT,"Tree, Depth-First Search",Medium
AMD,Top View of BT,"Binary Search Tree, Tree",Medium
AMD,Vertical Order Traversal,"Binary Tree, Breadth-First Search",Medium
AMD,Check for symmetrical BTs,"Tree, Depth-First Search",Medium
AMD,Check if two trees are identical or not,"Tree, Depth-First Search",Medium
AMD,Inorder Traversal,"Binary Tree, Depth-First Search",Easy
AMD,Frog Jump,"Array, Dynamic Programming",Medium
AMD,Grid unique paths,"Math, Dynamic Programming",Medium
AMD,Triangle,"Array, Dynamic Programming",Medium
AMD,Best time to buy and sell stock,"Array, Dynamic Programming",Medium
AMD,Best time to buy and sell stock III,"Array, Dynamic Programming",Medium
AMD,Best time to buy and sell stock IV,"Array, Dynamic Programming",Medium
AMD,Distinct subsequences,"Dynamic Programming, String",Hard
AMD,Longest palindromic subsequence,"Dynamic Programming, String",Hard
AMD,Minimum insertions or deletions to convert string A to B,Dynamic Programming,Hard
AMD,Wildcard matching,"Dynamic Programming, Greedy",Hard
AMD,Partition a set into two subsets with minimum absolute sum difference,Dynamic Programming,Hard
AMD,Partition equal subset sum,"Array, Dynamic Programming",Hard
AMD,Rod cutting problem,"Array, Dynamic Programming",Hard
AMD,Unbounded knapsack,Dynamic Programming,Hard
AMD,Palindrome partitioning II,"String, Dynamic Programming",Hard
AMD,Delete the element with value X,"Linked List, Hash Table",Easy
AMD,Insertion at the Kth position of Linked List,Linked List,Easy
AMD,Insert node before tail in Doubly Linked List,"Doubly-Linked List, Linked List",Easy
AMD,Implement Stack using Arrays,"Array, Stack",Easy
AMD,Bridges in graph,"Biconnected Component, Depth-First Search",Hard
AMD,Kosaraju's algorithm,"Graph, Depth-First Search",Hard
AMD,Detect a cycle in a directed graph,"Graph, Depth-First Search",Hard
AMD,Course Schedule I,"Breadth-First Search, Depth-First Search",Hard
AMD,Course Schedule II,"Breadth-First Search, Depth-First Search",Medium
AMD,Shortest path in undirected graph with unit weights,"Graph, Breadth-First Search",Hard
AMD,Most stones removed with same row or column,"Depth-First Search, Graph",Medium
AMD,Number of operations to make network connected,"Depth-First Search, Breadth-First Search",Hard
AMD,Cheapest flight within K stops,"Breadth-First Search, Depth-First Search",Hard
AMD,Dijkstra's algorithm,"Graph, Heap (Priority Queue)",Hard
AMD,Floyd warshall algorithm,"Dynamic Programming, Graph",Hard
AMD,Minimum multiplications to reach end,"Array, Graph",Hard
AMD,Connected Components,"Depth-First Search, Breadth-First Search",Medium
AMD,Number of islands,"Array, Breadth-First Search",Medium
AMD,Assign Cookies,"Array, Greedy",Easy
AMD,Lemonade Change,"Array, Greedy",Easy
AMD,Insert Interval,Array,Medium
AMD,Job sequencing Problem,"Dynamic Programming, Greedy",Medium
AMD,Shortest Job First,"Greedy, Sorting",Medium
AMD,Kth largest element in a stream of running integers,"Binary Search Tree, Binary Tree",Hard
AMD,Heap Sort,"Array, Heap (Priority Queue)",Medium
AMD,Implement Min Heap,"Array, Heap (Priority Queue)",Medium
AMD,Implement PQ using Heaps,"Array, Heap (Priority Queue)",Medium
AMD,Sort LL,"Divide and Conquer, Linked List",Hard
AMD,Length of loop in LL,"Linked List, Two Pointers",Medium
AMD,Traversal in Linked List,Linked List,Easy
AMD,Add two numbers in Linked List,"Linked List, Math",Medium
AMD,Reverse a LL,Linked List,Medium
AMD,Prime factorisation of a Number,Math,Hard
AMD,Subsets II,"Array, Backtracking",Medium
AMD,Rat in a Maze,"Recursion, Backtracking",Hard
AMD,Check if there exists a subsequence with sum K,"Array, Dynamic Programming",Easy
AMD,Count all subsequences with sum K,Recursion,Easy
AMD,Binary Subarrays With Sum,"Array, Hash Table",Hard
AMD,Count number of Nice subarrays,"Array, Hash Table",Hard
AMD,Fruit Into Baskets,"Array, Hash Table",Medium
AMD,Bubble Sort,"Array, Sorting",Easy
AMD,Largest rectangle in a histogram,"Array, Monotonic Stack",Hard
AMD,Trapping Rainwater,"Array, Dynamic Programming",Hard
AMD,Asteroid Collision,"Array, Simulation",Medium
AMD,Next Greater Element,"Array, Hash Table",Medium
AMD,Remove K Digits,"Greedy, Monotonic Stack",Medium
AMD,KMP Algorithm or LPS array,"String, Rolling Hash",Hard
AMD,Rabin Karp Algorithm,"String, String Matching",Hard
AMD,Shortest Palindrome,"Hash Function, Rolling Hash",Hard
AMD,Z function,Math,Hard
AMD,Minimum number of bracket reversals to make an expression balanced,"String, Stack",Hard
Amdocs,Design a 3D Binary Matrix with Efficient Layer Tracking,"Array, Design",Medium
Amdocs,Number of Divisible Substrings,"Counting, Hash Table",Medium
American Express,Reverse Pairs,"Array, Binary Indexed Tree",Hard
American Express,Print the matrix in spiral manner,"Array, Matrix",Medium
American Express,Rotate matrix by 90 degrees,"Array, Math",Medium
American Express,Linear Search,"Array, Searching",Easy
American Express,Maximum Consecutive Ones,Array,Easy
American Express,Find Peak Element - II,"Array, Binary Search",Medium
American Express,Search in a 2D matrix,"Array, Binary Search",Hard
American Express,Median of 2 sorted arrays,"Array, Binary Search",Hard
American Express,Upper Bound,"Array, Binary Search",Easy
American Express,Find minimum in Rotated Sorted Array,"Array, Binary Search",Easy
American Express,Floor and Ceil in Sorted Array,"Array, Binary Search",Easy
American Express,Find Nth root of a number,"Array, Binary Search",Medium
American Express,Check if a tree is a BST or not,"Tree, Depth-First Search",Medium
American Express,Kth Smallest and Largest element in BST,"Binary Search Tree, Binary Tree",Medium
American Express,LCA in BST,"Binary Search Tree, Binary Tree",Medium
American Express,Construct a BT from Postorder and Inorder,"Array, Hash Table",Hard
American Express,Serialize and De-serialize BT,"Binary Tree, Breadth-First Search",Hard
American Express,LCA in BT,"Binary Tree, Depth-First Search",Hard
American Express,Maximum Width of BT,"Binary Tree, Breadth-First Search",Medium
American Express,Minimum time taken to burn the BT from a given Node,"Hash Table, Tree",Hard
American Express,Minimum Bit Flips to Convert Number,Bit Manipulation,Medium
American Express,Frog Jump,"Array, Dynamic Programming",Medium
American Express,Frog jump with K distances,Dynamic Programming,Medium
American Express,House robber,"Array, Dynamic Programming",Medium
American Express,Ninja's training,Dynamic Programming,Medium
American Express,Grid unique paths,"Math, Dynamic Programming",Medium
American Express,Edit distance,"Dynamic Programming, String",Hard
American Express,Longest palindromic subsequence,"Dynamic Programming, String",Hard
American Express,Unbounded knapsack,Dynamic Programming,Hard
American Express,Matrix chain multiplication,"Array, Dynamic Programming",Hard
American Express,Delete head of Doubly Linked List,"Doubly-Linked List, Hash Table",Easy
American Express,Implement Queue using Arrays,"Queue, Data Structures",Easy
American Express,Implement Stack using Arrays,"Array, Stack",Easy
American Express,Implement stack using Linkedlist,"Stack, Linked List",Easy
American Express,Course Schedule I,"Breadth-First Search, Depth-First Search",Hard
American Express,Course Schedule II,"Breadth-First Search, Depth-First Search",Medium
American Express,Word ladder I,"Breadth-First Search, Hash Table",Hard
American Express,Word ladder II,"Backtracking, Breadth-First Search",Hard
American Express,Making a large island,"Array, Breadth-First Search",Hard
American Express,Find the MST weight,"Union Find, Graph",Hard
American Express,Bellman ford algorithm,"Dynamic Programming, Graph",Hard
American Express,Minimum multiplications to reach end,"Array, Graph",Hard
American Express,Print Shortest Path,"Breadth-First Search, Graph",Hard
American Express,Shortest Distance in a Binary Maze,"Array, Breadth-First Search",Hard
American Express,Distance of nearest cell having one,"Array, Breadth-First Search",Medium
American Express,Number of islands,"Array, Breadth-First Search",Medium
American Express,Number of provinces,"Breadth-First Search, Depth-First Search",Medium
American Express,Lemonade Change,"Array, Greedy",Easy
American Express,Insert Interval,Array,Medium
American Express,Minimum number of platforms required for a railway,"Greedy, Sorting",Medium
American Express,Non-overlapping Intervals,"Greedy, Sorting",Medium
American Express,Longest subarray with sum K,- Medium,Medium
American Express,Heapify Algorithm,"Array, Heap (Priority Queue)",Medium
American Express,Implement Min Heap,"Array, Heap (Priority Queue)",Medium
American Express,Implement PQ using Heaps,"Array, Heap (Priority Queue)",Medium
American Express,Rotate a LL,"Linked List, Two Pointers",Hard
American Express,Sort LL,"Divide and Conquer, Linked List",Hard
American Express,Traversal in Linked List,Linked List,Easy
American Express,Sort a Linked List of 0's 1's and 2's,"Linked List, Sorting",Medium
American Express,Count primes in range L to R,Math,Hard
American Express,Combination Sum II,"Array, Backtracking",Medium
American Express,Palindrome partitioning,"Backtracking, Dynamic Programming",Hard
American Express,Generate Parentheses,"Backtracking, Dynamic Programming",Medium
American Express,Max Consecutive Ones III,"Array, Binary Search",Medium
American Express,Minimum Window Substring,"Hash Table, Sliding Window",Hard
American Express,Insertion Sorting,"Array, Sorting",Easy
American Express,Implement Min Stack,"Design, Stack",Hard
American Express,LFU Cache,"Design, Doubly-Linked List",Hard
American Express,Sliding Window Maximum,"Array, Heap (Priority Queue)",Hard
American Express,KMP Algorithm or LPS array,"String, Rolling Hash",Hard
American Express,Longest happy prefix,"Hash Function, Rolling Hash",Hard
American Express,Shortest Palindrome,"Hash Function, Rolling Hash",Hard
American Express,Minimum number of bracket reversals to make an expression balanced,"String, Stack",Hard
American Express,Trie Implementation and Advanced Operations,"Trie, Implementation",Hard
American Express,Trie Implementation and Operations,"Trie, Implementation",Hard
Anduril,Insert into a Sorted Circular Linked List,Linked List,Medium
Anduril,Shortest Word Distance,"Array, String",Easy
Anduril,Shortest Word Distance II,"Array, Design",Medium
AppDynamics,Longest Substring With At Most K Distinct Characters,"Hash Table, Sliding Window",Hard
Apple,Count Inversions,"Array, Divide and Conquer",Hard
Apple,Find the repeating and missing number,"Array, Math",Hard
Apple,Majority Element-I,"Array, Counting",Easy
Apple,Majority Element-II,"Array, Counting",Hard
Apple,Maximum Product Subarray in an Array,"Array, Dynamic Programming",Hard
Apple,Merge two sorted arrays without extra space,"Linked List, Recursion",Medium
Apple,Reverse Pairs,"Array, Binary Indexed Tree",Hard
Apple,3 Sum,"Array, Sorting",Medium
Apple,Kadane's Algorithm,"Array, Dynamic Programming",Medium
Apple,Next Permutation,"Array, Two Pointers",Medium
Apple,Sort an array of 0's 1's and 2's,"Array, Sorting",Medium
Apple,Two Sum,"Array, Hash Table",Easy
Apple,Binary Tree Vertical Order Traversal,"Binary Tree, Breadth-First Search",Medium
Apple,Find Peak Element - II,"Array, Binary Search",Medium
Apple,Find row with maximum 1's,"Array, Matrix",Easy
Apple,Matrix Median,"Matrix, Binary Search",Hard
Apple,Search in 2D matrix - II,"Array, Binary Search",Hard
Apple,Search in a 2D matrix,"Array, Binary Search",Hard
Apple,Aggressive Cows,Binary Search,Hard
Apple,Book Allocation Problem,Binary Search,Hard
Apple,Find peak element,"Array, Binary Search",Medium
Apple,Kth element of 2 sorted arrays,"Array, Divide and Conquer",Medium
Apple,Median of 2 sorted arrays,"Array, Binary Search",Hard
Apple,Split array - largest sum,"Array, Binary Search",Hard
Apple,Find the smallest divisor,"Array, Binary Search",Medium
Apple,Koko eating bananas,"Array, Binary Search",Medium
Apple,Minimum days to make M bouquets,"Array, Binary Search",Medium
Apple,BST iterator,"Stack, Tree",Hard
Apple,Correct BST with two nodes swapped,"Tree, Depth-First Search",Hard
Apple,Largest BST in Binary Tree,"Binary Search, Binary Search Tree",Hard
Apple,Two sum in BST,"Binary Search Tree, Binary Tree",Hard
Apple,Check if a tree is a BST or not,"Tree, Depth-First Search",Medium
Apple,Construct a BST from a preorder traversal,"Array, Binary Search Tree",Medium
Apple,Delete a node in BST,"Tree, Binary Search Tree",Medium
Apple,Inorder successor and predecessor in BST,"Binary Search Tree, Tree",Medium
Apple,Insert a given node in BST,"Tree, Binary Search Tree",Medium
Apple,Kth Smallest and Largest element in BST,"Binary Search Tree, Binary Tree",Medium
Apple,LCA in BST,"Binary Search Tree, Binary Tree",Medium
Apple,Floor and Ceil in a BST,"Binary Search Tree, Data Structures",Easy
Apple,Search in BST,"Tree, Depth-First Search",Easy
Apple,Construct a BT from Postorder and Inorder,"Array, Hash Table",Hard
Apple,Construct a BT from Preorder and Inorder,"Array, Binary Tree",Hard
Apple,Requirements needed to construct a unique BT,"Traversal, Algorithms",Medium
Apple,Serialize and De-serialize BT,"Binary Tree, Breadth-First Search",Hard
Apple,Bottom view of BT,"Tree, Data Structures",Medium
Apple,Boundary Traversal,"Tree, Data Structures",Medium
Apple,Count total nodes in a complete BT,"Binary Search, Bit Manipulation",Easy
Apple,LCA in BT,"Binary Tree, Depth-First Search",Hard
Apple,Maximum Width of BT,"Binary Tree, Breadth-First Search",Medium
Apple,Minimum time taken to burn the BT from a given Node,"Hash Table, Tree",Hard
Apple,Print all nodes at a distance of K in BT,"Hash Table, Tree",Hard
Apple,Print root to leaf path in BT,"String, Backtracking",Medium
Apple,Right/Left View of BT,"Tree, Depth-First Search",Medium
Apple,Top View of BT,"Binary Search Tree, Tree",Medium
Apple,Vertical Order Traversal,"Binary Tree, Breadth-First Search",Medium
Apple,Check for balanced binary tree,"Tree, Data Structures",Medium
Apple,Check for symmetrical BTs,"Tree, Depth-First Search",Medium
Apple,Check if two trees are identical or not,"Tree, Depth-First Search",Medium
Apple,Diameter of Binary Tree,"Binary Tree, Depth-First Search",Easy
Apple,Maximum Depth in BT,"Binary Tree, Breadth-First Search",Medium
Apple,Maximum path sum,"Binary Tree, Depth-First Search",Medium
Apple,Inorder Traversal,"Binary Tree, Depth-First Search",Easy
Apple,Level Order Traversal,"Binary Tree, Breadth-First Search",Easy
Apple,Postorder Traversal,"Binary Tree, Depth-First Search",Easy
Apple,"Pre, Post, Inorder in one traversal","Stack, Tree",Easy
Apple,Preorder Traversal,"Binary Tree, Depth-First Search",Easy
Apple,Morris Preorder Traversal,"Stack, Tree",Hard
Apple,Morris Inorder Traversal,"Stack, Tree",Hard
Apple,Divide two numbers without multiplication and division,"Bit Manipulation, Math",Medium
Apple,Minimum Bit Flips to Convert Number,Bit Manipulation,Medium
Apple,Power Set Bit Manipulation,"Math, Bit Manipulation",Medium
Apple,Single Number - II,"Array, Bit Manipulation",Medium
Apple,Single Number - III,"Array, Bit Manipulation",Medium
Apple,XOR of numbers in a given range,Brute,Medium
Apple,Boundary of Binary Tree,"Binary Tree, Breadth-First Search",Medium
Apple,Check if a Number is Power of 2 or Not,Math,Easy
Apple,Count the Number of Set Bits,"Bit Manipulation, Math",Easy
Apple,Design Hit Counter,"Array, Binary Search",Medium
Apple,Design Tic-Tac-Toe,"Array, Design",Medium
Apple,Dot Product of Two Sparse Vectors,"Array, Design",Medium
Apple,Climbing stairs,"Dynamic Programming, Math",Medium
Apple,Frog Jump,"Array, Dynamic Programming",Medium
Apple,Frog jump with K distances,Dynamic Programming,Medium
Apple,House robber,"Array, Dynamic Programming",Medium
Apple,Maximum sum of non adjacent elements,"Array, Divide and Conquer",Medium
Apple,Ninja's training,Dynamic Programming,Medium
Apple,Cherry pickup II,"Array, Dynamic Programming",Hard
Apple,Grid unique paths,"Math, Dynamic Programming",Medium
Apple,Minimum Falling Path Sum,"Array, Dynamic Programming",Medium
Apple,Triangle,"Array, Dynamic Programming",Medium
Apple,Unique paths II,"Array, Dynamic Programming",Medium
Apple,Best time to buy and sell stock,"Array, Dynamic Programming",Medium
Apple,Best time to buy and sell stock II,"Array, Dynamic Programming",Medium
Apple,Best time to buy and sell stock III,"Array, Dynamic Programming",Medium
Apple,Best time to buy and sell stock IV,"Array, Dynamic Programming",Medium
Apple,Best time to buy and sell stock with transaction fees,"Array, Dynamic Programming",Medium
Apple,Distinct subsequences,"Dynamic Programming, String",Hard
Apple,Edit distance,"Dynamic Programming, String",Hard
Apple,Longest common subsequence,"Dynamic Programming, String",Hard
Apple,Longest common substring,"String, Dynamic Programming",Hard
Apple,Longest palindromic subsequence,"Dynamic Programming, String",Hard
Apple,Minimum insertions or deletions to convert string A to B,Dynamic Programming,Hard
Apple,Minimum insertions to make string palindrome,"Dynamic Programming, String",Hard
Apple,Shortest common supersequence,"Dynamic Programming, String",Hard
Apple,Wildcard matching,"Dynamic Programming, Greedy",Hard
Apple,0 and 1 Knapsack,Dynamic Programming,Hard
Apple,Coin change II,"Array, Dynamic Programming",Hard
Apple,Count partitions with given difference,"Array, Math",Hard
Apple,Count subsets with sum K,Dynamic Programming,Hard
Apple,Minimum coins,Dynamic Programming,Hard
Apple,Partition a set into two subsets with minimum absolute sum difference,Dynamic Programming,Hard
Apple,Partition equal subset sum,"Array, Dynamic Programming",Hard
Apple,Rod cutting problem,"Array, Dynamic Programming",Hard
Apple,Subset sum equals to target,"Array, Dynamic Programming",Hard
Apple,Target sum,"Array, Backtracking",Hard
Apple,Unbounded knapsack,Dynamic Programming,Hard
Apple,Burst balloons,"Array, Dynamic Programming",Hard
Apple,Matrix chain multiplication,"Array, Dynamic Programming",Hard
Apple,Minimum cost to cut the stick,"Array, Dynamic Programming",Hard
Apple,Palindrome partitioning II,"String, Dynamic Programming",Hard
Apple,Implement Queue using Arrays,"Queue, Data Structures",Easy
Apple,Implement queue using Linkedlist,"Queue, Linked List",Easy
Apple,Implement Queue using Stack,"Design, Queue",Easy
Apple,Implement Stack using Arrays,"Array, Stack",Easy
Apple,Implement stack using Linkedlist,"Stack, Linked List",Easy
Apple,Implement Stack using Queue,"Design, Queue",Easy
Apple,Find the Celebrity,"Graph, Interactive",Medium
Apple,Articulation point in graph,"Graph, Depth-First Search",Hard
Apple,Bridges in graph,"Biconnected Component, Depth-First Search",Hard
Apple,Kosaraju's algorithm,"Graph, Depth-First Search",Hard
Apple,Bipartite graph,"Breadth-First Search, Depth-First Search",Hard
Apple,Detect a cycle in a directed graph,"Graph, Depth-First Search",Hard
Apple,Detect a cycle in an undirected graph,"Graph, Depth-First Search",Hard
Apple,Topological sort or Kahn's algorithm,"Graph, Depth-First Search",Hard
Apple,Alien Dictionary,"Array, Breadth-First Search",Hard
Apple,Course Schedule I,"Breadth-First Search, Depth-First Search",Hard
Apple,Course Schedule II,"Breadth-First Search, Depth-First Search",Medium
Apple,Find eventual safe states,"Breadth-First Search, Depth-First Search",Hard
Apple,Shortest path in DAG,"Graph, Topological Sort",Hard
Apple,Shortest path in undirected graph with unit weights,"Graph, Breadth-First Search",Hard
Apple,Word ladder I,"Breadth-First Search, Hash Table",Hard
Apple,Word ladder II,"Backtracking, Breadth-First Search",Hard
Apple,Accounts merge,"Array, Hash Table",Hard
Apple,Making a large island,"Array, Breadth-First Search",Hard
Apple,Most stones removed with same row or column,"Depth-First Search, Graph",Medium
Apple,Number of operations to make network connected,"Depth-First Search, Breadth-First Search",Hard
Apple,Disjoint Set,"Union Find, Algorithms",Hard
Apple,Find the MST weight,"Union Find, Graph",Hard
Apple,Bellman ford algorithm,"Dynamic Programming, Graph",Hard
Apple,Cheapest flight within K stops,"Breadth-First Search, Depth-First Search",Hard
Apple,Dijkstra's algorithm,"Graph, Heap (Priority Queue)",Hard
Apple,Find the city with the smallest number of neighbors,"Dynamic Programming, Graph",Hard
Apple,Floyd warshall algorithm,"Dynamic Programming, Graph",Hard
Apple,Minimum multiplications to reach end,"Array, Graph",Hard
Apple,Number of ways to arrive at destination,"Dynamic Programming, Graph",Hard
Apple,Path with minimum effort,"Array, Binary Search",Hard
Apple,Print Shortest Path,"Breadth-First Search, Graph",Hard
Apple,Shortest Distance in a Binary Maze,"Array, Breadth-First Search",Hard
Apple,Connected Components,"Depth-First Search, Breadth-First Search",Medium
Apple,Traversal Techniques,"Depth-First Search, Breadth-First Search",Medium
Apple,Distance of nearest cell having one,"Array, Breadth-First Search",Medium
Apple,Flood fill algorithm,"Array, Breadth-First Search",Medium
Apple,Number of enclaves,"Array, Breadth-First Search",Medium
Apple,Number of islands,"Array, Breadth-First Search",Medium
Apple,Number of provinces,"Breadth-First Search, Depth-First Search",Medium
Apple,Rotten Oranges,"Array, Breadth-First Search",Medium
Apple,Surrounded Regions,"Array, Breadth-First Search",Medium
Apple,Assign Cookies,"Array, Greedy",Easy
Apple,Jump Game - I,"Array, Dynamic Programming",Easy
Apple,Lemonade Change,"Array, Greedy",Easy
Apple,Candy,"Array, Greedy",Hard
Apple,Valid Paranthesis Checker,"String, Stack",Hard
Apple,Insert Interval,Array,Medium
Apple,Job sequencing Problem,"Dynamic Programming, Greedy",Medium
Apple,Minimum number of platforms required for a railway,"Greedy, Sorting",Medium
Apple,N meetings in one room,"Greedy, Sorting",Medium
Apple,Non-overlapping Intervals,"Greedy, Sorting",Medium
Apple,Shortest Job First,"Greedy, Sorting",Medium
Apple,Count subarrays with given xor K,"Array, Hash Table",Hard
Apple,Longest subarray with sum K,- Medium,Medium
Apple,Design Twitter,"Design, Hash Table",Medium
Apple,Find Median from Data Stream,"Data Stream, Design",Hard
Apple,Kth largest element in a stream of running integers,"Binary Search Tree, Binary Tree",Hard
Apple,Maximum Sum Combination,"Array, Sorting",Hard
Apple,Merge K sorted Lists,"Divide and Conquer, Heap (Priority Queue)",Hard
Apple,Build heap from a given Array,"Array, Heap (Priority Queue)",Medium
Apple,Check if an array represents a min heap,"Array, Heap (Priority Queue)",Medium
Apple,Convert Min Heap to Max Heap,"Array, Heap (Priority Queue)",Medium
Apple,Heapify Algorithm,"Array, Heap (Priority Queue)",Medium
Apple,Heap Sort,"Array, Heap (Priority Queue)",Medium
Apple,Implement Max Heap,"Array, Heap (Priority Queue)",Medium
Apple,Implement Min Heap,"Array, Heap (Priority Queue)",Medium
Apple,Implement PQ using Heaps,"Array, Heap (Priority Queue)",Medium
Apple,K-th Largest element in an array,"Array, Divide and Conquer",Medium
Apple,Delete all occurrences of a key in DLL,"Doubly-Linked List, Linked List",Hard
Apple,Remove duplicates from sorted DLL,"Doubly-Linked List, Linked List",Hard
Apple,Clone a LL with random and next pointer,Linked List,Hard
Apple,Flattening of LL,"-, - Hard",Hard
Apple,Merge two Sorted Lists,"Linked List, Two Pointers",Hard
Apple,Reverse LL in group of given size K,"Linked List, Recursion",Hard
Apple,Rotate a LL,"Linked List, Two Pointers",Hard
Apple,Sort LL,"Divide and Conquer, Linked List",Hard
Apple,Add one to a number represented by LL,Linked List,Medium
Apple,Check if LL is palindrome or not,"Linked List, Recursion",Medium
Apple,Delete the middle node in LL,"Linked List, Two Pointers",Medium
Apple,Detect a loop in LL,"Hash Table, Linked List",Medium
Apple,Find the intersection point of Y LL,"Linked List, Two Pointers",Medium
Apple,Find the starting point in LL,"Linked List, Two Pointers",Medium
Apple,Length of loop in LL,"Linked List, Two Pointers",Medium
Apple,Add two numbers in Linked List,"Linked List, Math",Medium
Apple,Remove Nth node from the back of the LL,"Linked List, Two Pointers",Medium
Apple,Reverse a LL,Linked List,Medium
Apple,Segregate odd and even nodes in Linked List,Linked List,Medium
Apple,Sort a Linked List of 0's 1's and 2's,"Linked List, Sorting",Medium
Apple,Lowest Common Ancestor of a Binary Tree III,"Binary Tree, Hash Table",Medium
Apple,Count primes in range L to R,Math,Hard
Apple,Prime factorisation of a Number,Math,Hard
Apple,Print all primes till N,Math,Hard
Apple,Meeting Rooms,"Array, Sorting",Easy
Apple,Meeting Rooms II,"Array, Greedy",Medium
Apple,Merge Overlapping Subintervals,"Sorting, Two Pointers",Medium
Apple,Combination Sum,"Array, Backtracking",Medium
Apple,Combination Sum II,"Array, Backtracking",Medium
Apple,Combination Sum III,"Array, Backtracking",Medium
Apple,Subsets I,"Recursion, Backtracking",Medium
Apple,Subsets II,"Array, Backtracking",Medium
Apple,M Coloring Problem,"Recursion, Backtracking",Hard
Apple,N Queen,"Recursion, Backtracking",Hard
Apple,Palindrome partitioning,"Backtracking, Dynamic Programming",Hard
Apple,Rat in a Maze,"Recursion, Backtracking",Hard
Apple,Sudoku Solver,"Array, Backtracking",Hard
Apple,Word Search,"Array, Backtracking",Hard
Apple,Letter Combinations of a Phone Number,"Backtracking, Hash Table",Hard
Apple,Reverse Words in a String II,"String, Two Pointers",Medium
Apple,Shortest Distance from All Buildings,"Array, Breadth-First Search",Hard
Apple,Maximum Points You Can Obtain from Cards,"Array, Prefix Sum",Medium
Apple,Binary Subarrays With Sum,"Array, Hash Table",Hard
Apple,Count number of Nice subarrays,"Array, Hash Table",Hard
Apple,Number of Substrings Containing All Three Characters,"Hash Table, Sliding Window",Hard
Apple,Fruit Into Baskets,"Array, Hash Table",Medium
Apple,Longest Repeating Character Replacement,"Hash Table, Sliding Window",Hard
Apple,Longest Substring Without Repeating Characters,"Hash Table, Sliding Window",Medium
Apple,Max Consecutive Ones III,"Array, Binary Search",Medium
Apple,Minimum Window Substring,"Hash Table, Sliding Window",Hard
Apple,Celebrity Problem,"Graph, Greedy",Hard
Apple,Implement Min Stack,"Design, Stack",Hard
Apple,Largest rectangle in a histogram,"Array, Monotonic Stack",Hard
Apple,LFU Cache,"Design, Doubly-Linked List",Hard
Apple,LRU Cache,"Design, Doubly-Linked List",Medium
Apple,Maximum Rectangles,"Array, Dynamic Programming. Stack",Hard
Apple,Sliding Window Maximum,"Array, Heap (Priority Queue)",Hard
Apple,Stock span problem,"Array, Stack",Hard
Apple,Trapping Rainwater,"Array, Dynamic Programming",Hard
Apple,Balanced Paranthesis,"String, Greedy",Easy
Apple,Asteroid Collision,"Array, Simulation",Medium
Apple,Next Greater Element,"Array, Hash Table",Medium
Apple,Next Greater Element - 2,"Array, Monotonic Stack",Medium
Apple,Remove K Digits,"Greedy, Monotonic Stack",Medium
Apple,Sum of Subarray Minimums,"Array, Dynamic Programming",Medium
Apple,Sum of Subarray Ranges,"Array, Monotonic Stack",Medium
Apple,String to Integer (atoi),String,Medium
Apple,KMP Algorithm or LPS array,"String, Rolling Hash",Hard
Apple,Longest happy prefix,"Hash Function, Rolling Hash",Hard
Apple,Rabin Karp Algorithm,"String, String Matching",Hard
Apple,Shortest Palindrome,"Hash Function, Rolling Hash",Hard
Apple,Z function,Math,Hard
Apple,Count and say,String,Hard
Apple,Minimum number of bracket reversals to make an expression balanced,"String, Stack",Hard
Apple,Reverse every word in a string,String,Medium
Apple,Synonymous Sentences,"Array, Backtracking",Medium
Apple,Tree Diameter,"Breadth-First Search, Depth-First Search",Medium
Apple,Maximum XOR of two numbers in an array,"Array, Bit Manipulation",Hard
Apple,Maximum Xor with an element from an array,"Array, Bit Manipulation",Hard
Apple,Number of distinct substrings in a string,"Hash Function, Rolling Hash",Medium
Apple,Trie Implementation and Advanced Operations,"Trie, Implementation",Hard
Apple,Trie Implementation and Operations,"Trie, Implementation",Hard
Apple,Valid Word Abbreviation,"String, Two Pointers",Easy
Apple,Valid Word Square,"Array, Matrix",Easy
Arista Networks,Count Houses in a Circular Street II,"Data Stream, Design",Hard
Arista Networks,Inorder Successor in BST,"Binary Search Tree, Binary Tree",Medium
Arista Networks,Inorder Successor in BST II,"Binary Search Tree, Binary Tree",Medium
Arista Networks,Missing Element in Sorted Array,"Array, Binary Search",Medium
ARM,Find the repeating and missing number,"Array, Math",Hard
ARM,3 Sum,"Array, Sorting",Medium
ARM,Leaders in an Array,Array,Medium
ARM,Rearrange array elements by sign,"Array, Simulation",Medium
ARM,Maximum Consecutive Ones,Array,Easy
ARM,Find missing number,"Array, Bit Manipulation",Easy
ARM,Find row with maximum 1's,"Array, Matrix",Easy
ARM,Search in a 2D matrix,"Array, Binary Search",Hard
ARM,Book Allocation Problem,Binary Search,Hard
ARM,Kth element of 2 sorted arrays,"Array, Divide and Conquer",Medium
ARM,Lower Bound,"Array, Binary Search",Easy
ARM,Find out how many times the array is rotated,"Array, Binary Search",Easy
ARM,Search in rotated sorted array-I,"Array, Binary Search",Medium
ARM,Search in rotated sorted array-II,"Array, Binary Search",Medium
ARM,Single element in sorted array,"Array, Binary Search",Medium
ARM,Find the smallest divisor,"Array, Binary Search",Medium
ARM,Correct BST with two nodes swapped,"Tree, Depth-First Search",Hard
ARM,Two sum in BST,"Binary Search Tree, Binary Tree",Hard
ARM,Inorder successor and predecessor in BST,"Binary Search Tree, Tree",Medium
ARM,Construct a BT from Postorder and Inorder,"Array, Hash Table",Hard
ARM,Construct a BT from Preorder and Inorder,"Array, Binary Tree",Hard
ARM,Requirements needed to construct a unique BT,"Traversal, Algorithms",Medium
ARM,Serialize and De-serialize BT,"Binary Tree, Breadth-First Search",Hard
ARM,Maximum Width of BT,"Binary Tree, Breadth-First Search",Medium
ARM,Print root to leaf path in BT,"String, Backtracking",Medium
ARM,Maximum Depth in BT,"Binary Tree, Breadth-First Search",Medium
ARM,Maximum path sum,"Binary Tree, Depth-First Search",Medium
ARM,Inorder Traversal,"Binary Tree, Depth-First Search",Easy
ARM,Preorder Traversal,"Binary Tree, Depth-First Search",Easy
ARM,Minimum Bit Flips to Convert Number,Bit Manipulation,Medium
ARM,Single Number - II,"Array, Bit Manipulation",Medium
ARM,Climbing stairs,"Dynamic Programming, Math",Medium
ARM,Frog jump with K distances,Dynamic Programming,Medium
ARM,Maximum sum of non adjacent elements,"Array, Divide and Conquer",Medium
ARM,Minimum Falling Path Sum,"Array, Dynamic Programming",Medium
ARM,Unique paths II,"Array, Dynamic Programming",Medium
ARM,Best time to buy and sell stock,"Array, Dynamic Programming",Medium
ARM,Distinct subsequences,"Dynamic Programming, String",Hard
ARM,Longest palindromic subsequence,"Dynamic Programming, String",Hard
ARM,Wildcard matching,"Dynamic Programming, Greedy",Hard
ARM,Coin change II,"Array, Dynamic Programming",Hard
ARM,Subset sum equals to target,"Array, Dynamic Programming",Hard
ARM,Target sum,"Array, Backtracking",Hard
ARM,Matrix chain multiplication,"Array, Dynamic Programming",Hard
ARM,Convert Array to Doubly Linked List,"Doubly-Linked List, Hash Table",Easy
ARM,Delete Tail of Doubly Linked List,"Doubly-Linked List, Hash Table",Easy
ARM,Deletion of the tail of Linked List,"Linked List, Hash Table",Easy
ARM,Insertion at the head of Linked List,Linked List,Easy
ARM,Implement queue using Linkedlist,"Queue, Linked List",Easy
ARM,Implement Stack using Arrays,"Array, Stack",Easy
ARM,Implement Stack using Queue,"Design, Queue",Easy
ARM,Articulation point in graph,"Graph, Depth-First Search",Hard
ARM,Bridges in graph,"Biconnected Component, Depth-First Search",Hard
ARM,Bipartite graph,"Breadth-First Search, Depth-First Search",Hard
ARM,Detect a cycle in a directed graph,"Graph, Depth-First Search",Hard
ARM,Alien Dictionary,"Array, Breadth-First Search",Hard
ARM,Course Schedule II,"Breadth-First Search, Depth-First Search",Medium
ARM,Shortest path in undirected graph with unit weights,"Graph, Breadth-First Search",Hard
ARM,Number of operations to make network connected,"Depth-First Search, Breadth-First Search",Hard
ARM,Number of ways to arrive at destination,"Dynamic Programming, Graph",Hard
ARM,Traversal Techniques,"Depth-First Search, Breadth-First Search",Medium
ARM,Assign Cookies,"Array, Greedy",Easy
ARM,Candy,"Array, Greedy",Hard
ARM,N meetings in one room,"Greedy, Sorting",Medium
ARM,Design Twitter,"Design, Hash Table",Medium
ARM,Merge K sorted Lists,"Divide and Conquer, Heap (Priority Queue)",Hard
ARM,Implement Min Heap,"Array, Heap (Priority Queue)",Medium
ARM,Delete all occurrences of a key in DLL,"Doubly-Linked List, Linked List",Hard
ARM,Remove duplicates from sorted DLL,"Doubly-Linked List, Linked List",Hard
ARM,Clone a LL with random and next pointer,Linked List,Hard
ARM,Sort LL,"Divide and Conquer, Linked List",Hard
ARM,Add one to a number represented by LL,Linked List,Medium
ARM,Delete the middle node in LL,"Linked List, Two Pointers",Medium
ARM,Find the intersection point of Y LL,"Linked List, Two Pointers",Medium
ARM,Length of loop in LL,"Linked List, Two Pointers",Medium
ARM,Traversal in Linked List,Linked List,Easy
ARM,Segregate odd and even nodes in Linked List,Linked List,Medium
ARM,Print all primes till N,Math,Hard
ARM,Combination Sum III,"Array, Backtracking",Medium
ARM,M Coloring Problem,"Recursion, Backtracking",Hard
ARM,Rat in a Maze,"Recursion, Backtracking",Hard
ARM,Sudoku Solver,"Array, Backtracking",Hard
ARM,Binary Subarrays With Sum,"Array, Hash Table",Hard
ARM,Count number of Nice subarrays,"Array, Hash Table",Hard
ARM,Number of Substrings Containing All Three Characters,"Hash Table, Sliding Window",Hard
ARM,Longest Substring Without Repeating Characters,"Hash Table, Sliding Window",Medium
ARM,Max Consecutive Ones III,"Array, Binary Search",Medium
ARM,Minimum Window Substring,"Hash Table, Sliding Window",Hard
ARM,Bubble Sort,"Array, Sorting",Easy
ARM,Merge Sorting,"Array, Sorting",Medium
ARM,Celebrity Problem,"Graph, Greedy",Hard
ARM,Sliding Window Maximum,"Array, Heap (Priority Queue)",Hard
ARM,Trapping Rainwater,"Array, Dynamic Programming",Hard
ARM,Balanced Paranthesis,"String, Greedy",Easy
ARM,Asteroid Collision,"Array, Simulation",Medium
ARM,Remove K Digits,"Greedy, Monotonic Stack",Medium
ARM,Sum of Subarray Ranges,"Array, Monotonic Stack",Medium
ARM,Longest happy prefix,"Hash Function, Rolling Hash",Hard
ARM,Reverse every word in a string,String,Medium
ARM,Trie Implementation and Operations,"Trie, Implementation",Hard
Atlassian,Design Hit Counter,"Array, Binary Search",Medium
Atlassian,Design Snake Game,"Array, Design",Medium
Atlassian,Design Tic-Tac-Toe,"Array, Design",Medium
Atlassian,Logger Rate Limiter,"Data Stream, Design",Easy
Audible,Missing Number In Arithmetic Progression,"Array, Math",Easy
Aurora,Number of distinct islands,"Breadth-First Search, Depth-First Search",Medium
Autodesk,Set Matrix Zeroes,"Array, Matrix",Medium
Bain & Company,Count Inversions,"Array, Divide and Conquer",Hard
Bain & Company,Majority Element-II,"Array, Counting",Hard
Bain & Company,Maximum Product Subarray in an Array,"Array, Dynamic Programming",Hard
Bain & Company,Merge two sorted arrays without extra space,"Linked List, Recursion",Medium
Bain & Company,3 Sum,"Array, Sorting",Medium
Bain & Company,Kadane's Algorithm,"Array, Dynamic Programming",Medium
Bain & Company,Print the matrix in spiral manner,"Array, Matrix",Medium
Bain & Company,Maximum Consecutive Ones,Array,Easy
Bain & Company,Move Zeros to End,"Array, Two Pointers",Easy
Bain & Company,Find Peak Element - II,"Array, Binary Search",Medium
Bain & Company,Search in 2D matrix - II,"Array, Binary Search",Hard
Bain & Company,First and last occurrence,"Array, Binary Search",Easy
Bain & Company,Search in rotated sorted array-II,"Array, Binary Search",Medium
Bain & Company,Single element in sorted array,"Array, Binary Search",Medium
Bain & Company,Find square root of a number,"Array, Binary Search",Medium
Bain & Company,Largest BST in Binary Tree,"Binary Search, Binary Search Tree",Hard
Bain & Company,Two sum in BST,"Binary Search Tree, Binary Tree",Hard
Bain & Company,Insert a given node in BST,"Tree, Binary Search Tree",Medium
Bain & Company,Search in BST,"Tree, Depth-First Search",Easy
Bain & Company,Construct a BT from Postorder and Inorder,"Array, Hash Table",Hard
Bain & Company,Print root to leaf path in BT,"String, Backtracking",Medium
Bain & Company,Right/Left View of BT,"Tree, Depth-First Search",Medium
Bain & Company,Vertical Order Traversal,"Binary Tree, Breadth-First Search",Medium
Bain & Company,Maximum Depth in BT,"Binary Tree, Breadth-First Search",Medium
Bain & Company,Maximum path sum,"Binary Tree, Depth-First Search",Medium
Bain & Company,Postorder Traversal,"Binary Tree, Depth-First Search",Easy
Bain & Company,Divide two numbers without multiplication and division,"Bit Manipulation, Math",Medium
Bain & Company,XOR of numbers in a given range,Brute,Medium
Bain & Company,Longest common subsequence,"Dynamic Programming, String",Hard
Bain & Company,Longest common substring,"String, Dynamic Programming",Hard
Bain & Company,Partition a set into two subsets with minimum absolute sum difference,Dynamic Programming,Hard
Bain & Company,Palindrome partitioning II,"String, Dynamic Programming",Hard
Bain & Company,Delete Kth Element of Doubly Linked List,"Doubly-Linked List, Hash Table",Easy
Bain & Company,Delete Tail of Doubly Linked List,"Doubly-Linked List, Hash Table",Easy
Bain & Company,Insert before given node in Doubly Linked List,"Doubly-Linked List, Linked List",Easy
Bain & Company,Insertion before the value X in Linked List,Linked List,Easy
Bain & Company,Removing given node in Doubly Linked List,"Doubly-Linked List, Linked List",Easy
Bain & Company,Implement Queue using Stack,"Design, Queue",Easy
Bain & Company,Kosaraju's algorithm,"Graph, Depth-First Search",Hard
Bain & Company,Word ladder II,"Backtracking, Breadth-First Search",Hard
Bain & Company,Accounts merge,"Array, Hash Table",Hard
Bain & Company,Dijkstra's algorithm,"Graph, Heap (Priority Queue)",Hard
Bain & Company,Rotten Oranges,"Array, Breadth-First Search",Medium
Bain & Company,Candy,"Array, Greedy",Hard
Bain & Company,Insert Interval,Array,Medium
Bain & Company,N meetings in one room,"Greedy, Sorting",Medium
Bain & Company,Merge K sorted Lists,"Divide and Conquer, Heap (Priority Queue)",Hard
Bain & Company,Convert Min Heap to Max Heap,"Array, Heap (Priority Queue)",Medium
Bain & Company,Implement Min Heap,"Array, Heap (Priority Queue)",Medium
Bain & Company,K-th Largest element in an array,"Array, Divide and Conquer",Medium
Bain & Company,Remove duplicates from sorted DLL,"Doubly-Linked List, Linked List",Hard
Bain & Company,Clone a LL with random and next pointer,Linked List,Hard
Bain & Company,Merge two Sorted Lists,"Linked List, Two Pointers",Hard
Bain & Company,Find the intersection point of Y LL,"Linked List, Two Pointers",Medium
Bain & Company,Find the starting point in LL,"Linked List, Two Pointers",Medium
Bain & Company,Traversal in Linked List,Linked List,Easy
Bain & Company,Reverse a LL,Linked List,Medium
Bain & Company,Sort a Linked List of 0's 1's and 2's,"Linked List, Sorting",Medium
Bain & Company,Count primes in range L to R,Math,Hard
Bain & Company,Print all primes till N,Math,Hard
Bain & Company,Combination Sum II,"Array, Backtracking",Medium
Bain & Company,M Coloring Problem,"Recursion, Backtracking",Hard
Bain & Company,Power Set,"Recursion, Backtracking",Medium
Bain & Company,Check if there exists a subsequence with sum K,"Array, Dynamic Programming",Easy
Bain & Company,Count all subsequences with sum K,Recursion,Easy
Bain & Company,Binary Subarrays With Sum,"Array, Hash Table",Hard
Bain & Company,Minimum Window Substring,"Hash Table, Sliding Window",Hard
Bain & Company,Insertion Sorting,"Array, Sorting",Easy
Bain & Company,LFU Cache,"Design, Doubly-Linked List",Hard
Bain & Company,Maximum Rectangles,"Array, Dynamic Programming. Stack",Hard
Bain & Company,Sliding Window Maximum,"Array, Heap (Priority Queue)",Hard
Bain & Company,Rabin Karp Algorithm,"String, String Matching",Hard
Bain & Company,Z function,Math,Hard
Bain & Company,Reverse every word in a string,String,Medium
Bain & Company,Number of distinct substrings in a string,"Hash Function, Rolling Hash",Medium
Bitgo,Longest Substring With At Most K Distinct Characters,"Hash Table, Sliding Window",Hard
BlackRock,Boundary of Binary Tree,"Binary Tree, Breadth-First Search",Medium
BlackRock,Maximum Profit From Trading Stocks,"Array, Dynamic Programming",Medium
BlackRock,Maximum Subtree of the Same Color,"Array, Depth-First Search",Medium
Blizzard,Count Houses in a Circular Street II,"Data Stream, Design",Hard
Block,The Maze,"Array, Breadth-First Search",Medium
Bloom Berg,Sparse Matrix Multiplication,"Array, Hash Table",Medium
Bloomberg,Count Inversions,"Array, Divide and Conquer",Hard
Bloomberg,Majority Element-I,"Array, Counting",Easy
Bloomberg,Print the matrix in spiral manner,"Array, Matrix",Medium
Bloomberg,Rearrange array elements by sign,"Array, Simulation",Medium
Bloomberg,Sort an array of 0's 1's and 2's,"Array, Sorting",Medium
Bloomberg,Find missing number,"Array, Bit Manipulation",Easy
Bloomberg,Intersection of two sorted arrays,"Array, Sorting",Easy
Bloomberg,Binary Tree Vertical Order Traversal,"Binary Tree, Breadth-First Search",Medium
Bloomberg,Find row with maximum 1's,"Array, Matrix",Easy
Bloomberg,Matrix Median,"Matrix, Binary Search",Hard
Bloomberg,Search in a 2D matrix,"Array, Binary Search",Hard
Bloomberg,Find peak element,"Array, Binary Search",Medium
Bloomberg,Upper Bound,"Array, Binary Search",Easy
Bloomberg,Construct a BST from a preorder traversal,"Array, Binary Search Tree",Medium
Bloomberg,Insert a given node in BST,"Tree, Binary Search Tree",Medium
Bloomberg,LCA in BST,"Binary Search Tree, Binary Tree",Medium
Bloomberg,Requirements needed to construct a unique BT,"Traversal, Algorithms",Medium
Bloomberg,Boundary Traversal,"Tree, Data Structures",Medium
Bloomberg,Count total nodes in a complete BT,"Binary Search, Bit Manipulation",Easy
Bloomberg,Maximum Width of BT,"Binary Tree, Breadth-First Search",Medium
Bloomberg,Print all nodes at a distance of K in BT,"Hash Table, Tree",Hard
Bloomberg,Right/Left View of BT,"Tree, Depth-First Search",Medium
Bloomberg,Top View of BT,"Binary Search Tree, Tree",Medium
Bloomberg,Diameter of Binary Tree,"Binary Tree, Depth-First Search",Easy
Bloomberg,Inorder Traversal,"Binary Tree, Depth-First Search",Easy
Bloomberg,Level Order Traversal,"Binary Tree, Breadth-First Search",Easy
Bloomberg,Preorder Traversal,"Binary Tree, Depth-First Search",Easy
Bloomberg,Morris Inorder Traversal,"Stack, Tree",Hard
Bloomberg,Divide two numbers without multiplication and division,"Bit Manipulation, Math",Medium
Bloomberg,Single Number - III,"Array, Bit Manipulation",Medium
Bloomberg,Candy Crush,"Array, Matrix",Medium
Bloomberg,Check if a Number is Power of 2 or Not,Math,Easy
Bloomberg,Count the Number of Set Bits,"Bit Manipulation, Math",Easy
Bloomberg,Design a Leaderboard,"Design, Hash Table",Medium
Bloomberg,Design Hit Counter,"Array, Binary Search",Medium
Bloomberg,Design Most Recently Used Queue,"Array, Binary Indexed Tree",Medium
Bloomberg,Dot Product of Two Sparse Vectors,"Array, Design",Medium
Bloomberg,Best time to buy and sell stock II,"Array, Dynamic Programming",Medium
Bloomberg,Best time to buy and sell stock IV,"Array, Dynamic Programming",Medium
Bloomberg,Distinct subsequences,"Dynamic Programming, String",Hard
Bloomberg,Edit distance,"Dynamic Programming, String",Hard
Bloomberg,Longest common substring,"String, Dynamic Programming",Hard
Bloomberg,Minimum insertions or deletions to convert string A to B,Dynamic Programming,Hard
Bloomberg,Shortest common supersequence,"Dynamic Programming, String",Hard
Bloomberg,Partition a set into two subsets with minimum absolute sum difference,Dynamic Programming,Hard
Bloomberg,Subset sum equals to target,"Array, Dynamic Programming",Hard
Bloomberg,Target sum,"Array, Backtracking",Hard
Bloomberg,Matrix chain multiplication,"Array, Dynamic Programming",Hard
Bloomberg,Convert Array to Doubly Linked List,"Doubly-Linked List, Hash Table",Easy
Bloomberg,Delete the element with value X,"Linked List, Hash Table",Easy
Bloomberg,Deletion of the Kth element of Linked List,Linked List,Easy
Bloomberg,Deletion of the tail of Linked List,"Linked List, Hash Table",Easy
Bloomberg,Insertion at the tail of Linked List,Linked List,Easy
Bloomberg,Removing given node in Doubly Linked List,"Doubly-Linked List, Linked List",Easy
Bloomberg,Implement Queue using Arrays,"Queue, Data Structures",Easy
Bloomberg,Implement stack using Linkedlist,"Stack, Linked List",Easy
Bloomberg,Implement Stack using Queue,"Design, Queue",Easy
Bloomberg,Detect a cycle in an undirected graph,"Graph, Depth-First Search",Hard
Bloomberg,Topological sort or Kahn's algorithm,"Graph, Depth-First Search",Hard
Bloomberg,Alien Dictionary,"Array, Breadth-First Search",Hard
Bloomberg,Word ladder I,"Breadth-First Search, Hash Table",Hard
Bloomberg,Word ladder II,"Backtracking, Breadth-First Search",Hard
Bloomberg,Most stones removed with same row or column,"Depth-First Search, Graph",Medium
Bloomberg,Number of operations to make network connected,"Depth-First Search, Breadth-First Search",Hard
Bloomberg,Floyd warshall algorithm,"Dynamic Programming, Graph",Hard
Bloomberg,Path with minimum effort,"Array, Binary Search",Hard
Bloomberg,Distance of nearest cell having one,"Array, Breadth-First Search",Medium
Bloomberg,Flood fill algorithm,"Array, Breadth-First Search",Medium
Bloomberg,Candy,"Array, Greedy",Hard
Bloomberg,Valid Paranthesis Checker,"String, Stack",Hard
Bloomberg,Insert Interval,Array,Medium
Bloomberg,Job sequencing Problem,"Dynamic Programming, Greedy",Medium
Bloomberg,Non-overlapping Intervals,"Greedy, Sorting",Medium
Bloomberg,Longest subarray with sum K,- Medium,Medium
Bloomberg,Find Median from Data Stream,"Data Stream, Design",Hard
Bloomberg,Kth largest element in a stream of running integers,"Binary Search Tree, Binary Tree",Hard
Bloomberg,Maximum Sum Combination,"Array, Sorting",Hard
Bloomberg,Heapify Algorithm,"Array, Heap (Priority Queue)",Medium
Bloomberg,Implement Min Heap,"Array, Heap (Priority Queue)",Medium
Bloomberg,Implement PQ using Heaps,"Array, Heap (Priority Queue)",Medium
Bloomberg,Kill Process,"Array, Breadth-First Search",Medium
Bloomberg,Flattening of LL,"-, - Hard",Hard
Bloomberg,Rotate a LL,"Linked List, Two Pointers",Hard
Bloomberg,Check if LL is palindrome or not,"Linked List, Recursion",Medium
Bloomberg,Find the intersection point of Y LL,"Linked List, Two Pointers",Medium
Bloomberg,Find the starting point in LL,"Linked List, Two Pointers",Medium
Bloomberg,Length of loop in LL,"Linked List, Two Pointers",Medium
Bloomberg,Remove Nth node from the back of the LL,"Linked List, Two Pointers",Medium
Bloomberg,Logger Rate Limiter,"Data Stream, Design",Easy
Bloomberg,Print all primes till N,Math,Hard
Bloomberg,Maximum Number of Accepted Invitations,"Array, Depth-First Search",Medium
Bloomberg,Meeting Rooms,"Array, Sorting",Easy
Bloomberg,Meeting Rooms II,"Array, Greedy",Medium
Bloomberg,Merge Overlapping Subintervals,"Sorting, Two Pointers",Medium
Bloomberg,Optimal Account Balancing,"Array, Backtracking",Hard
Bloomberg,Palindrome Permutation,"Bit Manipulation, Hash Table",Easy
Bloomberg,Range Sum Query 2D - Mutable,"Array, Design",Medium
Bloomberg,Subsets I,"Recursion, Backtracking",Medium
Bloomberg,"Pow(x,n)","Math, Recursion",Medium
Bloomberg,Power Set,"Recursion, Backtracking",Medium
Bloomberg,Check if there exists a subsequence with sum K,"Array, Dynamic Programming",Easy
Bloomberg,Set Matrix Zeroes,"Array, Matrix",Medium
Bloomberg,shortest-path-in-a-hidden-grid,"Breadth-First Search, Depth-First Search",Easy
Bloomberg,Shortest Path to Get Food,"Array, Breadth-First Search",Medium
Bloomberg,Longest Substring Without Repeating Characters,"Hash Table, Sliding Window",Medium
Bloomberg,Quick Sorting,"Array, Sorting",Easy
Bloomberg,Trapping Rainwater,"Array, Dynamic Programming",Hard
Bloomberg,Remove K Digits,"Greedy, Monotonic Stack",Medium
Bloomberg,String to Integer (atoi),String,Medium
Bloomberg,Rabin Karp Algorithm,"String, String Matching",Hard
Bloomberg,Z function,Math,Hard
Bloomberg,Number of distinct substrings in a string,"Hash Function, Rolling Hash",Medium
Bloomberg,Trie Implementation and Advanced Operations,"Trie, Implementation",Hard
Bloomberg,Trie Implementation and Operations,"Trie, Implementation",Hard
Boston Consulting Group,Count Inversions,"Array, Divide and Conquer",Hard
Boston Consulting Group,Reverse Pairs,"Array, Binary Indexed Tree",Hard
Boston Consulting Group,Rotate matrix by 90 degrees,"Array, Math",Medium
Boston Consulting Group,Sort an array of 0's 1's and 2's,"Array, Sorting",Medium
Boston Consulting Group,Intersection of two sorted arrays,"Array, Sorting",Easy
Boston Consulting Group,Move Zeros to End,"Array, Two Pointers",Easy
Boston Consulting Group,Union of two sorted arrays,"Array, Two Pointers",Easy
Boston Consulting Group,Matrix Median,"Matrix, Binary Search",Hard
Boston Consulting Group,Find out how many times the array is rotated,"Array, Binary Search",Easy
Boston Consulting Group,First and last occurrence,"Array, Binary Search",Easy
Boston Consulting Group,Largest BST in Binary Tree,"Binary Search, Binary Search Tree",Hard
Boston Consulting Group,Inorder successor and predecessor in BST,"Binary Search Tree, Tree",Medium
Boston Consulting Group,Kth Smallest and Largest element in BST,"Binary Search Tree, Binary Tree",Medium
Boston Consulting Group,LCA in BT,"Binary Tree, Depth-First Search",Hard
Boston Consulting Group,Minimum time taken to burn the BT from a given Node,"Hash Table, Tree",Hard
Boston Consulting Group,Print root to leaf path in BT,"String, Backtracking",Medium
Boston Consulting Group,Vertical Order Traversal,"Binary Tree, Breadth-First Search",Medium
Boston Consulting Group,Check for symmetrical BTs,"Tree, Depth-First Search",Medium
Boston Consulting Group,Check if two trees are identical or not,"Tree, Depth-First Search",Medium
Boston Consulting Group,Maximum path sum,"Binary Tree, Depth-First Search",Medium
Boston Consulting Group,Inorder Traversal,"Binary Tree, Depth-First Search",Easy
Boston Consulting Group,Preorder Traversal,"Binary Tree, Depth-First Search",Easy
Boston Consulting Group,Morris Inorder Traversal,"Stack, Tree",Hard
Boston Consulting Group,Minimum Bit Flips to Convert Number,Bit Manipulation,Medium
Boston Consulting Group,Single Number - III,"Array, Bit Manipulation",Medium
Boston Consulting Group,House robber,"Array, Dynamic Programming",Medium
Boston Consulting Group,Best time to buy and sell stock,"Array, Dynamic Programming",Medium
Boston Consulting Group,Longest palindromic subsequence,"Dynamic Programming, String",Hard
Boston Consulting Group,Minimum insertions to make string palindrome,"Dynamic Programming, String",Hard
Boston Consulting Group,Shortest common supersequence,"Dynamic Programming, String",Hard
Boston Consulting Group,Count partitions with given difference,"Array, Math",Hard
Boston Consulting Group,Partition a set into two subsets with minimum absolute sum difference,Dynamic Programming,Hard
Boston Consulting Group,Rod cutting problem,"Array, Dynamic Programming",Hard
Boston Consulting Group,Matrix chain multiplication,"Array, Dynamic Programming",Hard
Boston Consulting Group,Palindrome partitioning II,"String, Dynamic Programming",Hard
Boston Consulting Group,Delete head of Doubly Linked List,"Doubly-Linked List, Hash Table",Easy
Boston Consulting Group,Delete Kth Element of Doubly Linked List,"Doubly-Linked List, Hash Table",Easy
Boston Consulting Group,Insert before given node in Doubly Linked List,"Doubly-Linked List, Linked List",Easy
Boston Consulting Group,Insert node before (kth node) in Doubly Linked List,"Doubly-Linked List, Linked List",Easy
Boston Consulting Group,Implement Queue using Arrays,"Queue, Data Structures",Easy
Boston Consulting Group,Implement queue using Linkedlist,"Queue, Linked List",Easy
Boston Consulting Group,Articulation point in graph,"Graph, Depth-First Search",Hard
Boston Consulting Group,Bipartite graph,"Breadth-First Search, Depth-First Search",Hard
Boston Consulting Group,Detect a cycle in a directed graph,"Graph, Depth-First Search",Hard
Boston Consulting Group,Detect a cycle in an undirected graph,"Graph, Depth-First Search",Hard
Boston Consulting Group,Course Schedule I,"Breadth-First Search, Depth-First Search",Hard
Boston Consulting Group,Shortest path in DAG,"Graph, Topological Sort",Hard
Boston Consulting Group,Shortest path in undirected graph with unit weights,"Graph, Breadth-First Search",Hard
Boston Consulting Group,Making a large island,"Array, Breadth-First Search",Hard
Boston Consulting Group,Number of operations to make network connected,"Depth-First Search, Breadth-First Search",Hard
Boston Consulting Group,Find the city with the smallest number of neighbors,"Dynamic Programming, Graph",Hard
Boston Consulting Group,Floyd warshall algorithm,"Dynamic Programming, Graph",Hard
Boston Consulting Group,Number of ways to arrive at destination,"Dynamic Programming, Graph",Hard
Boston Consulting Group,Traversal Techniques,"Depth-First Search, Breadth-First Search",Medium
Boston Consulting Group,Distance of nearest cell having one,"Array, Breadth-First Search",Medium
Boston Consulting Group,Surrounded Regions,"Array, Breadth-First Search",Medium
Boston Consulting Group,Jump Game - I,"Array, Dynamic Programming",Easy
Boston Consulting Group,Valid Paranthesis Checker,"String, Stack",Hard
Boston Consulting Group,Longest subarray with sum K,- Medium,Medium
Boston Consulting Group,Design Twitter,"Design, Hash Table",Medium
Boston Consulting Group,Find Median from Data Stream,"Data Stream, Design",Hard
Boston Consulting Group,Merge K sorted Lists,"Divide and Conquer, Heap (Priority Queue)",Hard
Boston Consulting Group,Build heap from a given Array,"Array, Heap (Priority Queue)",Medium
Boston Consulting Group,Implement Max Heap,"Array, Heap (Priority Queue)",Medium
Boston Consulting Group,Implement Min Heap,"Array, Heap (Priority Queue)",Medium
Boston Consulting Group,Implement PQ using Heaps,"Array, Heap (Priority Queue)",Medium
Boston Consulting Group,Rotate a LL,"Linked List, Two Pointers",Hard
Boston Consulting Group,Add one to a number represented by LL,Linked List,Medium
Boston Consulting Group,Check if LL is palindrome or not,"Linked List, Recursion",Medium
Boston Consulting Group,Find the starting point in LL,"Linked List, Two Pointers",Medium
Boston Consulting Group,Length of loop in LL,"Linked List, Two Pointers",Medium
Boston Consulting Group,Prime factorisation of a Number,Math,Hard
Boston Consulting Group,Combination Sum,"Array, Backtracking",Medium
Boston Consulting Group,Subsets I,"Recursion, Backtracking",Medium
Boston Consulting Group,Rat in a Maze,"Recursion, Backtracking",Hard
Boston Consulting Group,Letter Combinations of a Phone Number,"Backtracking, Hash Table",Hard
Boston Consulting Group,Generate Parentheses,"Backtracking, Dynamic Programming",Medium
Boston Consulting Group,Power Set,"Recursion, Backtracking",Medium
Boston Consulting Group,Check if there exists a subsequence with sum K,"Array, Dynamic Programming",Easy
Boston Consulting Group,Count all subsequences with sum K,Recursion,Easy
Boston Consulting Group,Maximum Points You Can Obtain from Cards,"Array, Prefix Sum",Medium
Boston Consulting Group,Count number of Nice subarrays,"Array, Hash Table",Hard
Boston Consulting Group,Longest Repeating Character Replacement,"Hash Table, Sliding Window",Hard
Boston Consulting Group,Minimum Window Substring,"Hash Table, Sliding Window",Hard
Boston Consulting Group,Quick Sorting,"Array, Sorting",Easy
Boston Consulting Group,Selection Sort,"Array, Sorting",Easy
Boston Consulting Group,Stock span problem,"Array, Stack",Hard
Boston Consulting Group,Sum of Subarray Minimums,"Array, Dynamic Programming",Medium
Boston Consulting Group,Count and say,String,Hard
Boston Consulting Group,Reverse every word in a string,String,Medium
Boston Consulting Group,Maximum Xor with an element from an array,"Array, Bit Manipulation",Hard
Boston Consulting Group,Number of distinct substrings in a string,"Hash Function, Rolling Hash",Medium
Boston Consulting Group,Trie Implementation and Advanced Operations,"Trie, Implementation",Hard
Box,Count the Number of Set Bits,"Bit Manipulation, Math",Easy
Bridgewater Associates,Count Strictly Increasing Subarrays,"Array, Dynamic Programming",Medium
Broadcom,Count Inversions,"Array, Divide and Conquer",Hard
Broadcom,Reverse Pairs,"Array, Binary Indexed Tree",Hard
Broadcom,Kadane's Algorithm,"Array, Dynamic Programming",Medium
Broadcom,Leaders in an Array,Array,Medium
Broadcom,Sort an array of 0's 1's and 2's,"Array, Sorting",Medium
Broadcom,Aggressive Cows,Binary Search,Hard
Broadcom,Book Allocation Problem,Binary Search,Hard
Broadcom,Find peak element,"Array, Binary Search",Medium
Broadcom,Split array - largest sum,"Array, Binary Search",Hard
Broadcom,Lower Bound,"Array, Binary Search",Easy
Broadcom,Upper Bound,"Array, Binary Search",Easy
Broadcom,Single element in sorted array,"Array, Binary Search",Medium
Broadcom,Find Nth root of a number,"Array, Binary Search",Medium
Broadcom,Find the smallest divisor,"Array, Binary Search",Medium
Broadcom,Largest BST in Binary Tree,"Binary Search, Binary Search Tree",Hard
Broadcom,Insert a given node in BST,"Tree, Binary Search Tree",Medium
Broadcom,Floor and Ceil in a BST,"Binary Search Tree, Data Structures",Easy
Broadcom,Serialize and De-serialize BT,"Binary Tree, Breadth-First Search",Hard
Broadcom,Count total nodes in a complete BT,"Binary Search, Bit Manipulation",Easy
Broadcom,LCA in BT,"Binary Tree, Depth-First Search",Hard
Broadcom,Maximum Width of BT,"Binary Tree, Breadth-First Search",Medium
Broadcom,Print all nodes at a distance of K in BT,"Hash Table, Tree",Hard
Broadcom,Check if two trees are identical or not,"Tree, Depth-First Search",Medium
Broadcom,Maximum Depth in BT,"Binary Tree, Breadth-First Search",Medium
Broadcom,Inorder Traversal,"Binary Tree, Depth-First Search",Easy
Broadcom,"Pre, Post, Inorder in one traversal","Stack, Tree",Easy
Broadcom,Preorder Traversal,"Binary Tree, Depth-First Search",Easy
Broadcom,XOR of numbers in a given range,Brute,Medium
Broadcom,Climbing stairs,"Dynamic Programming, Math",Medium
Broadcom,Cherry pickup II,"Array, Dynamic Programming",Hard
Broadcom,Best time to buy and sell stock II,"Array, Dynamic Programming",Medium
Broadcom,Best time to buy and sell stock III,"Array, Dynamic Programming",Medium
Broadcom,Best time to buy and sell stock IV,"Array, Dynamic Programming",Medium
Broadcom,Best time to buy and sell stock with transaction fees,"Array, Dynamic Programming",Medium
Broadcom,Longest common subsequence,"Dynamic Programming, String",Hard
Broadcom,0 and 1 Knapsack,Dynamic Programming,Hard
Broadcom,Partition equal subset sum,"Array, Dynamic Programming",Hard
Broadcom,Subset sum equals to target,"Array, Dynamic Programming",Hard
Broadcom,Unbounded knapsack,Dynamic Programming,Hard
Broadcom,Burst balloons,"Array, Dynamic Programming",Hard
Broadcom,Convert Array to Doubly Linked List,"Doubly-Linked List, Hash Table",Easy
Broadcom,Deletion of the tail of Linked List,"Linked List, Hash Table",Easy
Broadcom,Insertion before the value X in Linked List,Linked List,Easy
Broadcom,Insert node before head in Doubly Linked List,"Doubly-Linked List, Linked List",Easy
Broadcom,Insert node before tail in Doubly Linked List,"Doubly-Linked List, Linked List",Easy
Broadcom,Implement queue using Linkedlist,"Queue, Linked List",Easy
Broadcom,Implement Stack using Arrays,"Array, Stack",Easy
Broadcom,Bipartite graph,"Breadth-First Search, Depth-First Search",Hard
Broadcom,Detect a cycle in a directed graph,"Graph, Depth-First Search",Hard
Broadcom,Detect a cycle in an undirected graph,"Graph, Depth-First Search",Hard
Broadcom,Shortest path in DAG,"Graph, Topological Sort",Hard
Broadcom,Word ladder II,"Backtracking, Breadth-First Search",Hard
Broadcom,Accounts merge,"Array, Hash Table",Hard
Broadcom,Most stones removed with same row or column,"Depth-First Search, Graph",Medium
Broadcom,Disjoint Set,"Union Find, Algorithms",Hard
Broadcom,Find the MST weight,"Union Find, Graph",Hard
Broadcom,Find the city with the smallest number of neighbors,"Dynamic Programming, Graph",Hard
Broadcom,Print Shortest Path,"Breadth-First Search, Graph",Hard
Broadcom,Traversal Techniques,"Depth-First Search, Breadth-First Search",Medium
Broadcom,Distance of nearest cell having one,"Array, Breadth-First Search",Medium
Broadcom,Flood fill algorithm,"Array, Breadth-First Search",Medium
Broadcom,Number of islands,"Array, Breadth-First Search",Medium
Broadcom,Assign Cookies,"Array, Greedy",Easy
Broadcom,Jump Game - I,"Array, Dynamic Programming",Easy
Broadcom,Minimum number of platforms required for a railway,"Greedy, Sorting",Medium
Broadcom,Count subarrays with given xor K,"Array, Hash Table",Hard
Broadcom,Maximum Sum Combination,"Array, Sorting",Hard
Broadcom,Convert Min Heap to Max Heap,"Array, Heap (Priority Queue)",Medium
Broadcom,Implement Min Heap,"Array, Heap (Priority Queue)",Medium
Broadcom,K-th Largest element in an array,"Array, Divide and Conquer",Medium
Broadcom,Flattening of LL,"-, - Hard",Hard
Broadcom,Sort LL,"Divide and Conquer, Linked List",Hard
Broadcom,Detect a loop in LL,"Hash Table, Linked List",Medium
Broadcom,Length of loop in LL,"Linked List, Two Pointers",Medium
Broadcom,Traversal in Linked List,Linked List,Easy
Broadcom,Reverse a LL,Linked List,Medium
Broadcom,Count primes in range L to R,Math,Hard
Broadcom,Combination Sum,"Array, Backtracking",Medium
Broadcom,Combination Sum II,"Array, Backtracking",Medium
Broadcom,M Coloring Problem,"Recursion, Backtracking",Hard
Broadcom,N Queen,"Recursion, Backtracking",Hard
Broadcom,Rat in a Maze,"Recursion, Backtracking",Hard
Broadcom,Sudoku Solver,"Array, Backtracking",Hard
Broadcom,Letter Combinations of a Phone Number,"Backtracking, Hash Table",Hard
Broadcom,Count number of Nice subarrays,"Array, Hash Table",Hard
Broadcom,Fruit Into Baskets,"Array, Hash Table",Medium
Broadcom,Bubble Sort,"Array, Sorting",Easy
Broadcom,Merge Sorting,"Array, Sorting",Medium
Broadcom,Selection Sort,"Array, Sorting",Easy
Broadcom,LRU Cache,"Design, Doubly-Linked List",Medium
Broadcom,Balanced Paranthesis,"String, Greedy",Easy
Broadcom,Asteroid Collision,"Array, Simulation",Medium
Broadcom,Rabin Karp Algorithm,"String, String Matching",Hard
Broadcom,Reverse every word in a string,String,Medium
Broadcom,Maximum Xor with an element from an array,"Array, Bit Manipulation",Hard
Broadcom,Trie Implementation and Operations,"Trie, Implementation",Hard
Bungie,Majority Element-II,"Array, Counting",Hard
Bungie,Leaders in an Array,Array,Medium
Bungie,Next Permutation,"Array, Two Pointers",Medium
Bungie,Pascal's Triangle III,"Array, Dynamic Programming",Medium
Bungie,Rearrange array elements by sign,"Array, Simulation",Medium
Bungie,Rotate matrix by 90 degrees,"Array, Math",Medium
Bungie,Left Rotate Array by One,"Array, Implementation",Easy
Bungie,Intersection of two sorted arrays,"Array, Sorting",Easy
Bungie,Find Peak Element - II,"Array, Binary Search",Medium
Bungie,Aggressive Cows,Binary Search,Hard
Bungie,Median of 2 sorted arrays,"Array, Binary Search",Hard
Bungie,Single element in sorted array,"Array, Binary Search",Medium
Bungie,Find Nth root of a number,"Array, Binary Search",Medium
Bungie,Two sum in BST,"Binary Search Tree, Binary Tree",Hard
Bungie,Check if a tree is a BST or not,"Tree, Depth-First Search",Medium
Bungie,Construct a BST from a preorder traversal,"Array, Binary Search Tree",Medium
Bungie,Inorder successor and predecessor in BST,"Binary Search Tree, Tree",Medium
Bungie,Kth Smallest and Largest element in BST,"Binary Search Tree, Binary Tree",Medium
Bungie,Serialize and De-serialize BT,"Binary Tree, Breadth-First Search",Hard
Bungie,Boundary Traversal,"Tree, Data Structures",Medium
Bungie,Print all nodes at a distance of K in BT,"Hash Table, Tree",Hard
Bungie,Maximum Depth in BT,"Binary Tree, Breadth-First Search",Medium
Bungie,Level Order Traversal,"Binary Tree, Breadth-First Search",Easy
Bungie,Single Number - II,"Array, Bit Manipulation",Medium
Bungie,Frog jump with K distances,Dynamic Programming,Medium
Bungie,House robber,"Array, Dynamic Programming",Medium
Bungie,Maximum sum of non adjacent elements,"Array, Divide and Conquer",Medium
Bungie,Unique paths II,"Array, Dynamic Programming",Medium
Bungie,Best time to buy and sell stock II,"Array, Dynamic Programming",Medium
Bungie,Best time to buy and sell stock with transaction fees,"Array, Dynamic Programming",Medium
Bungie,Distinct subsequences,"Dynamic Programming, String",Hard
Bungie,Longest common subsequence,"Dynamic Programming, String",Hard
Bungie,Longest palindromic subsequence,"Dynamic Programming, String",Hard
Bungie,Shortest common supersequence,"Dynamic Programming, String",Hard
Bungie,0 and 1 Knapsack,Dynamic Programming,Hard
Bungie,Coin change II,"Array, Dynamic Programming",Hard
Bungie,Minimum coins,Dynamic Programming,Hard
Bungie,Partition a set into two subsets with minimum absolute sum difference,Dynamic Programming,Hard
Bungie,Rod cutting problem,"Array, Dynamic Programming",Hard
Bungie,Subset sum equals to target,"Array, Dynamic Programming",Hard
Bungie,Target sum,"Array, Backtracking",Hard
Bungie,Unbounded knapsack,Dynamic Programming,Hard
Bungie,Convert Array to Doubly Linked List,"Doubly-Linked List, Hash Table",Easy
Bungie,Delete Tail of Doubly Linked List,"Doubly-Linked List, Hash Table",Easy
Bungie,Insertion at the Kth position of Linked List,Linked List,Easy
Bungie,Insert node before head in Doubly Linked List,"Doubly-Linked List, Linked List",Easy
Bungie,Insert node before tail in Doubly Linked List,"Doubly-Linked List, Linked List",Easy
Bungie,Removing given node in Doubly Linked List,"Doubly-Linked List, Linked List",Easy
Bungie,Implement queue using Linkedlist,"Queue, Linked List",Easy
Bungie,Implement Queue using Stack,"Design, Queue",Easy
Bungie,Implement stack using Linkedlist,"Stack, Linked List",Easy
Bungie,Implement Stack using Queue,"Design, Queue",Easy
Bungie,Topological sort or Kahn's algorithm,"Graph, Depth-First Search",Hard
Bungie,Shortest path in DAG,"Graph, Topological Sort",Hard
Bungie,Word ladder I,"Breadth-First Search, Hash Table",Hard
Bungie,Most stones removed with same row or column,"Depth-First Search, Graph",Medium
Bungie,Find the MST weight,"Union Find, Graph",Hard
Bungie,Cheapest flight within K stops,"Breadth-First Search, Depth-First Search",Hard
Bungie,Dijkstra's algorithm,"Graph, Heap (Priority Queue)",Hard
Bungie,Floyd warshall algorithm,"Dynamic Programming, Graph",Hard
Bungie,Path with minimum effort,"Array, Binary Search",Hard
Bungie,Flood fill algorithm,"Array, Breadth-First Search",Medium
Bungie,Number of provinces,"Breadth-First Search, Depth-First Search",Medium
Bungie,Surrounded Regions,"Array, Breadth-First Search",Medium
Bungie,Candy,"Array, Greedy",Hard
Bungie,Insert Interval,Array,Medium
Bungie,N meetings in one room,"Greedy, Sorting",Medium
Bungie,Non-overlapping Intervals,"Greedy, Sorting",Medium
Bungie,Count subarrays with given xor K,"Array, Hash Table",Hard
Bungie,Heapify Algorithm,"Array, Heap (Priority Queue)",Medium
Bungie,Reverse LL in group of given size K,"Linked List, Recursion",Hard
Bungie,Sort LL,"Divide and Conquer, Linked List",Hard
Bungie,Delete the middle node in LL,"Linked List, Two Pointers",Medium
Bungie,Find the intersection point of Y LL,"Linked List, Two Pointers",Medium
Bungie,Add two numbers in Linked List,"Linked List, Math",Medium
Bungie,Reverse a LL,Linked List,Medium
Bungie,Sort a Linked List of 0's 1's and 2's,"Linked List, Sorting",Medium
Bungie,Subsets I,"Recursion, Backtracking",Medium
Bungie,Subsets II,"Array, Backtracking",Medium
Bungie,N Queen,"Recursion, Backtracking",Hard
Bungie,Sudoku Solver,"Array, Backtracking",Hard
Bungie,Generate Parentheses,"Backtracking, Dynamic Programming",Medium
Bungie,Power Set,"Recursion, Backtracking",Medium
Bungie,Count all subsequences with sum K,Recursion,Easy
Bungie,Fruit Into Baskets,"Array, Hash Table",Medium
Bungie,Longest Substring Without Repeating Characters,"Hash Table, Sliding Window",Medium
Bungie,Minimum Window Substring,"Hash Table, Sliding Window",Hard
Bungie,Bubble Sort,"Array, Sorting",Easy
Bungie,Selection Sort,"Array, Sorting",Easy
Bungie,LRU Cache,"Design, Doubly-Linked List",Medium
Bungie,Next Greater Element - 2,"Array, Monotonic Stack",Medium
Bungie,Shortest Palindrome,"Hash Function, Rolling Hash",Hard
Byju's,Find the repeating and missing number,"Array, Math",Hard
Byju's,3 Sum,"Array, Sorting",Medium
Byju's,Next Permutation,"Array, Two Pointers",Medium
Byju's,Sort an array of 0's 1's and 2's,"Array, Sorting",Medium
Byju's,Left Rotate Array by One,"Array, Implementation",Easy
Byju's,Linear Search,"Array, Searching",Easy
Byju's,Maximum Consecutive Ones,Array,Easy
Byju's,Find missing number,"Array, Bit Manipulation",Easy
Byju's,Intersection of two sorted arrays,"Array, Sorting",Easy
Byju's,Move Zeros to End,"Array, Two Pointers",Easy
Byju's,Union of two sorted arrays,"Array, Two Pointers",Easy
Byju's,Find Peak Element - II,"Array, Binary Search",Medium
Byju's,Search X in sorted array,"Array, Binary Search",Easy
Byju's,Find out how many times the array is rotated,"Array, Binary Search",Easy
Byju's,Search in rotated sorted array-II,"Array, Binary Search",Medium
Byju's,Search insert position,"Array, Binary Search",Easy
Byju's,Find the smallest divisor,"Array, Binary Search",Medium
Byju's,Construct a BST from a preorder traversal,"Array, Binary Search Tree",Medium
Byju's,Delete a node in BST,"Tree, Binary Search Tree",Medium
Byju's,Search in BST,"Tree, Depth-First Search",Easy
Byju's,Bottom view of BT,"Tree, Data Structures",Medium
Byju's,Boundary Traversal,"Tree, Data Structures",Medium
Byju's,Maximum Width of BT,"Binary Tree, Breadth-First Search",Medium
Byju's,Print root to leaf path in BT,"String, Backtracking",Medium
Byju's,Check for symmetrical BTs,"Tree, Depth-First Search",Medium
Byju's,Diameter of Binary Tree,"Binary Tree, Depth-First Search",Easy
Byju's,Maximum path sum,"Binary Tree, Depth-First Search",Medium
Byju's,"Pre, Post, Inorder in one traversal","Stack, Tree",Easy
Byju's,Morris Inorder Traversal,"Stack, Tree",Hard
Byju's,Minimum Bit Flips to Convert Number,Bit Manipulation,Medium
Byju's,Single Number - II,"Array, Bit Manipulation",Medium
Byju's,Single Number - III,"Array, Bit Manipulation",Medium
Byju's,XOR of numbers in a given range,Brute,Medium
Byju's,Maximum sum of non adjacent elements,"Array, Divide and Conquer",Medium
Byju's,Unique paths II,"Array, Dynamic Programming",Medium
Byju's,Distinct subsequences,"Dynamic Programming, String",Hard
Byju's,Longest common subsequence,"Dynamic Programming, String",Hard
Byju's,Minimum insertions or deletions to convert string A to B,Dynamic Programming,Hard
Byju's,Shortest common supersequence,"Dynamic Programming, String",Hard
Byju's,Count subsets with sum K,Dynamic Programming,Hard
Byju's,Minimum coins,Dynamic Programming,Hard
Byju's,Unbounded knapsack,Dynamic Programming,Hard
Byju's,Burst balloons,"Array, Dynamic Programming",Hard
Byju's,Deletion of the head of LL,Linked List,Easy
Byju's,Insertion at the head of Linked List,Linked List,Easy
Byju's,Insertion before the value X in Linked List,Linked List,Easy
Byju's,Insert node before tail in Doubly Linked List,"Doubly-Linked List, Linked List",Easy
Byju's,Removing given node in Doubly Linked List,"Doubly-Linked List, Linked List",Easy
Byju's,Implement Stack using Arrays,"Array, Stack",Easy
Byju's,Implement stack using Linkedlist,"Stack, Linked List",Easy
Byju's,Kosaraju's algorithm,"Graph, Depth-First Search",Hard
Byju's,Bipartite graph,"Breadth-First Search, Depth-First Search",Hard
Byju's,Detect a cycle in a directed graph,"Graph, Depth-First Search",Hard
Byju's,Topological sort or Kahn's algorithm,"Graph, Depth-First Search",Hard
Byju's,Alien Dictionary,"Array, Breadth-First Search",Hard
Byju's,Course Schedule I,"Breadth-First Search, Depth-First Search",Hard
Byju's,Word ladder I,"Breadth-First Search, Hash Table",Hard
Byju's,Dijkstra's algorithm,"Graph, Heap (Priority Queue)",Hard
Byju's,Floyd warshall algorithm,"Dynamic Programming, Graph",Hard
Byju's,Print Shortest Path,"Breadth-First Search, Graph",Hard
Byju's,Flood fill algorithm,"Array, Breadth-First Search",Medium
Byju's,Number of enclaves,"Array, Breadth-First Search",Medium
Byju's,Jump Game - I,"Array, Dynamic Programming",Easy
Byju's,Minimum number of platforms required for a railway,"Greedy, Sorting",Medium
Byju's,Count subarrays with given xor K,"Array, Hash Table",Hard
Byju's,Design Twitter,"Design, Hash Table",Medium
Byju's,Find Median from Data Stream,"Data Stream, Design",Hard
Byju's,Maximum Sum Combination,"Array, Sorting",Hard
Byju's,Merge K sorted Lists,"Divide and Conquer, Heap (Priority Queue)",Hard
Byju's,Check if an array represents a min heap,"Array, Heap (Priority Queue)",Medium
Byju's,Heapify Algorithm,"Array, Heap (Priority Queue)",Medium
Byju's,Implement Max Heap,"Array, Heap (Priority Queue)",Medium
Byju's,Implement PQ using Heaps,"Array, Heap (Priority Queue)",Medium
Byju's,K-th Largest element in an array,"Array, Divide and Conquer",Medium
Byju's,Remove duplicates from sorted DLL,"Doubly-Linked List, Linked List",Hard
Byju's,Sort LL,"Divide and Conquer, Linked List",Hard
Byju's,Remove Nth node from the back of the LL,"Linked List, Two Pointers",Medium
Byju's,Segregate odd and even nodes in Linked List,Linked List,Medium
Byju's,Count primes in range L to R,Math,Hard
Byju's,Combination Sum,"Array, Backtracking",Medium
Byju's,Combination Sum III,"Array, Backtracking",Medium
Byju's,Palindrome partitioning,"Backtracking, Dynamic Programming",Hard
Byju's,Check if there exists a subsequence with sum K,"Array, Dynamic Programming",Easy
Byju's,Count all subsequences with sum K,Recursion,Easy
Byju's,Maximum Points You Can Obtain from Cards,"Array, Prefix Sum",Medium
Byju's,Longest Repeating Character Replacement,"Hash Table, Sliding Window",Hard
Byju's,Max Consecutive Ones III,"Array, Binary Search",Medium
Byju's,Insertion Sorting,"Array, Sorting",Easy
Byju's,Quick Sorting,"Array, Sorting",Easy
Byju's,Largest rectangle in a histogram,"Array, Monotonic Stack",Hard
Byju's,Maximum Rectangles,"Array, Dynamic Programming. Stack",Hard
Byju's,Next Greater Element - 2,"Array, Monotonic Stack",Medium
Byju's,Remove K Digits,"Greedy, Monotonic Stack",Medium
Byju's,Sum of Subarray Minimums,"Array, Dynamic Programming",Medium
Byju's,Maximum Xor with an element from an array,"Array, Bit Manipulation",Hard
Byju's,Number of distinct substrings in a string,"Hash Function, Rolling Hash",Medium
Byju's,Trie Implementation and Advanced Operations,"Trie, Implementation",Hard
Bytedance,Shortest Distance from All Buildings,"Array, Breadth-First Search",Hard
Capgemini,Leaders in an Array,Array,Medium
Capgemini,Next Permutation,"Array, Two Pointers",Medium
Capgemini,Pascal's Triangle III,"Array, Dynamic Programming",Medium
Capgemini,Print the matrix in spiral manner,"Array, Matrix",Medium
Capgemini,Rearrange array elements by sign,"Array, Simulation",Medium
Capgemini,Rotate matrix by 90 degrees,"Array, Math",Medium
Capgemini,Left Rotate Array by One,"Array, Implementation",Easy
Capgemini,Linear Search,"Array, Searching",Easy
Capgemini,Maximum Consecutive Ones,Array,Easy
Capgemini,Find missing number,"Array, Bit Manipulation",Easy
Capgemini,Intersection of two sorted arrays,"Array, Sorting",Easy
Capgemini,Move Zeros to End,"Array, Two Pointers",Easy
Capgemini,Union of two sorted arrays,"Array, Two Pointers",Easy
Capgemini,Lower Bound,"Array, Binary Search",Easy
Capgemini,Search X in sorted array,"Array, Binary Search",Easy
Capgemini,Upper Bound,"Array, Binary Search",Easy
Capgemini,Find minimum in Rotated Sorted Array,"Array, Binary Search",Easy
Capgemini,Find out how many times the array is rotated,"Array, Binary Search",Easy
Capgemini,First and last occurrence,"Array, Binary Search",Easy
Capgemini,Floor and Ceil in Sorted Array,"Array, Binary Search",Easy
Capgemini,Search in rotated sorted array-I,"Array, Binary Search",Medium
Capgemini,Search in rotated sorted array-II,"Array, Binary Search",Medium
Capgemini,Search insert position,"Array, Binary Search",Easy
Capgemini,Single element in sorted array,"Array, Binary Search",Medium
Capgemini,Find Nth root of a number,"Array, Binary Search",Medium
Capgemini,Find square root of a number,"Array, Binary Search",Medium
Capgemini,Check if the Array is Sorted I,"Array, Sorting",Easy
Capgemini,Count of odd numbers in array,"Array, Math",Easy
Capgemini,Reverse an array,Array,Easy
Capgemini,Highest Occurring Element in an Array,Array,Easy
Capgemini,Second Highest Occurring Element,"Array, Hash Table",Easy
Capgemini,Sum of Highest and Lowest Frequency,"Array, Hash Table",Easy
Capgemini,Convert Array to Doubly Linked List,"Doubly-Linked List, Hash Table",Easy
Capgemini,Delete head of Doubly Linked List,"Doubly-Linked List, Hash Table",Easy
Capgemini,Delete Kth Element of Doubly Linked List,"Doubly-Linked List, Hash Table",Easy
Capgemini,Delete Tail of Doubly Linked List,"Doubly-Linked List, Hash Table",Easy
Capgemini,Delete the element with value X,"Linked List, Hash Table",Easy
Capgemini,Deletion of the head of LL,Linked List,Easy
Capgemini,Deletion of the Kth element of Linked List,Linked List,Easy
Capgemini,Deletion of the tail of Linked List,"Linked List, Hash Table",Easy
Capgemini,Insert before given node in Doubly Linked List,"Doubly-Linked List, Linked List",Easy
Capgemini,Insertion at the head of Linked List,Linked List,Easy
Capgemini,Insertion at the Kth position of Linked List,Linked List,Easy
Capgemini,Insertion at the tail of Linked List,Linked List,Easy
Capgemini,Insertion before the value X in Linked List,Linked List,Easy
Capgemini,Insert node before (kth node) in Doubly Linked List,"Doubly-Linked List, Linked List",Easy
Capgemini,Insert node before head in Doubly Linked List,"Doubly-Linked List, Linked List",Easy
Capgemini,Insert node before tail in Doubly Linked List,"Doubly-Linked List, Linked List",Easy
Capgemini,Removing given node in Doubly Linked List,"Doubly-Linked List, Linked List",Easy
Capgemini,Check for Perfect Number,Math,Easy
Capgemini,Check for Prime Number,Math,Easy
Capgemini,Check if the Number is Armstrong,Math,Easy
Capgemini,Count all Digits of a Number,"Math, Counting",Easy
Capgemini,Count number of odd digits in a number,"Math, Counting",Easy
Capgemini,Count of Prime Numbers till N,"Math, Counting",Easy
Capgemini,Divisors of a Number,Math,Easy
Capgemini,Factorial of a given number,Math,Easy
Capgemini,GCD of Two Numbers,Math,Easy
Capgemini,LCM of two numbers,Math,Easy
Capgemini,Palindrome Number,Math,Easy
Capgemini,Return the Largest Digit in a Number,Math,Easy
Capgemini,Reverse a number,Math,Easy
Capgemini,Check if a Number is Prime or Not,Math,Easy
Capgemini,Check if String is Palindrome or Not,String,Easy
Capgemini,Check if the Array is Sorted II,"Array, Sorting",Easy
Capgemini,Factorial of a Given Number,Math,Easy
Capgemini,Fibonacci Number,"Dynamic Programming, Math",Easy
Capgemini,Reverse a String I,String,Easy
Capgemini,Sum of Array Elements II,"Array, Math",Easy
Capgemini,Sum of Digits in a Given Number,Math,Easy
Capgemini,Sum of First N Numbers,Math,Easy
Capgemini,Implement Queue using Arrays,"Queue, Data Structures",Easy
Capgemini,Implement queue using Linkedlist,"Queue, Linked List",Easy
Capgemini,Implement Queue using Stack,"Design, Queue",Easy
Capgemini,Implement Stack using Arrays,"Array, Stack",Easy
Capgemini,Implement stack using Linkedlist,"Stack, Linked List",Easy
Capgemini,Implement Stack using Queue,"Design, Queue",Easy
Capgemini,Isomorphic String,"Hash Table, String",Easy
Capgemini,Longest Common Prefix,"String, Trie",Easy
Capgemini,Palindrome Check,"String, Two Pointers",Easy
Capgemini,Reverse a String II,String,Easy
Capgemini,Rotate String,"String, String Matching",Easy
Capgemini,Sort Characters by Frequency,"Bucket Sort, Counting",Easy
Capgemini,Valid Anagram,"Hash Table, Sorting",Easy
Capgemini,Pattern 1,"Pattern Printing, Implementation",Easy
Capgemini,Pattern 10,"Pattern Printing, Implementation",Easy
Capgemini,Pattern 11,"Pattern Printing, Implementation",Easy
Capgemini,Pattern 12,"Pattern Printing, Implementation",Easy
Capgemini,Pattern 13,"Pattern Printing, Implementation",Easy
Capgemini,Pattern 14,"Pattern Printing, Implementation",Easy
Capgemini,Pattern 15,"Pattern Printing, Implementation",Easy
Capgemini,Pattern 16,"Pattern Printing, Implementation",Easy
Capgemini,Pattern 17,"Pattern Printing, Implementation",Easy
Capgemini,Pattern 18,"Pattern Printing, Implementation",Easy
Capgemini,Pattern 19,"Pattern Printing, Implementation",Easy
Capgemini,Pattern 20,"Pattern Printing, Implementation",Medium
Capgemini,Pattern 21,"Pattern Printing, Implementation",Medium
Capgemini,Pattern 22,"Pattern Printing, Implementation",Medium
Capgemini,Pattern 4,"Pattern Printing, Implementation",Easy
Capgemini,Pattern 5,"Pattern Printing, Implementation",Easy
Capgemini,Pattern 6,"Pattern Printing, Implementation",Easy
Capgemini,Pattern 7,"Pattern Printing, Implementation",Easy
Capgemini,Pattern 8,"Pattern Printing, Implementation",Easy
Capgemini,Pattern 9,"Pattern Printing, Implementation",Easy
Capgemini,If Else Adult Teen Problem,Implementation,Easy
Capgemini,If ElseIf,Implementation,Easy
Capgemini,Input Output,Implementation,Easy
Capgemini,Print last character of string,"String, Implementation",Easy
Capgemini,Print X N numbers of times,"Implementation, Simulation",Easy
Capgemini,Sum of first last element in array,"Array, Math",Easy
Capgemini,Switch Case,"Implementation, Simulation",Easy
Capgemini,Traversal in Linked List,Linked List,Easy
Capgemini,Generate Parentheses,"Backtracking, Dynamic Programming",Medium
Capgemini,"Pow(x,n)","Math, Recursion",Medium
Capgemini,Power Set,"Recursion, Backtracking",Medium
Capgemini,Check if there exists a subsequence with sum K,"Array, Dynamic Programming",Easy
Capgemini,Count all subsequences with sum K,Recursion,Easy
Capgemini,Bubble Sort,"Array, Sorting",Easy
Capgemini,Insertion Sorting,"Array, Sorting",Easy
Capgemini,Merge Sorting,"Array, Sorting",Medium
Capgemini,Quick Sorting,"Array, Sorting",Easy
Capgemini,Selection Sort,"Array, Sorting",Easy
Capgemini,Balanced Paranthesis,"String, Greedy",Easy
Careem,Design Hit Counter,"Array, Binary Search",Medium
Cerner,Leaders in an Array,Array,Medium
Cerner,Rearrange array elements by sign,"Array, Simulation",Medium
Cerner,Intersection of two sorted arrays,"Array, Sorting",Easy
Cerner,Search in 2D matrix - II,"Array, Binary Search",Hard
Cerner,BST iterator,"Stack, Tree",Hard
Cerner,Two sum in BST,"Binary Search Tree, Binary Tree",Hard
Cerner,Delete a node in BST,"Tree, Binary Search Tree",Medium
Cerner,Insert a given node in BST,"Tree, Binary Search Tree",Medium
Cerner,Kth Smallest and Largest element in BST,"Binary Search Tree, Binary Tree",Medium
Cerner,Construct a BT from Preorder and Inorder,"Array, Binary Tree",Hard
Cerner,Serialize and De-serialize BT,"Binary Tree, Breadth-First Search",Hard
Cerner,Bottom view of BT,"Tree, Data Structures",Medium
Cerner,Count total nodes in a complete BT,"Binary Search, Bit Manipulation",Easy
Cerner,Minimum time taken to burn the BT from a given Node,"Hash Table, Tree",Hard
Cerner,Print all nodes at a distance of K in BT,"Hash Table, Tree",Hard
Cerner,Print root to leaf path in BT,"String, Backtracking",Medium
Cerner,Check for balanced binary tree,"Tree, Data Structures",Medium
Cerner,Maximum Depth in BT,"Binary Tree, Breadth-First Search",Medium
Cerner,Maximum path sum,"Binary Tree, Depth-First Search",Medium
Cerner,"Pre, Post, Inorder in one traversal","Stack, Tree",Easy
Cerner,Morris Inorder Traversal,"Stack, Tree",Hard
Cerner,Single Number - II,"Array, Bit Manipulation",Medium
Cerner,Frog Jump,"Array, Dynamic Programming",Medium
Cerner,Frog jump with K distances,Dynamic Programming,Medium
Cerner,House robber,"Array, Dynamic Programming",Medium
Cerner,Maximum sum of non adjacent elements,"Array, Divide and Conquer",Medium
Cerner,Minimum Falling Path Sum,"Array, Dynamic Programming",Medium
Cerner,Best time to buy and sell stock IV,"Array, Dynamic Programming",Medium
Cerner,Longest common substring,"String, Dynamic Programming",Hard
Cerner,Longest palindromic subsequence,"Dynamic Programming, String",Hard
Cerner,0 and 1 Knapsack,Dynamic Programming,Hard
Cerner,Coin change II,"Array, Dynamic Programming",Hard
Cerner,Burst balloons,"Array, Dynamic Programming",Hard
Cerner,Matrix chain multiplication,"Array, Dynamic Programming",Hard
Cerner,Minimum cost to cut the stick,"Array, Dynamic Programming",Hard
Cerner,Palindrome partitioning II,"String, Dynamic Programming",Hard
Cerner,Delete the element with value X,"Linked List, Hash Table",Easy
Cerner,Deletion of the Kth element of Linked List,Linked List,Easy
Cerner,Insertion at the head of Linked List,Linked List,Easy
Cerner,Insertion before the value X in Linked List,Linked List,Easy
Cerner,Insert node before head in Doubly Linked List,"Doubly-Linked List, Linked List",Easy
Cerner,Implement queue using Linkedlist,"Queue, Linked List",Easy
Cerner,Implement stack using Linkedlist,"Stack, Linked List",Easy
Cerner,Course Schedule II,"Breadth-First Search, Depth-First Search",Medium
Cerner,Find eventual safe states,"Breadth-First Search, Depth-First Search",Hard
Cerner,Shortest path in DAG,"Graph, Topological Sort",Hard
Cerner,Most stones removed with same row or column,"Depth-First Search, Graph",Medium
Cerner,Number of operations to make network connected,"Depth-First Search, Breadth-First Search",Hard
Cerner,Cheapest flight within K stops,"Breadth-First Search, Depth-First Search",Hard
Cerner,Minimum multiplications to reach end,"Array, Graph",Hard
Cerner,Print Shortest Path,"Breadth-First Search, Graph",Hard
Cerner,Connected Components,"Depth-First Search, Breadth-First Search",Medium
Cerner,Distance of nearest cell having one,"Array, Breadth-First Search",Medium
Cerner,Number of enclaves,"Array, Breadth-First Search",Medium
Cerner,Surrounded Regions,"Array, Breadth-First Search",Medium
Cerner,Count subarrays with given xor K,"Array, Hash Table",Hard
Cerner,Longest subarray with sum K,- Medium,Medium
Cerner,Kth largest element in a stream of running integers,"Binary Search Tree, Binary Tree",Hard
Cerner,Check if an array represents a min heap,"Array, Heap (Priority Queue)",Medium
Cerner,Convert Min Heap to Max Heap,"Array, Heap (Priority Queue)",Medium
Cerner,Heapify Algorithm,"Array, Heap (Priority Queue)",Medium
Cerner,Implement Max Heap,"Array, Heap (Priority Queue)",Medium
Cerner,Implement PQ using Heaps,"Array, Heap (Priority Queue)",Medium
Cerner,K-th Largest element in an array,"Array, Divide and Conquer",Medium
Cerner,Delete all occurrences of a key in DLL,"Doubly-Linked List, Linked List",Hard
Cerner,Clone a LL with random and next pointer,Linked List,Hard
Cerner,Delete the middle node in LL,"Linked List, Two Pointers",Medium
Cerner,Find the starting point in LL,"Linked List, Two Pointers",Medium
Cerner,Length of loop in LL,"Linked List, Two Pointers",Medium
Cerner,Traversal in Linked List,Linked List,Easy
Cerner,Combination Sum,"Array, Backtracking",Medium
Cerner,Combination Sum II,"Array, Backtracking",Medium
Cerner,Combination Sum III,"Array, Backtracking",Medium
Cerner,M Coloring Problem,"Recursion, Backtracking",Hard
Cerner,Letter Combinations of a Phone Number,"Backtracking, Hash Table",Hard
Cerner,Generate Parentheses,"Backtracking, Dynamic Programming",Medium
Cerner,"Pow(x,n)","Math, Recursion",Medium
Cerner,Binary Subarrays With Sum,"Array, Hash Table",Hard
Cerner,Merge Sorting,"Array, Sorting",Medium
Cerner,Selection Sort,"Array, Sorting",Easy
Cerner,Celebrity Problem,"Graph, Greedy",Hard
Cerner,Sliding Window Maximum,"Array, Heap (Priority Queue)",Hard
Cerner,Balanced Paranthesis,"String, Greedy",Easy
Cerner,Next Greater Element - 2,"Array, Monotonic Stack",Medium
Cerner,Sum of Subarray Minimums,"Array, Dynamic Programming",Medium
Cerner,KMP Algorithm or LPS array,"String, Rolling Hash",Hard
Cerner,Z function,Math,Hard
Cerner,Count and say,String,Hard
Cerner,Maximum XOR of two numbers in an array,"Array, Bit Manipulation",Hard
Cerner,Trie Implementation and Advanced Operations,"Trie, Implementation",Hard
Chewy,Find the repeating and missing number,"Array, Math",Hard
Chewy,Maximum Product Subarray in an Array,"Array, Dynamic Programming",Hard
Chewy,Merge two sorted arrays without extra space,"Linked List, Recursion",Medium
Chewy,Reverse Pairs,"Array, Binary Indexed Tree",Hard
Chewy,Rotate matrix by 90 degrees,"Array, Math",Medium
Chewy,Two Sum,"Array, Hash Table",Easy
Chewy,Find missing number,"Array, Bit Manipulation",Easy
Chewy,Union of two sorted arrays,"Array, Two Pointers",Easy
Chewy,Search in 2D matrix - II,"Array, Binary Search",Hard
Chewy,Search in a 2D matrix,"Array, Binary Search",Hard
Chewy,Find peak element,"Array, Binary Search",Medium
Chewy,Lower Bound,"Array, Binary Search",Easy
Chewy,Find out how many times the array is rotated,"Array, Binary Search",Easy
Chewy,Floor and Ceil in Sorted Array,"Array, Binary Search",Easy
Chewy,Search in rotated sorted array-I,"Array, Binary Search",Medium
Chewy,Koko eating bananas,"Array, Binary Search",Medium
Chewy,Minimum days to make M bouquets,"Array, Binary Search",Medium
Chewy,Largest BST in Binary Tree,"Binary Search, Binary Search Tree",Hard
Chewy,Delete a node in BST,"Tree, Binary Search Tree",Medium
Chewy,Construct a BT from Postorder and Inorder,"Array, Hash Table",Hard
Chewy,Construct a BT from Preorder and Inorder,"Array, Binary Tree",Hard
Chewy,Bottom view of BT,"Tree, Data Structures",Medium
Chewy,Print root to leaf path in BT,"String, Backtracking",Medium
Chewy,Check if two trees are identical or not,"Tree, Depth-First Search",Medium
Chewy,Level Order Traversal,"Binary Tree, Breadth-First Search",Easy
Chewy,Preorder Traversal,"Binary Tree, Depth-First Search",Easy
Chewy,Design Tic-Tac-Toe,"Array, Design",Medium
Chewy,Maximum sum of non adjacent elements,"Array, Divide and Conquer",Medium
Chewy,Cherry pickup II,"Array, Dynamic Programming",Hard
Chewy,Grid unique paths,"Math, Dynamic Programming",Medium
Chewy,Best time to buy and sell stock,"Array, Dynamic Programming",Medium
Chewy,Best time to buy and sell stock III,"Array, Dynamic Programming",Medium
Chewy,Best time to buy and sell stock IV,"Array, Dynamic Programming",Medium
Chewy,Coin change II,"Array, Dynamic Programming",Hard
Chewy,Count subsets with sum K,Dynamic Programming,Hard
Chewy,Partition a set into two subsets with minimum absolute sum difference,Dynamic Programming,Hard
Chewy,Target sum,"Array, Backtracking",Hard
Chewy,Deletion of the head of LL,Linked List,Easy
Chewy,Insert before given node in Doubly Linked List,"Doubly-Linked List, Linked List",Easy
Chewy,Insertion at the head of Linked List,Linked List,Easy
Chewy,Insertion at the Kth position of Linked List,Linked List,Easy
Chewy,Implement Queue using Arrays,"Queue, Data Structures",Easy
Chewy,Implement queue using Linkedlist,"Queue, Linked List",Easy
Chewy,Implement Queue using Stack,"Design, Queue",Easy
Chewy,Bridges in graph,"Biconnected Component, Depth-First Search",Hard
Chewy,Detect a cycle in a directed graph,"Graph, Depth-First Search",Hard
Chewy,Topological sort or Kahn's algorithm,"Graph, Depth-First Search",Hard
Chewy,Alien Dictionary,"Array, Breadth-First Search",Hard
Chewy,Course Schedule I,"Breadth-First Search, Depth-First Search",Hard
Chewy,Shortest path in undirected graph with unit weights,"Graph, Breadth-First Search",Hard
Chewy,Word ladder I,"Breadth-First Search, Hash Table",Hard
Chewy,Disjoint Set,"Union Find, Algorithms",Hard
Chewy,Connected Components,"Depth-First Search, Breadth-First Search",Medium
Chewy,Distance of nearest cell having one,"Array, Breadth-First Search",Medium
Chewy,Number of provinces,"Breadth-First Search, Depth-First Search",Medium
Chewy,Rotten Oranges,"Array, Breadth-First Search",Medium
Chewy,Surrounded Regions,"Array, Breadth-First Search",Medium
Chewy,Candy,"Array, Greedy",Hard
Chewy,Maximum Sum Combination,"Array, Sorting",Hard
Chewy,Merge K sorted Lists,"Divide and Conquer, Heap (Priority Queue)",Hard
Chewy,Heapify Algorithm,"Array, Heap (Priority Queue)",Medium
Chewy,Implement Max Heap,"Array, Heap (Priority Queue)",Medium
Chewy,Merge two Sorted Lists,"Linked List, Two Pointers",Hard
Chewy,Reverse LL in group of given size K,"Linked List, Recursion",Hard
Chewy,Add two numbers in Linked List,"Linked List, Math",Medium
Chewy,Sort a Linked List of 0's 1's and 2's,"Linked List, Sorting",Medium
Chewy,Combination Sum II,"Array, Backtracking",Medium
Chewy,Subsets II,"Array, Backtracking",Medium
Chewy,Rat in a Maze,"Recursion, Backtracking",Hard
Chewy,Letter Combinations of a Phone Number,"Backtracking, Hash Table",Hard
Chewy,"Pow(x,n)","Math, Recursion",Medium
Chewy,Count all subsequences with sum K,Recursion,Easy
Chewy,Binary Subarrays With Sum,"Array, Hash Table",Hard
Chewy,Count number of Nice subarrays,"Array, Hash Table",Hard
Chewy,Longest Substring Without Repeating Characters,"Hash Table, Sliding Window",Medium
Chewy,Max Consecutive Ones III,"Array, Binary Search",Medium
Chewy,Celebrity Problem,"Graph, Greedy",Hard
Chewy,LRU Cache,"Design, Doubly-Linked List",Medium
Chewy,Maximum Rectangles,"Array, Dynamic Programming. Stack",Hard
Chewy,Stock span problem,"Array, Stack",Hard
Chewy,Next Greater Element,"Array, Hash Table",Medium
Chewy,KMP Algorithm or LPS array,"String, Rolling Hash",Hard
Chewy,Shortest Palindrome,"Hash Function, Rolling Hash",Hard
Chewy,Z function,Math,Hard
Chewy,Reverse every word in a string,String,Medium
Chewy,Maximum XOR of two numbers in an array,"Array, Bit Manipulation",Hard
Chewy,Trie Implementation and Operations,"Trie, Implementation",Hard
Ciena,Number of Unique Flavors After Sharing K Candies,"Array, Hash Table",Medium
Cisco,Count the Number of Set Bits,"Bit Manipulation, Math",Easy
Cisco,Number of Equal Count Substrings,"Counting, Prefix Sum",Medium
Citadel,Merge Overlapping Subintervals,"Sorting, Two Pointers",Medium
Citadel,Minimum Costs Using the Train Line,"Array, Dynamic Programming",Hard
Citadel,Minimum Operations to Make Numbers Non-positive,"Array, Binary Search",Hard
Citadel,Minimum Knight Moves,Breadth-First Search,Medium
Citadel,Number of Good Binary Strings,Dynamic Programming,Medium
Citadel,Paint House,"Array, Dynamic Programming",Medium
Cloudflare,Majority Element-II,"Array, Counting",Hard
Cloudflare,Merge two sorted arrays without extra space,"Linked List, Recursion",Medium
Cloudflare,3 Sum,"Array, Sorting",Medium
Cloudflare,Kadane's Algorithm,"Array, Dynamic Programming",Medium
Cloudflare,Leaders in an Array,Array,Medium
Cloudflare,Next Permutation,"Array, Two Pointers",Medium
Cloudflare,Pascal's Triangle III,"Array, Dynamic Programming",Medium
Cloudflare,Intersection of two sorted arrays,"Array, Sorting",Easy
Cloudflare,Find row with maximum 1's,"Array, Matrix",Easy
Cloudflare,Book Allocation Problem,Binary Search,Hard
Cloudflare,Floor and Ceil in Sorted Array,"Array, Binary Search",Easy
Cloudflare,Search in rotated sorted array-I,"Array, Binary Search",Medium
Cloudflare,Search insert position,"Array, Binary Search",Easy
Cloudflare,Find the smallest divisor,"Array, Binary Search",Medium
Cloudflare,Koko eating bananas,"Array, Binary Search",Medium
Cloudflare,BST iterator,"Stack, Tree",Hard
Cloudflare,Largest BST in Binary Tree,"Binary Search, Binary Search Tree",Hard
Cloudflare,Kth Smallest and Largest element in BST,"Binary Search Tree, Binary Tree",Medium
Cloudflare,Construct a BT from Postorder and Inorder,"Array, Hash Table",Hard
Cloudflare,LCA in BT,"Binary Tree, Depth-First Search",Hard
Cloudflare,Maximum Width of BT,"Binary Tree, Breadth-First Search",Medium
Cloudflare,Minimum time taken to burn the BT from a given Node,"Hash Table, Tree",Hard
Cloudflare,Print all nodes at a distance of K in BT,"Hash Table, Tree",Hard
Cloudflare,Print root to leaf path in BT,"String, Backtracking",Medium
Cloudflare,Top View of BT,"Binary Search Tree, Tree",Medium
Cloudflare,Vertical Order Traversal,"Binary Tree, Breadth-First Search",Medium
Cloudflare,Maximum path sum,"Binary Tree, Depth-First Search",Medium
Cloudflare,Postorder Traversal,"Binary Tree, Depth-First Search",Easy
Cloudflare,Morris Inorder Traversal,"Stack, Tree",Hard
Cloudflare,XOR of numbers in a given range,Brute,Medium
Cloudflare,Design Hit Counter,"Array, Binary Search",Medium
Cloudflare,Frog Jump,"Array, Dynamic Programming",Medium
Cloudflare,House robber,"Array, Dynamic Programming",Medium
Cloudflare,Grid unique paths,"Math, Dynamic Programming",Medium
Cloudflare,Triangle,"Array, Dynamic Programming",Medium
Cloudflare,Best time to buy and sell stock with transaction fees,"Array, Dynamic Programming",Medium
Cloudflare,Edit distance,"Dynamic Programming, String",Hard
Cloudflare,Longest common substring,"String, Dynamic Programming",Hard
Cloudflare,0 and 1 Knapsack,Dynamic Programming,Hard
Cloudflare,Partition a set into two subsets with minimum absolute sum difference,Dynamic Programming,Hard
Cloudflare,Partition equal subset sum,"Array, Dynamic Programming",Hard
Cloudflare,Unbounded knapsack,Dynamic Programming,Hard
Cloudflare,Convert Array to Doubly Linked List,"Doubly-Linked List, Hash Table",Easy
Cloudflare,Deletion of the Kth element of Linked List,Linked List,Easy
Cloudflare,Implement Queue using Arrays,"Queue, Data Structures",Easy
Cloudflare,Implement queue using Linkedlist,"Queue, Linked List",Easy
Cloudflare,Implement Stack using Queue,"Design, Queue",Easy
Cloudflare,Articulation point in graph,"Graph, Depth-First Search",Hard
Cloudflare,Topological sort or Kahn's algorithm,"Graph, Depth-First Search",Hard
Cloudflare,Word ladder II,"Backtracking, Breadth-First Search",Hard
Cloudflare,Accounts merge,"Array, Hash Table",Hard
Cloudflare,Bellman ford algorithm,"Dynamic Programming, Graph",Hard
Cloudflare,Cheapest flight within K stops,"Breadth-First Search, Depth-First Search",Hard
Cloudflare,Minimum multiplications to reach end,"Array, Graph",Hard
Cloudflare,Number of ways to arrive at destination,"Dynamic Programming, Graph",Hard
Cloudflare,Traversal Techniques,"Depth-First Search, Breadth-First Search",Medium
Cloudflare,Surrounded Regions,"Array, Breadth-First Search",Medium
Cloudflare,Assign Cookies,"Array, Greedy",Easy
Cloudflare,Jump Game - I,"Array, Dynamic Programming",Easy
Cloudflare,Candy,"Array, Greedy",Hard
Cloudflare,Insert Interval,Array,Medium
Cloudflare,Kth largest element in a stream of running integers,"Binary Search Tree, Binary Tree",Hard
Cloudflare,Build heap from a given Array,"Array, Heap (Priority Queue)",Medium
Cloudflare,Convert Min Heap to Max Heap,"Array, Heap (Priority Queue)",Medium
Cloudflare,Implement Max Heap,"Array, Heap (Priority Queue)",Medium
Cloudflare,Implement PQ using Heaps,"Array, Heap (Priority Queue)",Medium
Cloudflare,K-th Largest element in an array,"Array, Divide and Conquer",Medium
Cloudflare,Merge two Sorted Lists,"Linked List, Two Pointers",Hard
Cloudflare,Reverse LL in group of given size K,"Linked List, Recursion",Hard
Cloudflare,Rotate a LL,"Linked List, Two Pointers",Hard
Cloudflare,Add one to a number represented by LL,Linked List,Medium
Cloudflare,Check if LL is palindrome or not,"Linked List, Recursion",Medium
Cloudflare,Detect a loop in LL,"Hash Table, Linked List",Medium
Cloudflare,Find the intersection point of Y LL,"Linked List, Two Pointers",Medium
Cloudflare,Find the starting point in LL,"Linked List, Two Pointers",Medium
Cloudflare,Add two numbers in Linked List,"Linked List, Math",Medium
Cloudflare,Reverse a LL,Linked List,Medium
Cloudflare,Segregate odd and even nodes in Linked List,Linked List,Medium
Cloudflare,Subsets I,"Recursion, Backtracking",Medium
Cloudflare,N Queen,"Recursion, Backtracking",Hard
Cloudflare,Palindrome partitioning,"Backtracking, Dynamic Programming",Hard
Cloudflare,Rat in a Maze,"Recursion, Backtracking",Hard
Cloudflare,"Pow(x,n)","Math, Recursion",Medium
Cloudflare,Count all subsequences with sum K,Recursion,Easy
Cloudflare,Maximum Points You Can Obtain from Cards,"Array, Prefix Sum",Medium
Cloudflare,Number of Substrings Containing All Three Characters,"Hash Table, Sliding Window",Hard
Cloudflare,Longest Repeating Character Replacement,"Hash Table, Sliding Window",Hard
Cloudflare,Minimum Window Substring,"Hash Table, Sliding Window",Hard
Cloudflare,Bubble Sort,"Array, Sorting",Easy
Cloudflare,Insertion Sorting,"Array, Sorting",Easy
Cloudflare,Implement Min Stack,"Design, Stack",Hard
Cloudflare,Largest rectangle in a histogram,"Array, Monotonic Stack",Hard
Cloudflare,Sliding Window Maximum,"Array, Heap (Priority Queue)",Hard
Cloudflare,Trapping Rainwater,"Array, Dynamic Programming",Hard
Cloudflare,Next Greater Element - 2,"Array, Monotonic Stack",Medium
Cloudflare,Remove K Digits,"Greedy, Monotonic Stack",Medium
Cloudflare,Longest happy prefix,"Hash Function, Rolling Hash",Hard
Cloudflare,Shortest Palindrome,"Hash Function, Rolling Hash",Hard
Cloudflare,Z function,Math,Hard
Cloudflare,Count and say,String,Hard
Cloudflare,Number of distinct substrings in a string,"Hash Function, Rolling Hash",Medium
Cloudflare,Trie Implementation and Operations,"Trie, Implementation",Hard
Clutter,Before and After Puzzle,"Array, Hash Table",Medium
Cognizant,Leaders in an Array,Array,Medium
Cognizant,Next Permutation,"Array, Two Pointers",Medium
Cognizant,Pascal's Triangle III,"Array, Dynamic Programming",Medium
Cognizant,Print the matrix in spiral manner,"Array, Matrix",Medium
Cognizant,Rearrange array elements by sign,"Array, Simulation",Medium
Cognizant,Rotate matrix by 90 degrees,"Array, Math",Medium
Cognizant,Left Rotate Array by One,"Array, Implementation",Easy
Cognizant,Linear Search,"Array, Searching",Easy
Cognizant,Maximum Consecutive Ones,Array,Easy
Cognizant,Find missing number,"Array, Bit Manipulation",Easy
Cognizant,Intersection of two sorted arrays,"Array, Sorting",Easy
Cognizant,Move Zeros to End,"Array, Two Pointers",Easy
Cognizant,Union of two sorted arrays,"Array, Two Pointers",Easy
Cognizant,Lower Bound,"Array, Binary Search",Easy
Cognizant,Search X in sorted array,"Array, Binary Search",Easy
Cognizant,Upper Bound,"Array, Binary Search",Easy
Cognizant,Find minimum in Rotated Sorted Array,"Array, Binary Search",Easy
Cognizant,Find out how many times the array is rotated,"Array, Binary Search",Easy
Cognizant,First and last occurrence,"Array, Binary Search",Easy
Cognizant,Floor and Ceil in Sorted Array,"Array, Binary Search",Easy
Cognizant,Search in rotated sorted array-I,"Array, Binary Search",Medium
Cognizant,Search in rotated sorted array-II,"Array, Binary Search",Medium
Cognizant,Search insert position,"Array, Binary Search",Easy
Cognizant,Single element in sorted array,"Array, Binary Search",Medium
Cognizant,Find Nth root of a number,"Array, Binary Search",Medium
Cognizant,Find square root of a number,"Array, Binary Search",Medium
Cognizant,Check if the Array is Sorted I,"Array, Sorting",Easy
Cognizant,Count of odd numbers in array,"Array, Math",Easy
Cognizant,Reverse an array,Array,Easy
Cognizant,Highest Occurring Element in an Array,Array,Easy
Cognizant,Second Highest Occurring Element,"Array, Hash Table",Easy
Cognizant,Sum of Highest and Lowest Frequency,"Array, Hash Table",Easy
Cognizant,Convert Array to Doubly Linked List,"Doubly-Linked List, Hash Table",Easy
Cognizant,Delete head of Doubly Linked List,"Doubly-Linked List, Hash Table",Easy
Cognizant,Delete Kth Element of Doubly Linked List,"Doubly-Linked List, Hash Table",Easy
Cognizant,Delete Tail of Doubly Linked List,"Doubly-Linked List, Hash Table",Easy
Cognizant,Delete the element with value X,"Linked List, Hash Table",Easy
Cognizant,Deletion of the head of LL,Linked List,Easy
Cognizant,Deletion of the Kth element of Linked List,Linked List,Easy
Cognizant,Deletion of the tail of Linked List,"Linked List, Hash Table",Easy
Cognizant,Insert before given node in Doubly Linked List,"Doubly-Linked List, Linked List",Easy
Cognizant,Insertion at the head of Linked List,Linked List,Easy
Cognizant,Insertion at the Kth position of Linked List,Linked List,Easy
Cognizant,Insertion at the tail of Linked List,Linked List,Easy
Cognizant,Insertion before the value X in Linked List,Linked List,Easy
Cognizant,Insert node before (kth node) in Doubly Linked List,"Doubly-Linked List, Linked List",Easy
Cognizant,Insert node before head in Doubly Linked List,"Doubly-Linked List, Linked List",Easy
Cognizant,Insert node before tail in Doubly Linked List,"Doubly-Linked List, Linked List",Easy
Cognizant,Removing given node in Doubly Linked List,"Doubly-Linked List, Linked List",Easy
Cognizant,Check for Perfect Number,Math,Easy
Cognizant,Check for Prime Number,Math,Easy
Cognizant,Check if the Number is Armstrong,Math,Easy
Cognizant,Count all Digits of a Number,"Math, Counting",Easy
Cognizant,Count number of odd digits in a number,"Math, Counting",Easy
Cognizant,Count of Prime Numbers till N,"Math, Counting",Easy
Cognizant,Divisors of a Number,Math,Easy
Cognizant,Factorial of a given number,Math,Easy
Cognizant,GCD of Two Numbers,Math,Easy
Cognizant,LCM of two numbers,Math,Easy
Cognizant,Palindrome Number,Math,Easy
Cognizant,Return the Largest Digit in a Number,Math,Easy
Cognizant,Reverse a number,Math,Easy
Cognizant,Check if a Number is Prime or Not,Math,Easy
Cognizant,Check if String is Palindrome or Not,String,Easy
Cognizant,Check if the Array is Sorted II,"Array, Sorting",Easy
Cognizant,Factorial of a Given Number,Math,Easy
Cognizant,Fibonacci Number,"Dynamic Programming, Math",Easy
Cognizant,Reverse a String I,String,Easy
Cognizant,Sum of Array Elements II,"Array, Math",Easy
Cognizant,Sum of Digits in a Given Number,Math,Easy
Cognizant,Sum of First N Numbers,Math,Easy
Cognizant,Implement Queue using Arrays,"Queue, Data Structures",Easy
Cognizant,Implement queue using Linkedlist,"Queue, Linked List",Easy
Cognizant,Implement Queue using Stack,"Design, Queue",Easy
Cognizant,Implement Stack using Arrays,"Array, Stack",Easy
Cognizant,Implement stack using Linkedlist,"Stack, Linked List",Easy
Cognizant,Implement Stack using Queue,"Design, Queue",Easy
Cognizant,Isomorphic String,"Hash Table, String",Easy
Cognizant,Longest Common Prefix,"String, Trie",Easy
Cognizant,Palindrome Check,"String, Two Pointers",Easy
Cognizant,Reverse a String II,String,Easy
Cognizant,Rotate String,"String, String Matching",Easy
Cognizant,Sort Characters by Frequency,"Bucket Sort, Counting",Easy
Cognizant,Valid Anagram,"Hash Table, Sorting",Easy
Cognizant,Pattern 1,"Pattern Printing, Implementation",Easy
Cognizant,Pattern 10,"Pattern Printing, Implementation",Easy
Cognizant,Pattern 11,"Pattern Printing, Implementation",Easy
Cognizant,Pattern 12,"Pattern Printing, Implementation",Easy
Cognizant,Pattern 13,"Pattern Printing, Implementation",Easy
Cognizant,Pattern 14,"Pattern Printing, Implementation",Easy
Cognizant,Pattern 15,"Pattern Printing, Implementation",Easy
Cognizant,Pattern 16,"Pattern Printing, Implementation",Easy
Cognizant,Pattern 17,"Pattern Printing, Implementation",Easy
Cognizant,Pattern 18,"Pattern Printing, Implementation",Easy
Cognizant,Pattern 19,"Pattern Printing, Implementation",Easy
Cognizant,Pattern 20,"Pattern Printing, Implementation",Medium
Cognizant,Pattern 21,"Pattern Printing, Implementation",Medium
Cognizant,Pattern 22,"Pattern Printing, Implementation",Medium
Cognizant,Pattern 4,"Pattern Printing, Implementation",Easy
Cognizant,Pattern 5,"Pattern Printing, Implementation",Easy
Cognizant,Pattern 6,"Pattern Printing, Implementation",Easy
Cognizant,Pattern 7,"Pattern Printing, Implementation",Easy
Cognizant,Pattern 8,"Pattern Printing, Implementation",Easy
Cognizant,Pattern 9,"Pattern Printing, Implementation",Easy
Cognizant,If Else Adult Teen Problem,Implementation,Easy
Cognizant,If ElseIf,Implementation,Easy
Cognizant,Input Output,Implementation,Easy
Cognizant,Print last character of string,"String, Implementation",Easy
Cognizant,Print X N numbers of times,"Implementation, Simulation",Easy
Cognizant,Sum of first last element in array,"Array, Math",Easy
Cognizant,Switch Case,"Implementation, Simulation",Easy
Cognizant,Traversal in Linked List,Linked List,Easy
Cognizant,Generate Parentheses,"Backtracking, Dynamic Programming",Medium
Cognizant,"Pow(x,n)","Math, Recursion",Medium
Cognizant,Power Set,"Recursion, Backtracking",Medium
Cognizant,Check if there exists a subsequence with sum K,"Array, Dynamic Programming",Easy
Cognizant,Count all subsequences with sum K,Recursion,Easy
Cognizant,Bubble Sort,"Array, Sorting",Easy
Cognizant,Insertion Sorting,"Array, Sorting",Easy
Cognizant,Merge Sorting,"Array, Sorting",Medium
Cognizant,Quick Sorting,"Array, Sorting",Easy
Cognizant,Selection Sort,"Array, Sorting",Easy
Cognizant,Balanced Paranthesis,"String, Greedy",Easy
Coinbase,Zigzag Iterator,"Array, Design",Medium
Coupang,Design Hit Counter,"Array, Binary Search",Medium
Coupang,Number of distinct islands,"Breadth-First Search, Depth-First Search",Medium
Coupang,Longest Repeating Substring,"Binary Search, Dynamic Programming",Medium
Coupang,Longest Substring With At Most K Distinct Characters,"Hash Table, Sliding Window",Hard
Coupang,Split BST,"Binary Search Tree, Binary Tree",Medium
Cruise,Palindrome Permutation II,"Dynamic Programming, String",Medium
Cruise,Synonymous Sentences,"Array, Backtracking",Medium
Cunfluent,Minimum Time To Eat All Grains,"Binary Search, Math",Hard
Dadabricks,Web Crawler,"Breadth-First Search, Depth-First Search",Easy
DadaDog,Meeting Scheduler,"Array, Hash Table",Medium
Databricks,Maximum Product Subarray in an Array,"Array, Dynamic Programming",Hard
Databricks,Reverse Pairs,"Array, Binary Indexed Tree",Hard
Databricks,Union of two sorted arrays,"Array, Two Pointers",Easy
Databricks,Find minimum in Rotated Sorted Array,"Array, Binary Search",Easy
Databricks,Find out how many times the array is rotated,"Array, Binary Search",Easy
Databricks,Search in rotated sorted array-II,"Array, Binary Search",Medium
Databricks,Largest BST in Binary Tree,"Binary Search, Binary Search Tree",Hard
Databricks,Construct a BST from a preorder traversal,"Array, Binary Search Tree",Medium
Databricks,LCA in BST,"Binary Search Tree, Binary Tree",Medium
Databricks,Search in BST,"Tree, Depth-First Search",Easy
Databricks,Requirements needed to construct a unique BT,"Traversal, Algorithms",Medium
Databricks,Serialize and De-serialize BT,"Binary Tree, Breadth-First Search",Hard
Databricks,Right/Left View of BT,"Tree, Depth-First Search",Medium
Databricks,Maximum path sum,"Binary Tree, Depth-First Search",Medium
Databricks,Morris Preorder Traversal,"Stack, Tree",Hard
Databricks,Divide two numbers without multiplication and division,"Bit Manipulation, Math",Medium
Databricks,Minimum Bit Flips to Convert Number,Bit Manipulation,Medium
Databricks,Single Number - II,"Array, Bit Manipulation",Medium
Databricks,Single Number - III,"Array, Bit Manipulation",Medium
Databricks,Closest Leaf in a Binary Tree,"Binary Tree, Breadth-First Search",Medium
Databricks,Design a Leaderboard,"Design, Hash Table",Medium
Databricks,Design Hit Counter,"Array, Binary Search",Medium
Databricks,Design Tic-Tac-Toe,"Array, Design",Medium
Databricks,Climbing stairs,"Dynamic Programming, Math",Medium
Databricks,Best time to buy and sell stock III,"Array, Dynamic Programming",Medium
Databricks,Distinct subsequences,"Dynamic Programming, String",Hard
Databricks,Edit distance,"Dynamic Programming, String",Hard
Databricks,Longest common subsequence,"Dynamic Programming, String",Hard
Databricks,Longest common substring,"String, Dynamic Programming",Hard
Databricks,Minimum insertions or deletions to convert string A to B,Dynamic Programming,Hard
Databricks,Count partitions with given difference,"Array, Math",Hard
Databricks,Count subsets with sum K,Dynamic Programming,Hard
Databricks,Minimum coins,Dynamic Programming,Hard
Databricks,Partition equal subset sum,"Array, Dynamic Programming",Hard
Databricks,Burst balloons,"Array, Dynamic Programming",Hard
Databricks,Minimum cost to cut the stick,"Array, Dynamic Programming",Hard
Databricks,Deletion of the tail of Linked List,"Linked List, Hash Table",Easy
Databricks,Insertion at the head of Linked List,Linked List,Easy
Databricks,Insertion at the tail of Linked List,Linked List,Easy
Databricks,Removing given node in Doubly Linked List,"Doubly-Linked List, Linked List",Easy
Databricks,Detect a cycle in an undirected graph,"Graph, Depth-First Search",Hard
Databricks,Topological sort or Kahn's algorithm,"Graph, Depth-First Search",Hard
Databricks,Alien Dictionary,"Array, Breadth-First Search",Hard
Databricks,Shortest path in DAG,"Graph, Topological Sort",Hard
Databricks,Word ladder II,"Backtracking, Breadth-First Search",Hard
Databricks,Making a large island,"Array, Breadth-First Search",Hard
Databricks,Number of operations to make network connected,"Depth-First Search, Breadth-First Search",Hard
Databricks,Disjoint Set,"Union Find, Algorithms",Hard
Databricks,Floyd warshall algorithm,"Dynamic Programming, Graph",Hard
Databricks,Number of ways to arrive at destination,"Dynamic Programming, Graph",Hard
Databricks,Connected Components,"Depth-First Search, Breadth-First Search",Medium
Databricks,Number of islands,"Array, Breadth-First Search",Medium
Databricks,Number of provinces,"Breadth-First Search, Depth-First Search",Medium
Databricks,Lemonade Change,"Array, Greedy",Easy
Databricks,Count subarrays with given xor K,"Array, Hash Table",Hard
Databricks,Build heap from a given Array,"Array, Heap (Priority Queue)",Medium
Databricks,Heap Sort,"Array, Heap (Priority Queue)",Medium
Databricks,IP to CIDR,"Bit Manipulation, String",Medium
Databricks,Delete all occurrences of a key in DLL,"Doubly-Linked List, Linked List",Hard
Databricks,Clone a LL with random and next pointer,Linked List,Hard
Databricks,Merge two Sorted Lists,"Linked List, Two Pointers",Hard
Databricks,Reverse LL in group of given size K,"Linked List, Recursion",Hard
Databricks,Rotate a LL,"Linked List, Two Pointers",Hard
Databricks,Find the starting point in LL,"Linked List, Two Pointers",Medium
Databricks,Length of loop in LL,"Linked List, Two Pointers",Medium
Databricks,Add two numbers in Linked List,"Linked List, Math",Medium
Databricks,Combination Sum,"Array, Backtracking",Medium
Databricks,Subsets II,"Array, Backtracking",Medium
Databricks,Sudoku Solver,"Array, Backtracking",Hard
Databricks,"Pow(x,n)","Math, Recursion",Medium
Databricks,Check if there exists a subsequence with sum K,"Array, Dynamic Programming",Easy
Databricks,Count all subsequences with sum K,Recursion,Easy
Databricks,Maximum Points You Can Obtain from Cards,"Array, Prefix Sum",Medium
Databricks,Binary Subarrays With Sum,"Array, Hash Table",Hard
Databricks,Longest Repeating Character Replacement,"Hash Table, Sliding Window",Hard
Databricks,Celebrity Problem,"Graph, Greedy",Hard
Databricks,LFU Cache,"Design, Doubly-Linked List",Hard
Databricks,Maximum Rectangles,"Array, Dynamic Programming. Stack",Hard
Databricks,Stock span problem,"Array, Stack",Hard
Databricks,Next Greater Element,"Array, Hash Table",Medium
Databricks,KMP Algorithm or LPS array,"String, Rolling Hash",Hard
Databricks,Longest happy prefix,"Hash Function, Rolling Hash",Hard
Databricks,Rabin Karp Algorithm,"String, String Matching",Hard
Databricks,Minimum number of bracket reversals to make an expression balanced,"String, Stack",Hard
Databricks,Number of distinct substrings in a string,"Hash Function, Rolling Hash",Medium
Databricks,Trie Implementation and Advanced Operations,"Trie, Implementation",Hard
Databricks,Trie Implementation and Operations,"Trie, Implementation",Hard
Datadog,Maximum Vacation Days,"Array, Dynamic Programming",Hard
Datadog,Valid Word Abbreviation,"String, Two Pointers",Easy
DE Shaw,Median of a Row Wise Sorted Matrix,"Array, Binary Search",Medium
DE Shaw,Minimize Connected Groups by Inserting Interval,"Array, Binary Search",Hard
DE Shaw,Minimum Runes to Add to Cast Spell,"Array, Breadth-First Search",Hard
Deloitte,Find the repeating and missing number,"Array, Math",Hard
Deloitte,3 Sum,"Array, Sorting",Medium
Deloitte,Leaders in an Array,Array,Medium
Deloitte,Next Permutation,"Array, Two Pointers",Medium
Deloitte,Pascal's Triangle III,"Array, Dynamic Programming",Medium
Deloitte,Rearrange array elements by sign,"Array, Simulation",Medium
Deloitte,Left Rotate Array by One,"Array, Implementation",Easy
Deloitte,Linear Search,"Array, Searching",Easy
Deloitte,Find missing number,"Array, Bit Manipulation",Easy
Deloitte,Intersection of two sorted arrays,"Array, Sorting",Easy
Deloitte,Find Peak Element - II,"Array, Binary Search",Medium
Deloitte,Search in 2D matrix - II,"Array, Binary Search",Hard
Deloitte,Split array - largest sum,"Array, Binary Search",Hard
Deloitte,Upper Bound,"Array, Binary Search",Easy
Deloitte,Find out how many times the array is rotated,"Array, Binary Search",Easy
Deloitte,First and last occurrence,"Array, Binary Search",Easy
Deloitte,Search in rotated sorted array-I,"Array, Binary Search",Medium
Deloitte,Find square root of a number,"Array, Binary Search",Medium
Deloitte,Koko eating bananas,"Array, Binary Search",Medium
Deloitte,Minimum days to make M bouquets,"Array, Binary Search",Medium
Deloitte,Construct a BST from a preorder traversal,"Array, Binary Search Tree",Medium
Deloitte,Inorder successor and predecessor in BST,"Binary Search Tree, Tree",Medium
Deloitte,Construct a BT from Postorder and Inorder,"Array, Hash Table",Hard
Deloitte,Requirements needed to construct a unique BT,"Traversal, Algorithms",Medium
Deloitte,Bottom view of BT,"Tree, Data Structures",Medium
Deloitte,Right/Left View of BT,"Tree, Depth-First Search",Medium
Deloitte,Vertical Order Traversal,"Binary Tree, Breadth-First Search",Medium
Deloitte,Check if two trees are identical or not,"Tree, Depth-First Search",Medium
Deloitte,Diameter of Binary Tree,"Binary Tree, Depth-First Search",Easy
Deloitte,Level Order Traversal,"Binary Tree, Breadth-First Search",Easy
Deloitte,Preorder Traversal,"Binary Tree, Depth-First Search",Easy
Deloitte,Divide two numbers without multiplication and division,"Bit Manipulation, Math",Medium
Deloitte,Single Number - II,"Array, Bit Manipulation",Medium
Deloitte,Triangle,"Array, Dynamic Programming",Medium
Deloitte,Best time to buy and sell stock II,"Array, Dynamic Programming",Medium
Deloitte,Edit distance,"Dynamic Programming, String",Hard
Deloitte,Minimum insertions or deletions to convert string A to B,Dynamic Programming,Hard
Deloitte,Minimum insertions to make string palindrome,"Dynamic Programming, String",Hard
Deloitte,Shortest common supersequence,"Dynamic Programming, String",Hard
Deloitte,Coin change II,"Array, Dynamic Programming",Hard
Deloitte,Count partitions with given difference,"Array, Math",Hard
Deloitte,Count subsets with sum K,Dynamic Programming,Hard
Deloitte,Rod cutting problem,"Array, Dynamic Programming",Hard
Deloitte,Matrix chain multiplication,"Array, Dynamic Programming",Hard
Deloitte,Convert Array to Doubly Linked List,"Doubly-Linked List, Hash Table",Easy
Deloitte,Delete Tail of Doubly Linked List,"Doubly-Linked List, Hash Table",Easy
Deloitte,Insert before given node in Doubly Linked List,"Doubly-Linked List, Linked List",Easy
Deloitte,Insertion at the tail of Linked List,Linked List,Easy
Deloitte,Insert node before (kth node) in Doubly Linked List,"Doubly-Linked List, Linked List",Easy
Deloitte,Removing given node in Doubly Linked List,"Doubly-Linked List, Linked List",Easy
Deloitte,Implement Queue using Stack,"Design, Queue",Easy
Deloitte,Articulation point in graph,"Graph, Depth-First Search",Hard
Deloitte,Bridges in graph,"Biconnected Component, Depth-First Search",Hard
Deloitte,Detect a cycle in a directed graph,"Graph, Depth-First Search",Hard
Deloitte,Detect a cycle in an undirected graph,"Graph, Depth-First Search",Hard
Deloitte,Course Schedule II,"Breadth-First Search, Depth-First Search",Medium
Deloitte,Find eventual safe states,"Breadth-First Search, Depth-First Search",Hard
Deloitte,Find the MST weight,"Union Find, Graph",Hard
Deloitte,Cheapest flight within K stops,"Breadth-First Search, Depth-First Search",Hard
Deloitte,Minimum multiplications to reach end,"Array, Graph",Hard
Deloitte,Shortest Distance in a Binary Maze,"Array, Breadth-First Search",Hard
Deloitte,Traversal Techniques,"Depth-First Search, Breadth-First Search",Medium
Deloitte,Distance of nearest cell having one,"Array, Breadth-First Search",Medium
Deloitte,Assign Cookies,"Array, Greedy",Easy
Deloitte,Insert Interval,Array,Medium
Deloitte,Job sequencing Problem,"Dynamic Programming, Greedy",Medium
Deloitte,Non-overlapping Intervals,"Greedy, Sorting",Medium
Deloitte,Longest subarray with sum K,- Medium,Medium
Deloitte,Maximum Sum Combination,"Array, Sorting",Hard
Deloitte,Merge K sorted Lists,"Divide and Conquer, Heap (Priority Queue)",Hard
Deloitte,Heapify Algorithm,"Array, Heap (Priority Queue)",Medium
Deloitte,Remove duplicates from sorted DLL,"Doubly-Linked List, Linked List",Hard
Deloitte,Reverse LL in group of given size K,"Linked List, Recursion",Hard
Deloitte,Print all primes till N,Math,Hard
Deloitte,Subsets II,"Array, Backtracking",Medium
Deloitte,N Queen,"Recursion, Backtracking",Hard
Deloitte,"Pow(x,n)","Math, Recursion",Medium
Deloitte,Maximum Points You Can Obtain from Cards,"Array, Prefix Sum",Medium
Deloitte,Binary Subarrays With Sum,"Array, Hash Table",Hard
Deloitte,Count number of Nice subarrays,"Array, Hash Table",Hard
Deloitte,Fruit Into Baskets,"Array, Hash Table",Medium
Deloitte,Celebrity Problem,"Graph, Greedy",Hard
Deloitte,LFU Cache,"Design, Doubly-Linked List",Hard
Deloitte,LRU Cache,"Design, Doubly-Linked List",Medium
Deloitte,Stock span problem,"Array, Stack",Hard
Deloitte,Balanced Paranthesis,"String, Greedy",Easy
Deloitte,Sum of Subarray Ranges,"Array, Monotonic Stack",Medium
Deloitte,Rabin Karp Algorithm,"String, String Matching",Hard
Deloitte,Shortest Palindrome,"Hash Function, Rolling Hash",Hard
Deutsche Bank,Maximum Coins Heroes Can Collect,"Array, Binary Search",Medium
Deutsche Bank,Pour Water Between Buckets to Make Water Levels Equal,"Array, Binary Search",Medium
Directi,Maximum XOR of Two Non Overlapping Subtrees,"Depth-First Search, Graph",Easy
Directi,Minimum Cost to Buy Apples,"Array, Graph",Hard
Disney,Valid Word Abbreviation,"String, Two Pointers",Easy
Docker,Count Inversions,"Array, Divide and Conquer",Hard
Docker,Maximum Product Subarray in an Array,"Array, Dynamic Programming",Hard
Docker,Pascal's Triangle III,"Array, Dynamic Programming",Medium
Docker,Sort an array of 0's 1's and 2's,"Array, Sorting",Medium
Docker,Move Zeros to End,"Array, Two Pointers",Easy
Docker,Find row with maximum 1's,"Array, Matrix",Easy
Docker,Matrix Median,"Matrix, Binary Search",Hard
Docker,Search in a 2D matrix,"Array, Binary Search",Hard
Docker,Find peak element,"Array, Binary Search",Medium
Docker,Kth element of 2 sorted arrays,"Array, Divide and Conquer",Medium
Docker,Lower Bound,"Array, Binary Search",Easy
Docker,Upper Bound,"Array, Binary Search",Easy
Docker,Find out how many times the array is rotated,"Array, Binary Search",Easy
Docker,Search in BST,"Tree, Depth-First Search",Easy
Docker,Minimum time taken to burn the BT from a given Node,"Hash Table, Tree",Hard
Docker,Print root to leaf path in BT,"String, Backtracking",Medium
Docker,Right/Left View of BT,"Tree, Depth-First Search",Medium
Docker,Vertical Order Traversal,"Binary Tree, Breadth-First Search",Medium
Docker,Check for balanced binary tree,"Tree, Data Structures",Medium
Docker,"Pre, Post, Inorder in one traversal","Stack, Tree",Easy
Docker,Power Set Bit Manipulation,"Math, Bit Manipulation",Medium
Docker,Single Number - II,"Array, Bit Manipulation",Medium
Docker,Frog Jump,"Array, Dynamic Programming",Medium
Docker,House robber,"Array, Dynamic Programming",Medium
Docker,Unique paths II,"Array, Dynamic Programming",Medium
Docker,Best time to buy and sell stock III,"Array, Dynamic Programming",Medium
Docker,Longest common substring,"String, Dynamic Programming",Hard
Docker,Minimum insertions or deletions to convert string A to B,Dynamic Programming,Hard
Docker,Wildcard matching,"Dynamic Programming, Greedy",Hard
Docker,Coin change II,"Array, Dynamic Programming",Hard
Docker,Count partitions with given difference,"Array, Math",Hard
Docker,Matrix chain multiplication,"Array, Dynamic Programming",Hard
Docker,Minimum cost to cut the stick,"Array, Dynamic Programming",Hard
Docker,Delete Kth Element of Doubly Linked List,"Doubly-Linked List, Hash Table",Easy
Docker,Insertion at the head of Linked List,Linked List,Easy
Docker,Insertion at the Kth position of Linked List,Linked List,Easy
Docker,Insert node before tail in Doubly Linked List,"Doubly-Linked List, Linked List",Easy
Docker,Implement Stack using Arrays,"Array, Stack",Easy
Docker,Topological sort or Kahn's algorithm,"Graph, Depth-First Search",Hard
Docker,Course Schedule II,"Breadth-First Search, Depth-First Search",Medium
Docker,Find eventual safe states,"Breadth-First Search, Depth-First Search",Hard
Docker,Number of operations to make network connected,"Depth-First Search, Breadth-First Search",Hard
Docker,Disjoint Set,"Union Find, Algorithms",Hard
Docker,Find the MST weight,"Union Find, Graph",Hard
Docker,Number of ways to arrive at destination,"Dynamic Programming, Graph",Hard
Docker,Print Shortest Path,"Breadth-First Search, Graph",Hard
Docker,Distance of nearest cell having one,"Array, Breadth-First Search",Medium
Docker,Rotten Oranges,"Array, Breadth-First Search",Medium
Docker,Candy,"Array, Greedy",Hard
Docker,Non-overlapping Intervals,"Greedy, Sorting",Medium
Docker,Longest subarray with sum K,- Medium,Medium
Docker,Design Twitter,"Design, Hash Table",Medium
Docker,Build heap from a given Array,"Array, Heap (Priority Queue)",Medium
Docker,Convert Min Heap to Max Heap,"Array, Heap (Priority Queue)",Medium
Docker,Heapify Algorithm,"Array, Heap (Priority Queue)",Medium
Docker,Heap Sort,"Array, Heap (Priority Queue)",Medium
Docker,Implement Min Heap,"Array, Heap (Priority Queue)",Medium
Docker,Clone a LL with random and next pointer,Linked List,Hard
Docker,Flattening of LL,"-, - Hard",Hard
Docker,Rotate a LL,"Linked List, Two Pointers",Hard
Docker,Sort LL,"Divide and Conquer, Linked List",Hard
Docker,Remove Nth node from the back of the LL,"Linked List, Two Pointers",Medium
Docker,Count primes in range L to R,Math,Hard
Docker,Subsets I,"Recursion, Backtracking",Medium
Docker,Rat in a Maze,"Recursion, Backtracking",Hard
Docker,Check if there exists a subsequence with sum K,"Array, Dynamic Programming",Easy
Docker,Maximum Points You Can Obtain from Cards,"Array, Prefix Sum",Medium
Docker,Fruit Into Baskets,"Array, Hash Table",Medium
Docker,Insertion Sorting,"Array, Sorting",Easy
Docker,Merge Sorting,"Array, Sorting",Medium
Docker,Quick Sorting,"Array, Sorting",Easy
Docker,Implement Min Stack,"Design, Stack",Hard
Docker,LFU Cache,"Design, Doubly-Linked List",Hard
Docker,Sliding Window Maximum,"Array, Heap (Priority Queue)",Hard
Docker,Balanced Paranthesis,"String, Greedy",Easy
Docker,Remove K Digits,"Greedy, Monotonic Stack",Medium
Docker,Longest happy prefix,"Hash Function, Rolling Hash",Hard
Docker,Rabin Karp Algorithm,"String, String Matching",Hard
Docker,Z function,Math,Hard
Docker,Count and say,String,Hard
Docker,Minimum number of bracket reversals to make an expression balanced,"String, Stack",Hard
Docker,Maximum Xor with an element from an array,"Array, Bit Manipulation",Hard
Docker,Trie Implementation and Advanced Operations,"Trie, Implementation",Hard
Docusign,Palindrome Permutation,"Bit Manipulation, Hash Table",Easy
DoorDash,Analyze User Website Visit Pattern,"Array, Hash Table",Medium
DoorDash,3 Sum,"Array, Sorting",Medium
DoorDash,Next Permutation,"Array, Two Pointers",Medium
DoorDash,Rotate matrix by 90 degrees,"Array, Math",Medium
DoorDash,Left Rotate Array by One,"Array, Implementation",Easy
DoorDash,Move Zeros to End,"Array, Two Pointers",Easy
DoorDash,Basic Calculator III,"Math, Recursion",Hard
DoorDash,Find row with maximum 1's,"Array, Matrix",Easy
DoorDash,Kth element of 2 sorted arrays,"Array, Divide and Conquer",Medium
DoorDash,Search X in sorted array,"Array, Binary Search",Easy
DoorDash,Find minimum in Rotated Sorted Array,"Array, Binary Search",Easy
DoorDash,Find Nth root of a number,"Array, Binary Search",Medium
DoorDash,Find the smallest divisor,"Array, Binary Search",Medium
DoorDash,Koko eating bananas,"Array, Binary Search",Medium
DoorDash,Minimum days to make M bouquets,"Array, Binary Search",Medium
DoorDash,Floor and Ceil in a BST,"Binary Search Tree, Data Structures",Easy
DoorDash,Construct a BT from Preorder and Inorder,"Array, Binary Tree",Hard
DoorDash,Requirements needed to construct a unique BT,"Traversal, Algorithms",Medium
DoorDash,Serialize and De-serialize BT,"Binary Tree, Breadth-First Search",Hard
DoorDash,Bottom view of BT,"Tree, Data Structures",Medium
DoorDash,Right/Left View of BT,"Tree, Depth-First Search",Medium
DoorDash,Check for balanced binary tree,"Tree, Data Structures",Medium
DoorDash,Check for symmetrical BTs,"Tree, Depth-First Search",Medium
DoorDash,Check if two trees are identical or not,"Tree, Depth-First Search",Medium
DoorDash,Maximum Depth in BT,"Binary Tree, Breadth-First Search",Medium
DoorDash,Postorder Traversal,"Binary Tree, Depth-First Search",Easy
DoorDash,Minimum Bit Flips to Convert Number,Bit Manipulation,Medium
DoorDash,Power Set Bit Manipulation,"Math, Bit Manipulation",Medium
DoorDash,XOR of numbers in a given range,Brute,Medium
DoorDash,Diameter of N-ary Tree,"Depth-First Search, Tree",Medium
DoorDash,Ninja's training,Dynamic Programming,Medium
DoorDash,Cherry pickup II,"Array, Dynamic Programming",Hard
DoorDash,Grid unique paths,"Math, Dynamic Programming",Medium
DoorDash,Unique paths II,"Array, Dynamic Programming",Medium
DoorDash,Best time to buy and sell stock II,"Array, Dynamic Programming",Medium
DoorDash,Best time to buy and sell stock IV,"Array, Dynamic Programming",Medium
DoorDash,Longest common substring,"String, Dynamic Programming",Hard
DoorDash,Longest palindromic subsequence,"Dynamic Programming, String",Hard
DoorDash,Minimum coins,Dynamic Programming,Hard
DoorDash,Rod cutting problem,"Array, Dynamic Programming",Hard
DoorDash,Target sum,"Array, Backtracking",Hard
DoorDash,Unbounded knapsack,Dynamic Programming,Hard
DoorDash,Delete head of Doubly Linked List,"Doubly-Linked List, Hash Table",Easy
DoorDash,Delete the element with value X,"Linked List, Hash Table",Easy
DoorDash,Deletion of the head of LL,Linked List,Easy
DoorDash,Deletion of the tail of Linked List,"Linked List, Hash Table",Easy
DoorDash,Insert before given node in Doubly Linked List,"Doubly-Linked List, Linked List",Easy
DoorDash,Insertion at the head of Linked List,Linked List,Easy
DoorDash,Insertion at the tail of Linked List,Linked List,Easy
DoorDash,Insertion before the value X in Linked List,Linked List,Easy
DoorDash,Insert node before tail in Doubly Linked List,"Doubly-Linked List, Linked List",Easy
DoorDash,Implement Queue using Stack,"Design, Queue",Easy
DoorDash,Find the Celebrity,"Graph, Interactive",Medium
DoorDash,Kosaraju's algorithm,"Graph, Depth-First Search",Hard
DoorDash,Detect a cycle in a directed graph,"Graph, Depth-First Search",Hard
DoorDash,Detect a cycle in an undirected graph,"Graph, Depth-First Search",Hard
DoorDash,Word ladder I,"Breadth-First Search, Hash Table",Hard
DoorDash,Accounts merge,"Array, Hash Table",Hard
DoorDash,Bellman ford algorithm,"Dynamic Programming, Graph",Hard
DoorDash,Number of islands,"Array, Breadth-First Search",Medium
DoorDash,Number of provinces,"Breadth-First Search, Depth-First Search",Medium
DoorDash,Jump Game - I,"Array, Dynamic Programming",Easy
DoorDash,Candy,"Array, Greedy",Hard
DoorDash,Shortest Job First,"Greedy, Sorting",Medium
DoorDash,Maximum Sum Combination,"Array, Sorting",Hard
DoorDash,Check if an array represents a min heap,"Array, Heap (Priority Queue)",Medium
DoorDash,Heap Sort,"Array, Heap (Priority Queue)",Medium
DoorDash,Implement Min Heap,"Array, Heap (Priority Queue)",Medium
DoorDash,K-th Largest element in an array,"Array, Divide and Conquer",Medium
DoorDash,Delete all occurrences of a key in DLL,"Doubly-Linked List, Linked List",Hard
DoorDash,Flattening of LL,"-, - Hard",Hard
DoorDash,Rotate a LL,"Linked List, Two Pointers",Hard
DoorDash,Add one to a number represented by LL,Linked List,Medium
DoorDash,Check if LL is palindrome or not,"Linked List, Recursion",Medium
DoorDash,Length of loop in LL,"Linked List, Two Pointers",Medium
DoorDash,Reverse a LL,Linked List,Medium
DoorDash,Segregate odd and even nodes in Linked List,Linked List,Medium
DoorDash,Path With Maximum Minimum Value,"Array, Binary Search",Medium
DoorDash,Combination Sum II,"Array, Backtracking",Medium
DoorDash,Combination Sum III,"Array, Backtracking",Medium
DoorDash,Word Search,"Array, Backtracking",Hard
DoorDash,Generate Parentheses,"Backtracking, Dynamic Programming",Medium
DoorDash,"Pow(x,n)","Math, Recursion",Medium
DoorDash,Power Set,"Recursion, Backtracking",Medium
DoorDash,Check if there exists a subsequence with sum K,"Array, Dynamic Programming",Easy
DoorDash,Count all subsequences with sum K,Recursion,Easy
DoorDash,Shortest Distance from All Buildings,"Array, Breadth-First Search",Hard
DoorDash,Shortest Path to Get Food,"Array, Breadth-First Search",Medium
DoorDash,Count number of Nice subarrays,"Array, Hash Table",Hard
DoorDash,Bubble Sort,"Array, Sorting",Easy
DoorDash,Merge Sorting,"Array, Sorting",Medium
DoorDash,Celebrity Problem,"Graph, Greedy",Hard
DoorDash,Trapping Rainwater,"Array, Dynamic Programming",Hard
DoorDash,Next Greater Element - 2,"Array, Monotonic Stack",Medium
DoorDash,Number of distinct substrings in a string,"Hash Function, Rolling Hash",Medium
DoorDash,Trie Implementation and Advanced Operations,"Trie, Implementation",Hard
DoorDash,Walls and Gates,"Array, Breadth-First Search",Medium
Dropbox,Find the repeating and missing number,"Array, Math",Hard
Dropbox,Leaders in an Array,Array,Medium
Dropbox,Next Permutation,"Array, Two Pointers",Medium
Dropbox,Pascal's Triangle III,"Array, Dynamic Programming",Medium
Dropbox,Print the matrix in spiral manner,"Array, Matrix",Medium
Dropbox,Linear Search,"Array, Searching",Easy
Dropbox,Intersection of two sorted arrays,"Array, Sorting",Easy
Dropbox,Move Zeros to End,"Array, Two Pointers",Easy
Dropbox,Matrix Median,"Matrix, Binary Search",Hard
Dropbox,Search in 2D matrix - II,"Array, Binary Search",Hard
Dropbox,Search in a 2D matrix,"Array, Binary Search",Hard
Dropbox,Find peak element,"Array, Binary Search",Medium
Dropbox,Search X in sorted array,"Array, Binary Search",Easy
Dropbox,First and last occurrence,"Array, Binary Search",Easy
Dropbox,Single element in sorted array,"Array, Binary Search",Medium
Dropbox,Find the smallest divisor,"Array, Binary Search",Medium
Dropbox,Insert a given node in BST,"Tree, Binary Search Tree",Medium
Dropbox,Search in BST,"Tree, Depth-First Search",Easy
Dropbox,Boundary Traversal,"Tree, Data Structures",Medium
Dropbox,Count total nodes in a complete BT,"Binary Search, Bit Manipulation",Easy
Dropbox,Vertical Order Traversal,"Binary Tree, Breadth-First Search",Medium
Dropbox,Check for balanced binary tree,"Tree, Data Structures",Medium
Dropbox,Check for symmetrical BTs,"Tree, Depth-First Search",Medium
Dropbox,Maximum path sum,"Binary Tree, Depth-First Search",Medium
Dropbox,"Pre, Post, Inorder in one traversal","Stack, Tree",Easy
Dropbox,Divide two numbers without multiplication and division,"Bit Manipulation, Math",Medium
Dropbox,Power Set Bit Manipulation,"Math, Bit Manipulation",Medium
Dropbox,Single Number - II,"Array, Bit Manipulation",Medium
Dropbox,Single Number - III,"Array, Bit Manipulation",Medium
Dropbox,Design Hit Counter,"Array, Binary Search",Medium
Dropbox,Climbing stairs,"Dynamic Programming, Math",Medium
Dropbox,Frog Jump,"Array, Dynamic Programming",Medium
Dropbox,Grid unique paths,"Math, Dynamic Programming",Medium
Dropbox,Triangle,"Array, Dynamic Programming",Medium
Dropbox,Best time to buy and sell stock III,"Array, Dynamic Programming",Medium
Dropbox,Edit distance,"Dynamic Programming, String",Hard
Dropbox,Longest common subsequence,"Dynamic Programming, String",Hard
Dropbox,Longest common substring,"String, Dynamic Programming",Hard
Dropbox,Longest palindromic subsequence,"Dynamic Programming, String",Hard
Dropbox,Shortest common supersequence,"Dynamic Programming, String",Hard
Dropbox,Coin change II,"Array, Dynamic Programming",Hard
Dropbox,Minimum coins,Dynamic Programming,Hard
Dropbox,Partition equal subset sum,"Array, Dynamic Programming",Hard
Dropbox,Delete Tail of Doubly Linked List,"Doubly-Linked List, Hash Table",Easy
Dropbox,Delete the element with value X,"Linked List, Hash Table",Easy
Dropbox,Deletion of the tail of Linked List,"Linked List, Hash Table",Easy
Dropbox,Insert before given node in Doubly Linked List,"Doubly-Linked List, Linked List",Easy
Dropbox,Insert node before head in Doubly Linked List,"Doubly-Linked List, Linked List",Easy
Dropbox,Implement Queue using Arrays,"Queue, Data Structures",Easy
Dropbox,Implement queue using Linkedlist,"Queue, Linked List",Easy
Dropbox,Implement Queue using Stack,"Design, Queue",Easy
Dropbox,Bridges in graph,"Biconnected Component, Depth-First Search",Hard
Dropbox,Kosaraju's algorithm,"Graph, Depth-First Search",Hard
Dropbox,Find eventual safe states,"Breadth-First Search, Depth-First Search",Hard
Dropbox,Word ladder I,"Breadth-First Search, Hash Table",Hard
Dropbox,Number of operations to make network connected,"Depth-First Search, Breadth-First Search",Hard
Dropbox,Dijkstra's algorithm,"Graph, Heap (Priority Queue)",Hard
Dropbox,Floyd warshall algorithm,"Dynamic Programming, Graph",Hard
Dropbox,Traversal Techniques,"Depth-First Search, Breadth-First Search",Medium
Dropbox,Number of enclaves,"Array, Breadth-First Search",Medium
Dropbox,Number of islands,"Array, Breadth-First Search",Medium
Dropbox,Rotten Oranges,"Array, Breadth-First Search",Medium
Dropbox,Surrounded Regions,"Array, Breadth-First Search",Medium
Dropbox,Lemonade Change,"Array, Greedy",Easy
Dropbox,Valid Paranthesis Checker,"String, Stack",Hard
Dropbox,Minimum number of platforms required for a railway,"Greedy, Sorting",Medium
Dropbox,Maximum Sum Combination,"Array, Sorting",Hard
Dropbox,Build heap from a given Array,"Array, Heap (Priority Queue)",Medium
Dropbox,Clone a LL with random and next pointer,Linked List,Hard
Dropbox,Add one to a number represented by LL,Linked List,Medium
Dropbox,Delete the middle node in LL,"Linked List, Two Pointers",Medium
Dropbox,Find the intersection point of Y LL,"Linked List, Two Pointers",Medium
Dropbox,Length of loop in LL,"Linked List, Two Pointers",Medium
Dropbox,Remove Nth node from the back of the LL,"Linked List, Two Pointers",Medium
Dropbox,Combination Sum,"Array, Backtracking",Medium
Dropbox,N Queen,"Recursion, Backtracking",Hard
Dropbox,Letter Combinations of a Phone Number,"Backtracking, Hash Table",Hard
Dropbox,Power Set,"Recursion, Backtracking",Medium
Dropbox,Maximum Points You Can Obtain from Cards,"Array, Prefix Sum",Medium
Dropbox,Number of Substrings Containing All Three Characters,"Hash Table, Sliding Window",Hard
Dropbox,Longest Substring Without Repeating Characters,"Hash Table, Sliding Window",Medium
Dropbox,Celebrity Problem,"Graph, Greedy",Hard
Dropbox,LFU Cache,"Design, Doubly-Linked List",Hard
Dropbox,Maximum Rectangles,"Array, Dynamic Programming. Stack",Hard
Dropbox,Stock span problem,"Array, Stack",Hard
Dropbox,Asteroid Collision,"Array, Simulation",Medium
Dropbox,Longest happy prefix,"Hash Function, Rolling Hash",Hard
Dropbox,Count and say,String,Hard
Dropbox,Maximum XOR of two numbers in an array,"Array, Bit Manipulation",Hard
Dropbox,Maximum Xor with an element from an array,"Array, Bit Manipulation",Hard
Dropbox,Trie Implementation and Operations,"Trie, Implementation",Hard
Dropbox,Web Crawler,"Breadth-First Search, Depth-First Search",Easy
Dropbox,Word Pattern II,"Hash Table, String",Hard
DRW,Counting Elements,"Array, Hash Table",Easy
DRW,Subsequence of Size K With the Largest Even Sum,"Array, Dynamic Programming",Medium
eBay,Find the repeating and missing number,"Array, Math",Hard
eBay,Majority Element-I,"Array, Counting",Easy
eBay,Union of two sorted arrays,"Array, Two Pointers",Easy
eBay,Matrix Median,"Matrix, Binary Search",Hard
eBay,Book Allocation Problem,Binary Search,Hard
eBay,Kth element of 2 sorted arrays,"Array, Divide and Conquer",Medium
eBay,First and last occurrence,"Array, Binary Search",Easy
eBay,Find the smallest divisor,"Array, Binary Search",Medium
eBay,Minimum days to make M bouquets,"Array, Binary Search",Medium
eBay,Check if a tree is a BST or not,"Tree, Depth-First Search",Medium
eBay,Construct a BST from a preorder traversal,"Array, Binary Search Tree",Medium
eBay,Delete a node in BST,"Tree, Binary Search Tree",Medium
eBay,Insert a given node in BST,"Tree, Binary Search Tree",Medium
eBay,LCA in BST,"Binary Search Tree, Binary Tree",Medium
eBay,Search in BST,"Tree, Depth-First Search",Easy
eBay,Count total nodes in a complete BT,"Binary Search, Bit Manipulation",Easy
eBay,Minimum time taken to burn the BT from a given Node,"Hash Table, Tree",Hard
eBay,Top View of BT,"Binary Search Tree, Tree",Medium
eBay,Check for balanced binary tree,"Tree, Data Structures",Medium
eBay,Check for symmetrical BTs,"Tree, Depth-First Search",Medium
eBay,Morris Inorder Traversal,"Stack, Tree",Hard
eBay,Power Set Bit Manipulation,"Math, Bit Manipulation",Medium
eBay,Single Number - II,"Array, Bit Manipulation",Medium
eBay,Frog Jump,"Array, Dynamic Programming",Medium
eBay,Maximum sum of non adjacent elements,"Array, Divide and Conquer",Medium
eBay,Cherry pickup II,"Array, Dynamic Programming",Hard
eBay,Grid unique paths,"Math, Dynamic Programming",Medium
eBay,Minimum Falling Path Sum,"Array, Dynamic Programming",Medium
eBay,Best time to buy and sell stock III,"Array, Dynamic Programming",Medium
eBay,Best time to buy and sell stock IV,"Array, Dynamic Programming",Medium
eBay,Best time to buy and sell stock with transaction fees,"Array, Dynamic Programming",Medium
eBay,Shortest common supersequence,"Dynamic Programming, String",Hard
eBay,Partition equal subset sum,"Array, Dynamic Programming",Hard
eBay,Rod cutting problem,"Array, Dynamic Programming",Hard
eBay,Unbounded knapsack,Dynamic Programming,Hard
eBay,Convert Array to Doubly Linked List,"Doubly-Linked List, Hash Table",Easy
eBay,Deletion of the head of LL,Linked List,Easy
eBay,Deletion of the Kth element of Linked List,Linked List,Easy
eBay,Insertion at the Kth position of Linked List,Linked List,Easy
eBay,Insert node before head in Doubly Linked List,"Doubly-Linked List, Linked List",Easy
eBay,Removing given node in Doubly Linked List,"Doubly-Linked List, Linked List",Easy
eBay,Implement Queue using Stack,"Design, Queue",Easy
eBay,Articulation point in graph,"Graph, Depth-First Search",Hard
eBay,Topological sort or Kahn's algorithm,"Graph, Depth-First Search",Hard
eBay,Course Schedule I,"Breadth-First Search, Depth-First Search",Hard
eBay,Word ladder II,"Backtracking, Breadth-First Search",Hard
eBay,Most stones removed with same row or column,"Depth-First Search, Graph",Medium
eBay,Number of operations to make network connected,"Depth-First Search, Breadth-First Search",Hard
eBay,Cheapest flight within K stops,"Breadth-First Search, Depth-First Search",Hard
eBay,Minimum multiplications to reach end,"Array, Graph",Hard
eBay,Flood fill algorithm,"Array, Breadth-First Search",Medium
eBay,Number of enclaves,"Array, Breadth-First Search",Medium
eBay,Insert Interval,Array,Medium
eBay,Job sequencing Problem,"Dynamic Programming, Greedy",Medium
eBay,Longest subarray with sum K,- Medium,Medium
eBay,Design Twitter,"Design, Hash Table",Medium
eBay,Find Median from Data Stream,"Data Stream, Design",Hard
eBay,Check if an array represents a min heap,"Array, Heap (Priority Queue)",Medium
eBay,Delete all occurrences of a key in DLL,"Doubly-Linked List, Linked List",Hard
eBay,Clone a LL with random and next pointer,Linked List,Hard
eBay,Reverse LL in group of given size K,"Linked List, Recursion",Hard
eBay,Sort LL,"Divide and Conquer, Linked List",Hard
eBay,Detect a loop in LL,"Hash Table, Linked List",Medium
eBay,Length of loop in LL,"Linked List, Two Pointers",Medium
eBay,Sort a Linked List of 0's 1's and 2's,"Linked List, Sorting",Medium
eBay,Longest Substring with At Most Two Distinct Characters,"Hash Table, Sliding Window",Medium
eBay,Count primes in range L to R,Math,Hard
eBay,Prime factorisation of a Number,Math,Hard
eBay,Print all primes till N,Math,Hard
eBay,Meeting Rooms,"Array, Sorting",Easy
eBay,Meeting Rooms II,"Array, Greedy",Medium
eBay,Minimum Window Subsequence,"Dynamic Programming, Sliding Window",Hard
eBay,Combination Sum II,"Array, Backtracking",Medium
eBay,Combination Sum III,"Array, Backtracking",Medium
eBay,M Coloring Problem,"Recursion, Backtracking",Hard
eBay,Number of Substrings Containing All Three Characters,"Hash Table, Sliding Window",Hard
eBay,Max Consecutive Ones III,"Array, Binary Search",Medium
eBay,Implement Min Stack,"Design, Stack",Hard
eBay,Stock span problem,"Array, Stack",Hard
eBay,Sum of Subarray Minimums,"Array, Dynamic Programming",Medium
eBay,Shortest Palindrome,"Hash Function, Rolling Hash",Hard
eBay,Minimum number of bracket reversals to make an expression balanced,"String, Stack",Hard
Electronic Arts,Count Inversions,"Array, Divide and Conquer",Hard
Electronic Arts,Majority Element-II,"Array, Counting",Hard
Electronic Arts,Merge two sorted arrays without extra space,"Linked List, Recursion",Medium
Electronic Arts,Reverse Pairs,"Array, Binary Indexed Tree",Hard
Electronic Arts,Kadane's Algorithm,"Array, Dynamic Programming",Medium
Electronic Arts,Next Permutation,"Array, Two Pointers",Medium
Electronic Arts,Two Sum,"Array, Hash Table",Easy
Electronic Arts,Find Peak Element - II,"Array, Binary Search",Medium
Electronic Arts,Matrix Median,"Matrix, Binary Search",Hard
Electronic Arts,Kth element of 2 sorted arrays,"Array, Divide and Conquer",Medium
Electronic Arts,Split array - largest sum,"Array, Binary Search",Hard
Electronic Arts,Single element in sorted array,"Array, Binary Search",Medium
Electronic Arts,Delete a node in BST,"Tree, Binary Search Tree",Medium
Electronic Arts,Inorder successor and predecessor in BST,"Binary Search Tree, Tree",Medium
Electronic Arts,Insert a given node in BST,"Tree, Binary Search Tree",Medium
Electronic Arts,Kth Smallest and Largest element in BST,"Binary Search Tree, Binary Tree",Medium
Electronic Arts,LCA in BST,"Binary Search Tree, Binary Tree",Medium
Electronic Arts,Maximum Width of BT,"Binary Tree, Breadth-First Search",Medium
Electronic Arts,Check for balanced binary tree,"Tree, Data Structures",Medium
Electronic Arts,Check for symmetrical BTs,"Tree, Depth-First Search",Medium
Electronic Arts,Check if two trees are identical or not,"Tree, Depth-First Search",Medium
Electronic Arts,Diameter of Binary Tree,"Binary Tree, Depth-First Search",Easy
Electronic Arts,Maximum Depth in BT,"Binary Tree, Breadth-First Search",Medium
Electronic Arts,Level Order Traversal,"Binary Tree, Breadth-First Search",Easy
Electronic Arts,Minimum Bit Flips to Convert Number,Bit Manipulation,Medium
Electronic Arts,Single Number - II,"Array, Bit Manipulation",Medium
Electronic Arts,XOR of numbers in a given range,Brute,Medium
Electronic Arts,Climbing stairs,"Dynamic Programming, Math",Medium
Electronic Arts,Frog jump with K distances,Dynamic Programming,Medium
Electronic Arts,House robber,"Array, Dynamic Programming",Medium
Electronic Arts,Grid unique paths,"Math, Dynamic Programming",Medium
Electronic Arts,Best time to buy and sell stock,"Array, Dynamic Programming",Medium
Electronic Arts,Best time to buy and sell stock IV,"Array, Dynamic Programming",Medium
Electronic Arts,Shortest common supersequence,"Dynamic Programming, String",Hard
Electronic Arts,Coin change II,"Array, Dynamic Programming",Hard
Electronic Arts,Count partitions with given difference,"Array, Math",Hard
Electronic Arts,Matrix chain multiplication,"Array, Dynamic Programming",Hard
Electronic Arts,Palindrome partitioning II,"String, Dynamic Programming",Hard
Electronic Arts,Delete the element with value X,"Linked List, Hash Table",Easy
Electronic Arts,Deletion of the Kth element of Linked List,Linked List,Easy
Electronic Arts,Insert before given node in Doubly Linked List,"Doubly-Linked List, Linked List",Easy
Electronic Arts,Insert node before (kth node) in Doubly Linked List,"Doubly-Linked List, Linked List",Easy
Electronic Arts,Insert node before head in Doubly Linked List,"Doubly-Linked List, Linked List",Easy
Electronic Arts,Insert node before tail in Doubly Linked List,"Doubly-Linked List, Linked List",Easy
Electronic Arts,Removing given node in Doubly Linked List,"Doubly-Linked List, Linked List",Easy
Electronic Arts,Implement queue using Linkedlist,"Queue, Linked List",Easy
Electronic Arts,Implement Stack using Queue,"Design, Queue",Easy
Electronic Arts,Detect a cycle in an undirected graph,"Graph, Depth-First Search",Hard
Electronic Arts,Shortest path in DAG,"Graph, Topological Sort",Hard
Electronic Arts,Accounts merge,"Array, Hash Table",Hard
Electronic Arts,Disjoint Set,"Union Find, Algorithms",Hard
Electronic Arts,Bellman ford algorithm,"Dynamic Programming, Graph",Hard
Electronic Arts,Dijkstra's algorithm,"Graph, Heap (Priority Queue)",Hard
Electronic Arts,Number of ways to arrive at destination,"Dynamic Programming, Graph",Hard
Electronic Arts,Print Shortest Path,"Breadth-First Search, Graph",Hard
Electronic Arts,Shortest Distance in a Binary Maze,"Array, Breadth-First Search",Hard
Electronic Arts,Number of islands,"Array, Breadth-First Search",Medium
Electronic Arts,Rotten Oranges,"Array, Breadth-First Search",Medium
Electronic Arts,Jump Game - I,"Array, Dynamic Programming",Easy
Electronic Arts,Valid Paranthesis Checker,"String, Stack",Hard
Electronic Arts,Minimum number of platforms required for a railway,"Greedy, Sorting",Medium
Electronic Arts,Shortest Job First,"Greedy, Sorting",Medium
Electronic Arts,Build heap from a given Array,"Array, Heap (Priority Queue)",Medium
Electronic Arts,Convert Min Heap to Max Heap,"Array, Heap (Priority Queue)",Medium
Electronic Arts,Heap Sort,"Array, Heap (Priority Queue)",Medium
Electronic Arts,K-th Largest element in an array,"Array, Divide and Conquer",Medium
Electronic Arts,Delete the middle node in LL,"Linked List, Two Pointers",Medium
Electronic Arts,Remove Nth node from the back of the LL,"Linked List, Two Pointers",Medium
Electronic Arts,Combination Sum III,"Array, Backtracking",Medium
Electronic Arts,Subsets II,"Array, Backtracking",Medium
Electronic Arts,M Coloring Problem,"Recursion, Backtracking",Hard
Electronic Arts,N Queen,"Recursion, Backtracking",Hard
Electronic Arts,Palindrome partitioning,"Backtracking, Dynamic Programming",Hard
Electronic Arts,Merge Sorting,"Array, Sorting",Medium
Electronic Arts,Quick Sorting,"Array, Sorting",Easy
Electronic Arts,Selection Sort,"Array, Sorting",Easy
Electronic Arts,Maximum Rectangles,"Array, Dynamic Programming. Stack",Hard
Electronic Arts,Stock span problem,"Array, Stack",Hard
Electronic Arts,Balanced Paranthesis,"String, Greedy",Easy
Electronic Arts,Asteroid Collision,"Array, Simulation",Medium
Electronic Arts,Next Greater Element,"Array, Hash Table",Medium
Electronic Arts,Remove K Digits,"Greedy, Monotonic Stack",Medium
Electronic Arts,Longest happy prefix,"Hash Function, Rolling Hash",Hard
Electronic Arts,Shortest Palindrome,"Hash Function, Rolling Hash",Hard
Electronic Arts,Count and say,String,Hard
Electronic Arts,Minimum number of bracket reversals to make an expression balanced,"String, Stack",Hard
Electronic Arts,Trie Implementation and Operations,"Trie, Implementation",Hard
Epic Games,Count Inversions,"Array, Divide and Conquer",Hard
Epic Games,Majority Element-I,"Array, Counting",Easy
Epic Games,3 Sum,"Array, Sorting",Medium
Epic Games,Rotate matrix by 90 degrees,"Array, Math",Medium
Epic Games,Two Sum,"Array, Hash Table",Easy
Epic Games,Linear Search,"Array, Searching",Easy
Epic Games,Find row with maximum 1's,"Array, Matrix",Easy
Epic Games,Search in a 2D matrix,"Array, Binary Search",Hard
Epic Games,Aggressive Cows,Binary Search,Hard
Epic Games,Find peak element,"Array, Binary Search",Medium
Epic Games,Kth element of 2 sorted arrays,"Array, Divide and Conquer",Medium
Epic Games,Split array - largest sum,"Array, Binary Search",Hard
Epic Games,Lower Bound,"Array, Binary Search",Easy
Epic Games,Find out how many times the array is rotated,"Array, Binary Search",Easy
Epic Games,Search in rotated sorted array-I,"Array, Binary Search",Medium
Epic Games,Find the smallest divisor,"Array, Binary Search",Medium
Epic Games,Minimum days to make M bouquets,"Array, Binary Search",Medium
Epic Games,Inorder successor and predecessor in BST,"Binary Search Tree, Tree",Medium
Epic Games,Insert a given node in BST,"Tree, Binary Search Tree",Medium
Epic Games,LCA in BST,"Binary Search Tree, Binary Tree",Medium
Epic Games,Floor and Ceil in a BST,"Binary Search Tree, Data Structures",Easy
Epic Games,Search in BST,"Tree, Depth-First Search",Easy
Epic Games,Construct a BT from Postorder and Inorder,"Array, Hash Table",Hard
Epic Games,Construct a BT from Preorder and Inorder,"Array, Binary Tree",Hard
Epic Games,Requirements needed to construct a unique BT,"Traversal, Algorithms",Medium
Epic Games,Serialize and De-serialize BT,"Binary Tree, Breadth-First Search",Hard
Epic Games,Maximum Width of BT,"Binary Tree, Breadth-First Search",Medium
Epic Games,Top View of BT,"Binary Search Tree, Tree",Medium
Epic Games,Check for balanced binary tree,"Tree, Data Structures",Medium
Epic Games,Check for symmetrical BTs,"Tree, Depth-First Search",Medium
Epic Games,Check if two trees are identical or not,"Tree, Depth-First Search",Medium
Epic Games,Inorder Traversal,"Binary Tree, Depth-First Search",Easy
Epic Games,Divide two numbers without multiplication and division,"Bit Manipulation, Math",Medium
Epic Games,Power Set Bit Manipulation,"Math, Bit Manipulation",Medium
Epic Games,Single Number - II,"Array, Bit Manipulation",Medium
Epic Games,Unique paths II,"Array, Dynamic Programming",Medium
Epic Games,Count partitions with given difference,"Array, Math",Hard
Epic Games,Count subsets with sum K,Dynamic Programming,Hard
Epic Games,Partition equal subset sum,"Array, Dynamic Programming",Hard
Epic Games,Rod cutting problem,"Array, Dynamic Programming",Hard
Epic Games,Delete head of Doubly Linked List,"Doubly-Linked List, Hash Table",Easy
Epic Games,Insertion at the tail of Linked List,Linked List,Easy
Epic Games,Insertion before the value X in Linked List,Linked List,Easy
Epic Games,Removing given node in Doubly Linked List,"Doubly-Linked List, Linked List",Easy
Epic Games,Implement Stack using Arrays,"Array, Stack",Easy
Epic Games,Kosaraju's algorithm,"Graph, Depth-First Search",Hard
Epic Games,Detect a cycle in an undirected graph,"Graph, Depth-First Search",Hard
Epic Games,Topological sort or Kahn's algorithm,"Graph, Depth-First Search",Hard
Epic Games,Course Schedule I,"Breadth-First Search, Depth-First Search",Hard
Epic Games,Course Schedule II,"Breadth-First Search, Depth-First Search",Medium
Epic Games,Find eventual safe states,"Breadth-First Search, Depth-First Search",Hard
Epic Games,Cheapest flight within K stops,"Breadth-First Search, Depth-First Search",Hard
Epic Games,Dijkstra's algorithm,"Graph, Heap (Priority Queue)",Hard
Epic Games,Find the city with the smallest number of neighbors,"Dynamic Programming, Graph",Hard
Epic Games,Number of ways to arrive at destination,"Dynamic Programming, Graph",Hard
Epic Games,Distance of nearest cell having one,"Array, Breadth-First Search",Medium
Epic Games,Surrounded Regions,"Array, Breadth-First Search",Medium
Epic Games,Valid Paranthesis Checker,"String, Stack",Hard
Epic Games,N meetings in one room,"Greedy, Sorting",Medium
Epic Games,Count subarrays with given xor K,"Array, Hash Table",Hard
Epic Games,Design Twitter,"Design, Hash Table",Medium
Epic Games,Convert Min Heap to Max Heap,"Array, Heap (Priority Queue)",Medium
Epic Games,Implement Min Heap,"Array, Heap (Priority Queue)",Medium
Epic Games,K-th Largest element in an array,"Array, Divide and Conquer",Medium
Epic Games,Remove duplicates from sorted DLL,"Doubly-Linked List, Linked List",Hard
Epic Games,Clone a LL with random and next pointer,Linked List,Hard
Epic Games,Merge two Sorted Lists,"Linked List, Two Pointers",Hard
Epic Games,Reverse LL in group of given size K,"Linked List, Recursion",Hard
Epic Games,Length of loop in LL,"Linked List, Two Pointers",Medium
Epic Games,Segregate odd and even nodes in Linked List,Linked List,Medium
Epic Games,Prime factorisation of a Number,Math,Hard
Epic Games,Subsets I,"Recursion, Backtracking",Medium
Epic Games,Letter Combinations of a Phone Number,"Backtracking, Hash Table",Hard
Epic Games,Check if there exists a subsequence with sum K,"Array, Dynamic Programming",Easy
Epic Games,Binary Subarrays With Sum,"Array, Hash Table",Hard
Epic Games,Count number of Nice subarrays,"Array, Hash Table",Hard
Epic Games,Number of Substrings Containing All Three Characters,"Hash Table, Sliding Window",Hard
Epic Games,Max Consecutive Ones III,"Array, Binary Search",Medium
Epic Games,Quick Sorting,"Array, Sorting",Easy
Epic Games,Selection Sort,"Array, Sorting",Easy
Epic Games,LRU Cache,"Design, Doubly-Linked List",Medium
Epic Games,Maximum Rectangles,"Array, Dynamic Programming. Stack",Hard
Epic Games,Trapping Rainwater,"Array, Dynamic Programming",Hard
Epic Games,Next Greater Element - 2,"Array, Monotonic Stack",Medium
Epic Games,Sum of Subarray Minimums,"Array, Dynamic Programming",Medium
Epic Games,Longest happy prefix,"Hash Function, Rolling Hash",Hard
Epic Games,Trie Implementation and Operations,"Trie, Implementation",Hard
Epic Systems,Find the repeating and missing number,"Array, Math",Hard
Epic Systems,Merge two sorted arrays without extra space,"Linked List, Recursion",Medium
Epic Systems,Reverse Pairs,"Array, Binary Indexed Tree",Hard
Epic Systems,Kadane's Algorithm,"Array, Dynamic Programming",Medium
Epic Systems,Next Permutation,"Array, Two Pointers",Medium
Epic Systems,Sort an array of 0's 1's and 2's,"Array, Sorting",Medium
Epic Systems,Left Rotate Array by One,"Array, Implementation",Easy
Epic Systems,Find row with maximum 1's,"Array, Matrix",Easy
Epic Systems,Book Allocation Problem,Binary Search,Hard
Epic Systems,Find peak element,"Array, Binary Search",Medium
Epic Systems,Kth element of 2 sorted arrays,"Array, Divide and Conquer",Medium
Epic Systems,Search X in sorted array,"Array, Binary Search",Easy
Epic Systems,Search in rotated sorted array-II,"Array, Binary Search",Medium
Epic Systems,Find Nth root of a number,"Array, Binary Search",Medium
Epic Systems,Find square root of a number,"Array, Binary Search",Medium
Epic Systems,Find the smallest divisor,"Array, Binary Search",Medium
Epic Systems,Correct BST with two nodes swapped,"Tree, Depth-First Search",Hard
Epic Systems,Largest BST in Binary Tree,"Binary Search, Binary Search Tree",Hard
Epic Systems,LCA in BT,"Binary Tree, Depth-First Search",Hard
Epic Systems,Minimum time taken to burn the BT from a given Node,"Hash Table, Tree",Hard
Epic Systems,Vertical Order Traversal,"Binary Tree, Breadth-First Search",Medium
Epic Systems,Check for symmetrical BTs,"Tree, Depth-First Search",Medium
Epic Systems,"Pre, Post, Inorder in one traversal","Stack, Tree",Easy
Epic Systems,Preorder Traversal,"Binary Tree, Depth-First Search",Easy
Epic Systems,Morris Preorder Traversal,"Stack, Tree",Hard
Epic Systems,Morris Inorder Traversal,"Stack, Tree",Hard
Epic Systems,Frog Jump,"Array, Dynamic Programming",Medium
Epic Systems,Frog jump with K distances,Dynamic Programming,Medium
Epic Systems,Grid unique paths,"Math, Dynamic Programming",Medium
Epic Systems,Minimum Falling Path Sum,"Array, Dynamic Programming",Medium
Epic Systems,Triangle,"Array, Dynamic Programming",Medium
Epic Systems,Best time to buy and sell stock with transaction fees,"Array, Dynamic Programming",Medium
Epic Systems,Edit distance,"Dynamic Programming, String",Hard
Epic Systems,Longest common subsequence,"Dynamic Programming, String",Hard
Epic Systems,Minimum insertions or deletions to convert string A to B,Dynamic Programming,Hard
Epic Systems,Minimum insertions to make string palindrome,"Dynamic Programming, String",Hard
Epic Systems,Wildcard matching,"Dynamic Programming, Greedy",Hard
Epic Systems,Coin change II,"Array, Dynamic Programming",Hard
Epic Systems,Partition a set into two subsets with minimum absolute sum difference,Dynamic Programming,Hard
Epic Systems,Rod cutting problem,"Array, Dynamic Programming",Hard
Epic Systems,Subset sum equals to target,"Array, Dynamic Programming",Hard
Epic Systems,Target sum,"Array, Backtracking",Hard
Epic Systems,Palindrome partitioning II,"String, Dynamic Programming",Hard
Epic Systems,Convert Array to Doubly Linked List,"Doubly-Linked List, Hash Table",Easy
Epic Systems,Delete Kth Element of Doubly Linked List,"Doubly-Linked List, Hash Table",Easy
Epic Systems,Deletion of the head of LL,Linked List,Easy
Epic Systems,Deletion of the Kth element of Linked List,Linked List,Easy
Epic Systems,Insert before given node in Doubly Linked List,"Doubly-Linked List, Linked List",Easy
Epic Systems,Removing given node in Doubly Linked List,"Doubly-Linked List, Linked List",Easy
Epic Systems,Implement Queue using Arrays,"Queue, Data Structures",Easy
Epic Systems,Articulation point in graph,"Graph, Depth-First Search",Hard
Epic Systems,Bridges in graph,"Biconnected Component, Depth-First Search",Hard
Epic Systems,Shortest path in undirected graph with unit weights,"Graph, Breadth-First Search",Hard
Epic Systems,Accounts merge,"Array, Hash Table",Hard
Epic Systems,Making a large island,"Array, Breadth-First Search",Hard
Epic Systems,Most stones removed with same row or column,"Depth-First Search, Graph",Medium
Epic Systems,Find the city with the smallest number of neighbors,"Dynamic Programming, Graph",Hard
Epic Systems,Print Shortest Path,"Breadth-First Search, Graph",Hard
Epic Systems,Connected Components,"Depth-First Search, Breadth-First Search",Medium
Epic Systems,Traversal Techniques,"Depth-First Search, Breadth-First Search",Medium
Epic Systems,Distance of nearest cell having one,"Array, Breadth-First Search",Medium
Epic Systems,Number of provinces,"Breadth-First Search, Depth-First Search",Medium
Epic Systems,Jump Game - I,"Array, Dynamic Programming",Easy
Epic Systems,N meetings in one room,"Greedy, Sorting",Medium
Epic Systems,Design Twitter,"Design, Hash Table",Medium
Epic Systems,Kth largest element in a stream of running integers,"Binary Search Tree, Binary Tree",Hard
Epic Systems,Maximum Sum Combination,"Array, Sorting",Hard
Epic Systems,Convert Min Heap to Max Heap,"Array, Heap (Priority Queue)",Medium
Epic Systems,Implement Min Heap,"Array, Heap (Priority Queue)",Medium
Epic Systems,Implement PQ using Heaps,"Array, Heap (Priority Queue)",Medium
Epic Systems,Merge two Sorted Lists,"Linked List, Two Pointers",Hard
Epic Systems,Sort LL,"Divide and Conquer, Linked List",Hard
Epic Systems,Detect a loop in LL,"Hash Table, Linked List",Medium
Epic Systems,Find the starting point in LL,"Linked List, Two Pointers",Medium
Epic Systems,Remove Nth node from the back of the LL,"Linked List, Two Pointers",Medium
Epic Systems,Reverse a LL,Linked List,Medium
Epic Systems,Print all primes till N,Math,Hard
Epic Systems,Combination Sum II,"Array, Backtracking",Medium
Epic Systems,Word Search,"Array, Backtracking",Hard
Epic Systems,Letter Combinations of a Phone Number,"Backtracking, Hash Table",Hard
Epic Systems,Generate Parentheses,"Backtracking, Dynamic Programming",Medium
Epic Systems,Check if there exists a subsequence with sum K,"Array, Dynamic Programming",Easy
Epic Systems,Number of Substrings Containing All Three Characters,"Hash Table, Sliding Window",Hard
Epic Systems,Fruit Into Baskets,"Array, Hash Table",Medium
Epic Systems,Longest Repeating Character Replacement,"Hash Table, Sliding Window",Hard
Epic Systems,Minimum Window Substring,"Hash Table, Sliding Window",Hard
Epic Systems,Merge Sorting,"Array, Sorting",Medium
Epic Systems,Largest rectangle in a histogram,"Array, Monotonic Stack",Hard
Epic Systems,Sliding Window Maximum,"Array, Heap (Priority Queue)",Hard
Epic Systems,Stock span problem,"Array, Stack",Hard
Epic Systems,Asteroid Collision,"Array, Simulation",Medium
Epic Systems,Next Greater Element - 2,"Array, Monotonic Stack",Medium
Epic Systems,Remove K Digits,"Greedy, Monotonic Stack",Medium
Epic Systems,Sum of Subarray Minimums,"Array, Dynamic Programming",Medium
Epic Systems,Sum of Subarray Ranges,"Array, Monotonic Stack",Medium
Epic Systems,Stepping Numbers,"Backtracking, Breadth-First Search",Medium
Epic Systems,Reverse every word in a string,String,Medium
Ernst & Young,Majority Element-II,"Array, Counting",Hard
Ernst & Young,Merge two sorted arrays without extra space,"Linked List, Recursion",Medium
Ernst & Young,Leaders in an Array,Array,Medium
Ernst & Young,Rearrange array elements by sign,"Array, Simulation",Medium
Ernst & Young,Rotate matrix by 90 degrees,"Array, Math",Medium
Ernst & Young,Maximum Consecutive Ones,Array,Easy
Ernst & Young,Intersection of two sorted arrays,"Array, Sorting",Easy
Ernst & Young,Find row with maximum 1's,"Array, Matrix",Easy
Ernst & Young,Matrix Median,"Matrix, Binary Search",Hard
Ernst & Young,Search in a 2D matrix,"Array, Binary Search",Hard
Ernst & Young,Kth element of 2 sorted arrays,"Array, Divide and Conquer",Medium
Ernst & Young,Median of 2 sorted arrays,"Array, Binary Search",Hard
Ernst & Young,Split array - largest sum,"Array, Binary Search",Hard
Ernst & Young,Search X in sorted array,"Array, Binary Search",Easy
Ernst & Young,Find minimum in Rotated Sorted Array,"Array, Binary Search",Easy
Ernst & Young,First and last occurrence,"Array, Binary Search",Easy
Ernst & Young,Floor and Ceil in Sorted Array,"Array, Binary Search",Easy
Ernst & Young,Search in rotated sorted array-I,"Array, Binary Search",Medium
Ernst & Young,Koko eating bananas,"Array, Binary Search",Medium
Ernst & Young,Check if a tree is a BST or not,"Tree, Depth-First Search",Medium
Ernst & Young,Inorder successor and predecessor in BST,"Binary Search Tree, Tree",Medium
Ernst & Young,Floor and Ceil in a BST,"Binary Search Tree, Data Structures",Easy
Ernst & Young,Requirements needed to construct a unique BT,"Traversal, Algorithms",Medium
Ernst & Young,LCA in BT,"Binary Tree, Depth-First Search",Hard
Ernst & Young,Print root to leaf path in BT,"String, Backtracking",Medium
Ernst & Young,Right/Left View of BT,"Tree, Depth-First Search",Medium
Ernst & Young,Preorder Traversal,"Binary Tree, Depth-First Search",Easy
Ernst & Young,Morris Preorder Traversal,"Stack, Tree",Hard
Ernst & Young,Morris Inorder Traversal,"Stack, Tree",Hard
Ernst & Young,Minimum Bit Flips to Convert Number,Bit Manipulation,Medium
Ernst & Young,Climbing stairs,"Dynamic Programming, Math",Medium
Ernst & Young,Ninja's training,Dynamic Programming,Medium
Ernst & Young,Cherry pickup II,"Array, Dynamic Programming",Hard
Ernst & Young,Grid unique paths,"Math, Dynamic Programming",Medium
Ernst & Young,Unique paths II,"Array, Dynamic Programming",Medium
Ernst & Young,Best time to buy and sell stock III,"Array, Dynamic Programming",Medium
Ernst & Young,Best time to buy and sell stock with transaction fees,"Array, Dynamic Programming",Medium
Ernst & Young,0 and 1 Knapsack,Dynamic Programming,Hard
Ernst & Young,Count partitions with given difference,"Array, Math",Hard
Ernst & Young,Count subsets with sum K,Dynamic Programming,Hard
Ernst & Young,Minimum coins,Dynamic Programming,Hard
Ernst & Young,Subset sum equals to target,"Array, Dynamic Programming",Hard
Ernst & Young,Palindrome partitioning II,"String, Dynamic Programming",Hard
Ernst & Young,Convert Array to Doubly Linked List,"Doubly-Linked List, Hash Table",Easy
Ernst & Young,Delete head of Doubly Linked List,"Doubly-Linked List, Hash Table",Easy
Ernst & Young,Implement Queue using Arrays,"Queue, Data Structures",Easy
Ernst & Young,Implement stack using Linkedlist,"Stack, Linked List",Easy
Ernst & Young,Bridges in graph,"Biconnected Component, Depth-First Search",Hard
Ernst & Young,Kosaraju's algorithm,"Graph, Depth-First Search",Hard
Ernst & Young,Course Schedule II,"Breadth-First Search, Depth-First Search",Medium
Ernst & Young,Shortest path in DAG,"Graph, Topological Sort",Hard
Ernst & Young,Word ladder II,"Backtracking, Breadth-First Search",Hard
Ernst & Young,Accounts merge,"Array, Hash Table",Hard
Ernst & Young,Making a large island,"Array, Breadth-First Search",Hard
Ernst & Young,Most stones removed with same row or column,"Depth-First Search, Graph",Medium
Ernst & Young,Disjoint Set,"Union Find, Algorithms",Hard
Ernst & Young,Bellman ford algorithm,"Dynamic Programming, Graph",Hard
Ernst & Young,Minimum multiplications to reach end,"Array, Graph",Hard
Ernst & Young,Number of ways to arrive at destination,"Dynamic Programming, Graph",Hard
Ernst & Young,Print Shortest Path,"Breadth-First Search, Graph",Hard
Ernst & Young,Flood fill algorithm,"Array, Breadth-First Search",Medium
Ernst & Young,Rotten Oranges,"Array, Breadth-First Search",Medium
Ernst & Young,Assign Cookies,"Array, Greedy",Easy
Ernst & Young,Minimum number of platforms required for a railway,"Greedy, Sorting",Medium
Ernst & Young,Shortest Job First,"Greedy, Sorting",Medium
Ernst & Young,Find Median from Data Stream,"Data Stream, Design",Hard
Ernst & Young,Kth largest element in a stream of running integers,"Binary Search Tree, Binary Tree",Hard
Ernst & Young,Build heap from a given Array,"Array, Heap (Priority Queue)",Medium
Ernst & Young,Check if an array represents a min heap,"Array, Heap (Priority Queue)",Medium
Ernst & Young,Implement Max Heap,"Array, Heap (Priority Queue)",Medium
Ernst & Young,Reverse LL in group of given size K,"Linked List, Recursion",Hard
Ernst & Young,Detect a loop in LL,"Hash Table, Linked List",Medium
Ernst & Young,Find the starting point in LL,"Linked List, Two Pointers",Medium
Ernst & Young,Add two numbers in Linked List,"Linked List, Math",Medium
Ernst & Young,Segregate odd and even nodes in Linked List,Linked List,Medium
Ernst & Young,Subsets I,"Recursion, Backtracking",Medium
Ernst & Young,Sudoku Solver,"Array, Backtracking",Hard
Ernst & Young,Word Search,"Array, Backtracking",Hard
Ernst & Young,Letter Combinations of a Phone Number,"Backtracking, Hash Table",Hard
Ernst & Young,Number of Substrings Containing All Three Characters,"Hash Table, Sliding Window",Hard
Ernst & Young,Quick Sorting,"Array, Sorting",Easy
Ernst & Young,Largest rectangle in a histogram,"Array, Monotonic Stack",Hard
Ernst & Young,Maximum Rectangles,"Array, Dynamic Programming. Stack",Hard
Ernst & Young,Next Greater Element - 2,"Array, Monotonic Stack",Medium
Ernst & Young,Remove K Digits,"Greedy, Monotonic Stack",Medium
Ernst & Young,Sum of Subarray Minimums,"Array, Dynamic Programming",Medium
Ernst & Young,Count and say,String,Hard
Ernst & Young,Reverse every word in a string,String,Medium
Ernst & Young,Maximum Xor with an element from an array,"Array, Bit Manipulation",Hard
Etsy,Count Inversions,"Array, Divide and Conquer",Hard
Etsy,Next Permutation,"Array, Two Pointers",Medium
Etsy,Rearrange array elements by sign,"Array, Simulation",Medium
Etsy,Left Rotate Array by One,"Array, Implementation",Easy
Etsy,Matrix Median,"Matrix, Binary Search",Hard
Etsy,Search in 2D matrix - II,"Array, Binary Search",Hard
Etsy,Kth element of 2 sorted arrays,"Array, Divide and Conquer",Medium
Etsy,Median of 2 sorted arrays,"Array, Binary Search",Hard
Etsy,Split array - largest sum,"Array, Binary Search",Hard
Etsy,Lower Bound,"Array, Binary Search",Easy
Etsy,First and last occurrence,"Array, Binary Search",Easy
Etsy,Floor and Ceil in Sorted Array,"Array, Binary Search",Easy
Etsy,Search in rotated sorted array-II,"Array, Binary Search",Medium
Etsy,Search insert position,"Array, Binary Search",Easy
Etsy,Koko eating bananas,"Array, Binary Search",Medium
Etsy,BST iterator,"Stack, Tree",Hard
Etsy,Search in BST,"Tree, Depth-First Search",Easy
Etsy,Minimum time taken to burn the BT from a given Node,"Hash Table, Tree",Hard
Etsy,Print all nodes at a distance of K in BT,"Hash Table, Tree",Hard
Etsy,Print root to leaf path in BT,"String, Backtracking",Medium
Etsy,Check if two trees are identical or not,"Tree, Depth-First Search",Medium
Etsy,Maximum Depth in BT,"Binary Tree, Breadth-First Search",Medium
Etsy,Level Order Traversal,"Binary Tree, Breadth-First Search",Easy
Etsy,Postorder Traversal,"Binary Tree, Depth-First Search",Easy
Etsy,Morris Preorder Traversal,"Stack, Tree",Hard
Etsy,Divide two numbers without multiplication and division,"Bit Manipulation, Math",Medium
Etsy,Climbing stairs,"Dynamic Programming, Math",Medium
Etsy,Frog Jump,"Array, Dynamic Programming",Medium
Etsy,Frog jump with K distances,Dynamic Programming,Medium
Etsy,House robber,"Array, Dynamic Programming",Medium
Etsy,Cherry pickup II,"Array, Dynamic Programming",Hard
Etsy,Minimum Falling Path Sum,"Array, Dynamic Programming",Medium
Etsy,Triangle,"Array, Dynamic Programming",Medium
Etsy,Best time to buy and sell stock,"Array, Dynamic Programming",Medium
Etsy,Distinct subsequences,"Dynamic Programming, String",Hard
Etsy,Edit distance,"Dynamic Programming, String",Hard
Etsy,Longest common subsequence,"Dynamic Programming, String",Hard
Etsy,Longest common substring,"String, Dynamic Programming",Hard
Etsy,Longest palindromic subsequence,"Dynamic Programming, String",Hard
Etsy,0 and 1 Knapsack,Dynamic Programming,Hard
Etsy,Count subsets with sum K,Dynamic Programming,Hard
Etsy,Minimum coins,Dynamic Programming,Hard
Etsy,Target sum,"Array, Backtracking",Hard
Etsy,Insertion at the Kth position of Linked List,Linked List,Easy
Etsy,Insert node before (kth node) in Doubly Linked List,"Doubly-Linked List, Linked List",Easy
Etsy,Bipartite graph,"Breadth-First Search, Depth-First Search",Hard
Etsy,Detect a cycle in an undirected graph,"Graph, Depth-First Search",Hard
Etsy,Course Schedule I,"Breadth-First Search, Depth-First Search",Hard
Etsy,Word ladder I,"Breadth-First Search, Hash Table",Hard
Etsy,Word ladder II,"Backtracking, Breadth-First Search",Hard
Etsy,Making a large island,"Array, Breadth-First Search",Hard
Etsy,Disjoint Set,"Union Find, Algorithms",Hard
Etsy,Minimum multiplications to reach end,"Array, Graph",Hard
Etsy,Path with minimum effort,"Array, Binary Search",Hard
Etsy,Print Shortest Path,"Breadth-First Search, Graph",Hard
Etsy,Shortest Distance in a Binary Maze,"Array, Breadth-First Search",Hard
Etsy,Traversal Techniques,"Depth-First Search, Breadth-First Search",Medium
Etsy,Distance of nearest cell having one,"Array, Breadth-First Search",Medium
Etsy,Flood fill algorithm,"Array, Breadth-First Search",Medium
Etsy,Number of provinces,"Breadth-First Search, Depth-First Search",Medium
Etsy,Surrounded Regions,"Array, Breadth-First Search",Medium
Etsy,Jump Game - I,"Array, Dynamic Programming",Easy
Etsy,Candy,"Array, Greedy",Hard
Etsy,Valid Paranthesis Checker,"String, Stack",Hard
Etsy,Count subarrays with given xor K,"Array, Hash Table",Hard
Etsy,Longest subarray with sum K,- Medium,Medium
Etsy,Design Twitter,"Design, Hash Table",Medium
Etsy,Build heap from a given Array,"Array, Heap (Priority Queue)",Medium
Etsy,Heap Sort,"Array, Heap (Priority Queue)",Medium
Etsy,Clone a LL with random and next pointer,Linked List,Hard
Etsy,Sort LL,"Divide and Conquer, Linked List",Hard
Etsy,Check if LL is palindrome or not,"Linked List, Recursion",Medium
Etsy,Delete the middle node in LL,"Linked List, Two Pointers",Medium
Etsy,Length of loop in LL,"Linked List, Two Pointers",Medium
Etsy,Traversal in Linked List,Linked List,Easy
Etsy,Prime factorisation of a Number,Math,Hard
Etsy,Subsets II,"Array, Backtracking",Medium
Etsy,Sudoku Solver,"Array, Backtracking",Hard
Etsy,Generate Parentheses,"Backtracking, Dynamic Programming",Medium
Etsy,"Pow(x,n)","Math, Recursion",Medium
Etsy,Fruit Into Baskets,"Array, Hash Table",Medium
Etsy,Max Consecutive Ones III,"Array, Binary Search",Medium
Etsy,Insertion Sorting,"Array, Sorting",Easy
Etsy,Maximum Rectangles,"Array, Dynamic Programming. Stack",Hard
Etsy,Asteroid Collision,"Array, Simulation",Medium
Etsy,Next Greater Element,"Array, Hash Table",Medium
Etsy,Sum of Subarray Minimums,"Array, Dynamic Programming",Medium
Etsy,Longest happy prefix,"Hash Function, Rolling Hash",Hard
Etsy,Count and say,String,Hard
Etsy,Maximum XOR of two numbers in an array,"Array, Bit Manipulation",Hard
Expedia,Minimum Swaps to Group All 1’s Together,"Array, Sliding Window",Easy
Expedia,Number of Good Binary Strings,Dynamic Programming,Medium
Expedia,The Earliest Moment When Everyone Become Friends,"Array, Sorting",Medium
Expedia,Unique Substrings With Equal Digit Frequency,"Counting, Hash Function",Medium
Flipkart,Find the repeating and missing number,"Array, Math",Hard
Flipkart,Majority Element-I,"Array, Counting",Easy
Flipkart,Majority Element-II,"Array, Counting",Hard
Flipkart,Reverse Pairs,"Array, Binary Indexed Tree",Hard
Flipkart,3 Sum,"Array, Sorting",Medium
Flipkart,Kadane's Algorithm,"Array, Dynamic Programming",Medium
Flipkart,Pascal's Triangle III,"Array, Dynamic Programming",Medium
Flipkart,Print the matrix in spiral manner,"Array, Matrix",Medium
Flipkart,Sort an array of 0's 1's and 2's,"Array, Sorting",Medium
Flipkart,Two Sum,"Array, Hash Table",Easy
Flipkart,Linear Search,"Array, Searching",Easy
Flipkart,Move Zeros to End,"Array, Two Pointers",Easy
Flipkart,Search in 2D matrix - II,"Array, Binary Search",Hard
Flipkart,Search in a 2D matrix,"Array, Binary Search",Hard
Flipkart,Find peak element,"Array, Binary Search",Medium
Flipkart,Kth element of 2 sorted arrays,"Array, Divide and Conquer",Medium
Flipkart,First and last occurrence,"Array, Binary Search",Easy
Flipkart,Single element in sorted array,"Array, Binary Search",Medium
Flipkart,Minimum days to make M bouquets,"Array, Binary Search",Medium
Flipkart,Correct BST with two nodes swapped,"Tree, Depth-First Search",Hard
Flipkart,Kth Smallest and Largest element in BST,"Binary Search Tree, Binary Tree",Medium
Flipkart,Construct a BT from Preorder and Inorder,"Array, Binary Tree",Hard
Flipkart,Bottom view of BT,"Tree, Data Structures",Medium
Flipkart,Print root to leaf path in BT,"String, Backtracking",Medium
Flipkart,Top View of BT,"Binary Search Tree, Tree",Medium
Flipkart,Check for balanced binary tree,"Tree, Data Structures",Medium
Flipkart,Check for symmetrical BTs,"Tree, Depth-First Search",Medium
Flipkart,Maximum Depth in BT,"Binary Tree, Breadth-First Search",Medium
Flipkart,Inorder Traversal,"Binary Tree, Depth-First Search",Easy
Flipkart,Postorder Traversal,"Binary Tree, Depth-First Search",Easy
Flipkart,Morris Inorder Traversal,"Stack, Tree",Hard
Flipkart,Minimum Bit Flips to Convert Number,Bit Manipulation,Medium
Flipkart,Power Set Bit Manipulation,"Math, Bit Manipulation",Medium
Flipkart,XOR of numbers in a given range,Brute,Medium
Flipkart,Maximum sum of non adjacent elements,"Array, Divide and Conquer",Medium
Flipkart,Grid unique paths,"Math, Dynamic Programming",Medium
Flipkart,Triangle,"Array, Dynamic Programming",Medium
Flipkart,Best time to buy and sell stock II,"Array, Dynamic Programming",Medium
Flipkart,Best time to buy and sell stock with transaction fees,"Array, Dynamic Programming",Medium
Flipkart,Longest common substring,"String, Dynamic Programming",Hard
Flipkart,Minimum insertions or deletions to convert string A to B,Dynamic Programming,Hard
Flipkart,Shortest common supersequence,"Dynamic Programming, String",Hard
Flipkart,Partition a set into two subsets with minimum absolute sum difference,Dynamic Programming,Hard
Flipkart,Target sum,"Array, Backtracking",Hard
Flipkart,Minimum cost to cut the stick,"Array, Dynamic Programming",Hard
Flipkart,Convert Array to Doubly Linked List,"Doubly-Linked List, Hash Table",Easy
Flipkart,Delete head of Doubly Linked List,"Doubly-Linked List, Hash Table",Easy
Flipkart,Delete Tail of Doubly Linked List,"Doubly-Linked List, Hash Table",Easy
Flipkart,Deletion of the head of LL,Linked List,Easy
Flipkart,Deletion of the tail of Linked List,"Linked List, Hash Table",Easy
Flipkart,Insertion at the head of Linked List,Linked List,Easy
Flipkart,Insertion at the Kth position of Linked List,Linked List,Easy
Flipkart,Insertion at the tail of Linked List,Linked List,Easy
Flipkart,Insert node before tail in Doubly Linked List,"Doubly-Linked List, Linked List",Easy
Flipkart,Implement Queue using Arrays,"Queue, Data Structures",Easy
Flipkart,Implement stack using Linkedlist,"Stack, Linked List",Easy
Flipkart,Implement Stack using Queue,"Design, Queue",Easy
Flipkart,Articulation point in graph,"Graph, Depth-First Search",Hard
Flipkart,Bridges in graph,"Biconnected Component, Depth-First Search",Hard
Flipkart,Course Schedule I,"Breadth-First Search, Depth-First Search",Hard
Flipkart,Course Schedule II,"Breadth-First Search, Depth-First Search",Medium
Flipkart,Accounts merge,"Array, Hash Table",Hard
Flipkart,Flood fill algorithm,"Array, Breadth-First Search",Medium
Flipkart,Number of enclaves,"Array, Breadth-First Search",Medium
Flipkart,Number of islands,"Array, Breadth-First Search",Medium
Flipkart,Number of provinces,"Breadth-First Search, Depth-First Search",Medium
Flipkart,Assign Cookies,"Array, Greedy",Easy
Flipkart,Minimum number of platforms required for a railway,"Greedy, Sorting",Medium
Flipkart,N meetings in one room,"Greedy, Sorting",Medium
Flipkart,Shortest Job First,"Greedy, Sorting",Medium
Flipkart,Longest subarray with sum K,- Medium,Medium
Flipkart,Kth largest element in a stream of running integers,"Binary Search Tree, Binary Tree",Hard
Flipkart,Check if an array represents a min heap,"Array, Heap (Priority Queue)",Medium
Flipkart,Heapify Algorithm,"Array, Heap (Priority Queue)",Medium
Flipkart,Implement Max Heap,"Array, Heap (Priority Queue)",Medium
Flipkart,Reverse LL in group of given size K,"Linked List, Recursion",Hard
Flipkart,Sort LL,"Divide and Conquer, Linked List",Hard
Flipkart,Length of loop in LL,"Linked List, Two Pointers",Medium
Flipkart,Add two numbers in Linked List,"Linked List, Math",Medium
Flipkart,Prime factorisation of a Number,Math,Hard
Flipkart,Minimum Cost to Reach City With Discounts,"Graph, Heap (Priority Queue)",Hard
Flipkart,Subsets I,"Recursion, Backtracking",Medium
Flipkart,Subsets II,"Array, Backtracking",Medium
Flipkart,M Coloring Problem,"Recursion, Backtracking",Hard
Flipkart,Sudoku Solver,"Array, Backtracking",Hard
Flipkart,Letter Combinations of a Phone Number,"Backtracking, Hash Table",Hard
Flipkart,Generate Parentheses,"Backtracking, Dynamic Programming",Medium
Flipkart,Binary Subarrays With Sum,"Array, Hash Table",Hard
Flipkart,Number of Substrings Containing All Three Characters,"Hash Table, Sliding Window",Hard
Flipkart,Longest Repeating Character Replacement,"Hash Table, Sliding Window",Hard
Flipkart,Bubble Sort,"Array, Sorting",Easy
Flipkart,Implement Min Stack,"Design, Stack",Hard
Flipkart,LFU Cache,"Design, Doubly-Linked List",Hard
Flipkart,Trapping Rainwater,"Array, Dynamic Programming",Hard
Flipkart,Asteroid Collision,"Array, Simulation",Medium
Flipkart,Next Greater Element - 2,"Array, Monotonic Stack",Medium
Flipkart,KMP Algorithm or LPS array,"String, Rolling Hash",Hard
Flipkart,Rabin Karp Algorithm,"String, String Matching",Hard
Flipkart,Maximum XOR of two numbers in an array,"Array, Bit Manipulation",Hard
Flipkart,Maximum Xor with an element from an array,"Array, Bit Manipulation",Hard
Freshworks,Majority Element-II,"Array, Counting",Hard
Freshworks,Maximum Product Subarray in an Array,"Array, Dynamic Programming",Hard
Freshworks,Merge two sorted arrays without extra space,"Linked List, Recursion",Medium
Freshworks,Pascal's Triangle III,"Array, Dynamic Programming",Medium
Freshworks,Rotate matrix by 90 degrees,"Array, Math",Medium
Freshworks,Two Sum,"Array, Hash Table",Easy
Freshworks,Find missing number,"Array, Bit Manipulation",Easy
Freshworks,Union of two sorted arrays,"Array, Two Pointers",Easy
Freshworks,Find Peak Element - II,"Array, Binary Search",Medium
Freshworks,Search in 2D matrix - II,"Array, Binary Search",Hard
Freshworks,Search in a 2D matrix,"Array, Binary Search",Hard
Freshworks,Aggressive Cows,Binary Search,Hard
Freshworks,Split array - largest sum,"Array, Binary Search",Hard
Freshworks,First and last occurrence,"Array, Binary Search",Easy
Freshworks,Search in rotated sorted array-II,"Array, Binary Search",Medium
Freshworks,Find square root of a number,"Array, Binary Search",Medium
Freshworks,Two sum in BST,"Binary Search Tree, Binary Tree",Hard
Freshworks,Insert a given node in BST,"Tree, Binary Search Tree",Medium
Freshworks,Requirements needed to construct a unique BT,"Traversal, Algorithms",Medium
Freshworks,Count total nodes in a complete BT,"Binary Search, Bit Manipulation",Easy
Freshworks,Maximum Width of BT,"Binary Tree, Breadth-First Search",Medium
Freshworks,Top View of BT,"Binary Search Tree, Tree",Medium
Freshworks,Check for balanced binary tree,"Tree, Data Structures",Medium
Freshworks,Diameter of Binary Tree,"Binary Tree, Depth-First Search",Easy
Freshworks,Maximum Depth in BT,"Binary Tree, Breadth-First Search",Medium
Freshworks,Inorder Traversal,"Binary Tree, Depth-First Search",Easy
Freshworks,Level Order Traversal,"Binary Tree, Breadth-First Search",Easy
Freshworks,Postorder Traversal,"Binary Tree, Depth-First Search",Easy
Freshworks,"Pre, Post, Inorder in one traversal","Stack, Tree",Easy
Freshworks,Single Number - III,"Array, Bit Manipulation",Medium
Freshworks,Frog Jump,"Array, Dynamic Programming",Medium
Freshworks,Frog jump with K distances,Dynamic Programming,Medium
Freshworks,Edit distance,"Dynamic Programming, String",Hard
Freshworks,Minimum insertions to make string palindrome,"Dynamic Programming, String",Hard
Freshworks,Shortest common supersequence,"Dynamic Programming, String",Hard
Freshworks,Burst balloons,"Array, Dynamic Programming",Hard
Freshworks,Delete Tail of Doubly Linked List,"Doubly-Linked List, Hash Table",Easy
Freshworks,Implement Stack using Arrays,"Array, Stack",Easy
Freshworks,Implement Stack using Queue,"Design, Queue",Easy
Freshworks,Bridges in graph,"Biconnected Component, Depth-First Search",Hard
Freshworks,Kosaraju's algorithm,"Graph, Depth-First Search",Hard
Freshworks,Course Schedule I,"Breadth-First Search, Depth-First Search",Hard
Freshworks,Shortest path in DAG,"Graph, Topological Sort",Hard
Freshworks,Word ladder I,"Breadth-First Search, Hash Table",Hard
Freshworks,Making a large island,"Array, Breadth-First Search",Hard
Freshworks,Most stones removed with same row or column,"Depth-First Search, Graph",Medium
Freshworks,Number of operations to make network connected,"Depth-First Search, Breadth-First Search",Hard
Freshworks,Find the MST weight,"Union Find, Graph",Hard
Freshworks,Cheapest flight within K stops,"Breadth-First Search, Depth-First Search",Hard
Freshworks,Print Shortest Path,"Breadth-First Search, Graph",Hard
Freshworks,Flood fill algorithm,"Array, Breadth-First Search",Medium
Freshworks,Assign Cookies,"Array, Greedy",Easy
Freshworks,Lemonade Change,"Array, Greedy",Easy
Freshworks,Job sequencing Problem,"Dynamic Programming, Greedy",Medium
Freshworks,Non-overlapping Intervals,"Greedy, Sorting",Medium
Freshworks,Design Twitter,"Design, Hash Table",Medium
Freshworks,Find Median from Data Stream,"Data Stream, Design",Hard
Freshworks,Kth largest element in a stream of running integers,"Binary Search Tree, Binary Tree",Hard
Freshworks,Maximum Sum Combination,"Array, Sorting",Hard
Freshworks,Check if an array represents a min heap,"Array, Heap (Priority Queue)",Medium
Freshworks,Convert Min Heap to Max Heap,"Array, Heap (Priority Queue)",Medium
Freshworks,Heapify Algorithm,"Array, Heap (Priority Queue)",Medium
Freshworks,Implement Min Heap,"Array, Heap (Priority Queue)",Medium
Freshworks,Implement PQ using Heaps,"Array, Heap (Priority Queue)",Medium
Freshworks,Add one to a number represented by LL,Linked List,Medium
Freshworks,Check if LL is palindrome or not,"Linked List, Recursion",Medium
Freshworks,Traversal in Linked List,Linked List,Easy
Freshworks,Add two numbers in Linked List,"Linked List, Math",Medium
Freshworks,Count primes in range L to R,Math,Hard
Freshworks,Combination Sum III,"Array, Backtracking",Medium
Freshworks,Subsets II,"Array, Backtracking",Medium
Freshworks,Palindrome partitioning,"Backtracking, Dynamic Programming",Hard
Freshworks,Sudoku Solver,"Array, Backtracking",Hard
Freshworks,Generate Parentheses,"Backtracking, Dynamic Programming",Medium
Freshworks,Power Set,"Recursion, Backtracking",Medium
Freshworks,Check if there exists a subsequence with sum K,"Array, Dynamic Programming",Easy
Freshworks,Longest Repeating Character Replacement,"Hash Table, Sliding Window",Hard
Freshworks,Largest rectangle in a histogram,"Array, Monotonic Stack",Hard
Freshworks,LRU Cache,"Design, Doubly-Linked List",Medium
Freshworks,Sliding Window Maximum,"Array, Heap (Priority Queue)",Hard
Freshworks,Next Greater Element,"Array, Hash Table",Medium
Freshworks,Next Greater Element - 2,"Array, Monotonic Stack",Medium
Freshworks,Remove K Digits,"Greedy, Monotonic Stack",Medium
Freshworks,Sum of Subarray Ranges,"Array, Monotonic Stack",Medium
Freshworks,Shortest Palindrome,"Hash Function, Rolling Hash",Hard
Freshworks,Z function,Math,Hard
Freshworks,Minimum number of bracket reversals to make an expression balanced,"String, Stack",Hard
Freshworks,Reverse every word in a string,String,Medium
Freshworks,Maximum Xor with an element from an array,"Array, Bit Manipulation",Hard
Freshworks,Trie Implementation and Advanced Operations,"Trie, Implementation",Hard
GE Healthcare,Majority Element-I,"Array, Counting",Easy
GE Healthcare,Merge two sorted arrays without extra space,"Linked List, Recursion",Medium
GE Healthcare,Leaders in an Array,Array,Medium
GE Healthcare,Rearrange array elements by sign,"Array, Simulation",Medium
GE Healthcare,Two Sum,"Array, Hash Table",Easy
GE Healthcare,Linear Search,"Array, Searching",Easy
GE Healthcare,Find missing number,"Array, Bit Manipulation",Easy
GE Healthcare,Intersection of two sorted arrays,"Array, Sorting",Easy
GE Healthcare,Union of two sorted arrays,"Array, Two Pointers",Easy
GE Healthcare,Find row with maximum 1's,"Array, Matrix",Easy
GE Healthcare,Search in 2D matrix - II,"Array, Binary Search",Hard
GE Healthcare,Find peak element,"Array, Binary Search",Medium
GE Healthcare,Split array - largest sum,"Array, Binary Search",Hard
GE Healthcare,Lower Bound,"Array, Binary Search",Easy
GE Healthcare,Search X in sorted array,"Array, Binary Search",Easy
GE Healthcare,Floor and Ceil in Sorted Array,"Array, Binary Search",Easy
GE Healthcare,Search in rotated sorted array-I,"Array, Binary Search",Medium
GE Healthcare,Search in rotated sorted array-II,"Array, Binary Search",Medium
GE Healthcare,Single element in sorted array,"Array, Binary Search",Medium
GE Healthcare,Koko eating bananas,"Array, Binary Search",Medium
GE Healthcare,Minimum days to make M bouquets,"Array, Binary Search",Medium
GE Healthcare,Correct BST with two nodes swapped,"Tree, Depth-First Search",Hard
GE Healthcare,Largest BST in Binary Tree,"Binary Search, Binary Search Tree",Hard
GE Healthcare,Kth Smallest and Largest element in BST,"Binary Search Tree, Binary Tree",Medium
GE Healthcare,Search in BST,"Tree, Depth-First Search",Easy
GE Healthcare,Construct a BT from Preorder and Inorder,"Array, Binary Tree",Hard
GE Healthcare,Requirements needed to construct a unique BT,"Traversal, Algorithms",Medium
GE Healthcare,Boundary Traversal,"Tree, Data Structures",Medium
GE Healthcare,Print all nodes at a distance of K in BT,"Hash Table, Tree",Hard
GE Healthcare,Diameter of Binary Tree,"Binary Tree, Depth-First Search",Easy
GE Healthcare,Maximum Depth in BT,"Binary Tree, Breadth-First Search",Medium
GE Healthcare,Morris Inorder Traversal,"Stack, Tree",Hard
GE Healthcare,Divide two numbers without multiplication and division,"Bit Manipulation, Math",Medium
GE Healthcare,XOR of numbers in a given range,Brute,Medium
GE Healthcare,Climbing stairs,"Dynamic Programming, Math",Medium
GE Healthcare,Cherry pickup II,"Array, Dynamic Programming",Hard
GE Healthcare,Unique paths II,"Array, Dynamic Programming",Medium
GE Healthcare,Best time to buy and sell stock,"Array, Dynamic Programming",Medium
GE Healthcare,Distinct subsequences,"Dynamic Programming, String",Hard
GE Healthcare,Longest common subsequence,"Dynamic Programming, String",Hard
GE Healthcare,Count subsets with sum K,Dynamic Programming,Hard
GE Healthcare,Target sum,"Array, Backtracking",Hard
GE Healthcare,Unbounded knapsack,Dynamic Programming,Hard
GE Healthcare,Minimum cost to cut the stick,"Array, Dynamic Programming",Hard
GE Healthcare,Convert Array to Doubly Linked List,"Doubly-Linked List, Hash Table",Easy
GE Healthcare,Insertion at the tail of Linked List,Linked List,Easy
GE Healthcare,Insertion before the value X in Linked List,Linked List,Easy
GE Healthcare,Insert node before tail in Doubly Linked List,"Doubly-Linked List, Linked List",Easy
GE Healthcare,Implement queue using Linkedlist,"Queue, Linked List",Easy
GE Healthcare,Implement Queue using Stack,"Design, Queue",Easy
GE Healthcare,Articulation point in graph,"Graph, Depth-First Search",Hard
GE Healthcare,Detect a cycle in a directed graph,"Graph, Depth-First Search",Hard
GE Healthcare,Topological sort or Kahn's algorithm,"Graph, Depth-First Search",Hard
GE Healthcare,Word ladder I,"Breadth-First Search, Hash Table",Hard
GE Healthcare,Accounts merge,"Array, Hash Table",Hard
GE Healthcare,Number of operations to make network connected,"Depth-First Search, Breadth-First Search",Hard
GE Healthcare,Find the city with the smallest number of neighbors,"Dynamic Programming, Graph",Hard
GE Healthcare,Minimum multiplications to reach end,"Array, Graph",Hard
GE Healthcare,Number of ways to arrive at destination,"Dynamic Programming, Graph",Hard
GE Healthcare,Number of provinces,"Breadth-First Search, Depth-First Search",Medium
GE Healthcare,Rotten Oranges,"Array, Breadth-First Search",Medium
GE Healthcare,Candy,"Array, Greedy",Hard
GE Healthcare,Valid Paranthesis Checker,"String, Stack",Hard
GE Healthcare,Job sequencing Problem,"Dynamic Programming, Greedy",Medium
GE Healthcare,Minimum number of platforms required for a railway,"Greedy, Sorting",Medium
GE Healthcare,Longest subarray with sum K,- Medium,Medium
GE Healthcare,Kth largest element in a stream of running integers,"Binary Search Tree, Binary Tree",Hard
GE Healthcare,Maximum Sum Combination,"Array, Sorting",Hard
GE Healthcare,Heapify Algorithm,"Array, Heap (Priority Queue)",Medium
GE Healthcare,Implement Min Heap,"Array, Heap (Priority Queue)",Medium
GE Healthcare,Remove duplicates from sorted DLL,"Doubly-Linked List, Linked List",Hard
GE Healthcare,Clone a LL with random and next pointer,Linked List,Hard
GE Healthcare,Flattening of LL,"-, - Hard",Hard
GE Healthcare,Merge two Sorted Lists,"Linked List, Two Pointers",Hard
GE Healthcare,Rotate a LL,"Linked List, Two Pointers",Hard
GE Healthcare,Sort LL,"Divide and Conquer, Linked List",Hard
GE Healthcare,Add one to a number represented by LL,Linked List,Medium
GE Healthcare,Length of loop in LL,"Linked List, Two Pointers",Medium
GE Healthcare,Add two numbers in Linked List,"Linked List, Math",Medium
GE Healthcare,Print all primes till N,Math,Hard
GE Healthcare,Combination Sum III,"Array, Backtracking",Medium
GE Healthcare,M Coloring Problem,"Recursion, Backtracking",Hard
GE Healthcare,N Queen,"Recursion, Backtracking",Hard
GE Healthcare,"Pow(x,n)","Math, Recursion",Medium
GE Healthcare,Count number of Nice subarrays,"Array, Hash Table",Hard
GE Healthcare,Fruit Into Baskets,"Array, Hash Table",Medium
GE Healthcare,Merge Sorting,"Array, Sorting",Medium
GE Healthcare,Maximum Rectangles,"Array, Dynamic Programming. Stack",Hard
GE Healthcare,Balanced Paranthesis,"String, Greedy",Easy
GE Healthcare,Asteroid Collision,"Array, Simulation",Medium
GE Healthcare,Sum of Subarray Ranges,"Array, Monotonic Stack",Medium
GE Healthcare,Shortest Palindrome,"Hash Function, Rolling Hash",Hard
GE Healthcare,Minimum number of bracket reversals to make an expression balanced,"String, Stack",Hard
GE Healthcare,Maximum Xor with an element from an array,"Array, Bit Manipulation",Hard
Geico,Boundary of Binary Tree,"Binary Tree, Breadth-First Search",Medium
Geico,Maximum Number of Potholes That Can Be Fixed,"Greedy, Sorting",Medium
Geico,Number of Spaces Cleaning Robot Cleaned,"Array, Matrix",Medium
General Motors,Number of Connected Components in an Undirected Graph,"Breadth-First Search, Depth-First Search",Easy
Goldman Sachs,Find the repeating and missing number,"Array, Math",Hard
Goldman Sachs,3 Sum,"Array, Sorting",Medium
Goldman Sachs,Print the matrix in spiral manner,"Array, Matrix",Medium
Goldman Sachs,Rotate matrix by 90 degrees,"Array, Math",Medium
Goldman Sachs,Two Sum,"Array, Hash Table",Easy
Goldman Sachs,Left Rotate Array by One,"Array, Implementation",Easy
Goldman Sachs,Linear Search,"Array, Searching",Easy
Goldman Sachs,Intersection of two sorted arrays,"Array, Sorting",Easy
Goldman Sachs,Better Compression of String,"Counting, Hash Table",Medium
Goldman Sachs,Find Peak Element - II,"Array, Binary Search",Medium
Goldman Sachs,Aggressive Cows,Binary Search,Hard
Goldman Sachs,Lower Bound,"Array, Binary Search",Easy
Goldman Sachs,Find out how many times the array is rotated,"Array, Binary Search",Easy
Goldman Sachs,First and last occurrence,"Array, Binary Search",Easy
Goldman Sachs,Search in rotated sorted array-II,"Array, Binary Search",Medium
Goldman Sachs,Find Nth root of a number,"Array, Binary Search",Medium
Goldman Sachs,Find square root of a number,"Array, Binary Search",Medium
Goldman Sachs,Find the smallest divisor,"Array, Binary Search",Medium
Goldman Sachs,Correct BST with two nodes swapped,"Tree, Depth-First Search",Hard
Goldman Sachs,Check if a tree is a BST or not,"Tree, Depth-First Search",Medium
Goldman Sachs,Boundary Traversal,"Tree, Data Structures",Medium
Goldman Sachs,Count total nodes in a complete BT,"Binary Search, Bit Manipulation",Easy
Goldman Sachs,Minimum time taken to burn the BT from a given Node,"Hash Table, Tree",Hard
Goldman Sachs,Right/Left View of BT,"Tree, Depth-First Search",Medium
Goldman Sachs,Maximum path sum,"Binary Tree, Depth-First Search",Medium
Goldman Sachs,Inorder Traversal,"Binary Tree, Depth-First Search",Easy
Goldman Sachs,Postorder Traversal,"Binary Tree, Depth-First Search",Easy
Goldman Sachs,House robber,"Array, Dynamic Programming",Medium
Goldman Sachs,Minimum Falling Path Sum,"Array, Dynamic Programming",Medium
Goldman Sachs,Triangle,"Array, Dynamic Programming",Medium
Goldman Sachs,Best time to buy and sell stock II,"Array, Dynamic Programming",Medium
Goldman Sachs,Best time to buy and sell stock III,"Array, Dynamic Programming",Medium
Goldman Sachs,Longest common subsequence,"Dynamic Programming, String",Hard
Goldman Sachs,Minimum insertions to make string palindrome,"Dynamic Programming, String",Hard
Goldman Sachs,Count partitions with given difference,"Array, Math",Hard
Goldman Sachs,Partition equal subset sum,"Array, Dynamic Programming",Hard
Goldman Sachs,Subset sum equals to target,"Array, Dynamic Programming",Hard
Goldman Sachs,Unbounded knapsack,Dynamic Programming,Hard
Goldman Sachs,Burst balloons,"Array, Dynamic Programming",Hard
Goldman Sachs,Matrix chain multiplication,"Array, Dynamic Programming",Hard
Goldman Sachs,Minimum cost to cut the stick,"Array, Dynamic Programming",Hard
Goldman Sachs,Delete head of Doubly Linked List,"Doubly-Linked List, Hash Table",Easy
Goldman Sachs,Delete Kth Element of Doubly Linked List,"Doubly-Linked List, Hash Table",Easy
Goldman Sachs,Delete the element with value X,"Linked List, Hash Table",Easy
Goldman Sachs,Deletion of the tail of Linked List,"Linked List, Hash Table",Easy
Goldman Sachs,Insert before given node in Doubly Linked List,"Doubly-Linked List, Linked List",Easy
Goldman Sachs,Insertion at the head of Linked List,Linked List,Easy
Goldman Sachs,Insertion at the Kth position of Linked List,Linked List,Easy
Goldman Sachs,Insert node before head in Doubly Linked List,"Doubly-Linked List, Linked List",Easy
Goldman Sachs,Removing given node in Doubly Linked List,"Doubly-Linked List, Linked List",Easy
Goldman Sachs,Implement Stack using Arrays,"Array, Stack",Easy
Goldman Sachs,Implement Stack using Queue,"Design, Queue",Easy
Goldman Sachs,Bridges in graph,"Biconnected Component, Depth-First Search",Hard
Goldman Sachs,Kosaraju's algorithm,"Graph, Depth-First Search",Hard
Goldman Sachs,Detect a cycle in a directed graph,"Graph, Depth-First Search",Hard
Goldman Sachs,Detect a cycle in an undirected graph,"Graph, Depth-First Search",Hard
Goldman Sachs,Find eventual safe states,"Breadth-First Search, Depth-First Search",Hard
Goldman Sachs,Word ladder I,"Breadth-First Search, Hash Table",Hard
Goldman Sachs,Making a large island,"Array, Breadth-First Search",Hard
Goldman Sachs,Most stones removed with same row or column,"Depth-First Search, Graph",Medium
Goldman Sachs,Dijkstra's algorithm,"Graph, Heap (Priority Queue)",Hard
Goldman Sachs,Find the city with the smallest number of neighbors,"Dynamic Programming, Graph",Hard
Goldman Sachs,Number of ways to arrive at destination,"Dynamic Programming, Graph",Hard
Goldman Sachs,Connected Components,"Depth-First Search, Breadth-First Search",Medium
Goldman Sachs,Number of islands,"Array, Breadth-First Search",Medium
Goldman Sachs,Number of provinces,"Breadth-First Search, Depth-First Search",Medium
Goldman Sachs,Jump Game - I,"Array, Dynamic Programming",Easy
Goldman Sachs,Job sequencing Problem,"Dynamic Programming, Greedy",Medium
Goldman Sachs,Non-overlapping Intervals,"Greedy, Sorting",Medium
Goldman Sachs,Longest subarray with sum K,- Medium,Medium
Goldman Sachs,Design Twitter,"Design, Hash Table",Medium
Goldman Sachs,Merge K sorted Lists,"Divide and Conquer, Heap (Priority Queue)",Hard
Goldman Sachs,Check if an array represents a min heap,"Array, Heap (Priority Queue)",Medium
Goldman Sachs,Convert Min Heap to Max Heap,"Array, Heap (Priority Queue)",Medium
Goldman Sachs,Implement Max Heap,"Array, Heap (Priority Queue)",Medium
Goldman Sachs,K-th Largest element in an array,"Array, Divide and Conquer",Medium
Goldman Sachs,High Five,"Array, Hash Table",Easy
Goldman Sachs,Flattening of LL,"-, - Hard",Hard
Goldman Sachs,Add one to a number represented by LL,Linked List,Medium
Goldman Sachs,Traversal in Linked List,Linked List,Easy
Goldman Sachs,Maximum Size Subarray Sum Equals k,"Array, Hash Table",Medium
Goldman Sachs,Perform String Shifts,"Array, Math",Easy
Goldman Sachs,Permutations III,"Array, Backtracking",Medium
Goldman Sachs,Combination Sum,"Array, Backtracking",Medium
Goldman Sachs,Subsets II,"Array, Backtracking",Medium
Goldman Sachs,Sudoku Solver,"Array, Backtracking",Hard
Goldman Sachs,Word Search,"Array, Backtracking",Hard
Goldman Sachs,Letter Combinations of a Phone Number,"Backtracking, Hash Table",Hard
Goldman Sachs,"Pow(x,n)","Math, Recursion",Medium
Goldman Sachs,Number of Substrings Containing All Three Characters,"Hash Table, Sliding Window",Hard
Goldman Sachs,Longest Substring With At Most K Distinct Characters,"Hash Table, Sliding Window",Hard
Goldman Sachs,Max Consecutive Ones III,"Array, Binary Search",Medium
Goldman Sachs,Bubble Sort,"Array, Sorting",Easy
Goldman Sachs,Insertion Sorting,"Array, Sorting",Easy
Goldman Sachs,Merge Sorting,"Array, Sorting",Medium
Goldman Sachs,Stock span problem,"Array, Stack",Hard
Goldman Sachs,Trapping Rainwater,"Array, Dynamic Programming",Hard
Goldman Sachs,Balanced Paranthesis,"String, Greedy",Easy
Goldman Sachs,Remove K Digits,"Greedy, Monotonic Stack",Medium
Goldman Sachs,String to Integer (atoi),String,Medium
Goldman Sachs,KMP Algorithm or LPS array,"String, Rolling Hash",Hard
Goldman Sachs,Count and say,String,Hard
Goldman Sachs,Minimum number of bracket reversals to make an expression balanced,"String, Stack",Hard
Goldman Sachs,Maximum Xor with an element from an array,"Array, Bit Manipulation",Hard
Goldman Sachs,Trie Implementation and Operations,"Trie, Implementation",Hard
Google,3Sum Smaller,"Array, Binary Search",Medium
Google,4 Keys Keyboard,"Dynamic Programming, Math",Medium
Google,All Paths from Source Lead to Destination,"Backtracking, Breadth-First Search",Medium
Google,Amount of New Area Painted Each Day,"Array, Ordered Set",Hard
Google,Analyze User Website Visit Pattern,"Array, Hash Table",Medium
Google,Android Unlock Patterns,"Backtracking, Bit Manipulation",Medium
Google,Count Inversions,"Array, Divide and Conquer",Hard
Google,Find the repeating and missing number,"Array, Math",Hard
Google,Majority Element-I,"Array, Counting",Easy
Google,Majority Element-II,"Array, Counting",Hard
Google,Maximum Product Subarray in an Array,"Array, Dynamic Programming",Hard
Google,Merge two sorted arrays without extra space,"Linked List, Recursion",Medium
Google,Reverse Pairs,"Array, Binary Indexed Tree",Hard
Google,3 Sum,"Array, Sorting",Medium
Google,Kadane's Algorithm,"Array, Dynamic Programming",Medium
Google,Leaders in an Array,Array,Medium
Google,Next Permutation,"Array, Two Pointers",Medium
Google,Sort an array of 0's 1's and 2's,"Array, Sorting",Medium
Google,Two Sum,"Array, Hash Table",Easy
Google,Basic Calculator III,"Math, Recursion",Hard
Google,Best Meeting Point,"Array, Math",Hard
Google,Binary Searchable Numbers in an Unsorted Array,"Array, Binary Search",Medium
Google,Binary Tree Longest Consecutive Sequence,"Binary Tree, Depth-First Search",Medium
Google,Binary Tree Longest Consecutive Sequence II,"Binary Tree, Depth-First Search",Hard
Google,Binary Tree Vertical Order Traversal,"Binary Tree, Breadth-First Search",Medium
Google,Find Peak Element - II,"Array, Binary Search",Medium
Google,Find row with maximum 1's,"Array, Matrix",Easy
Google,Matrix Median,"Matrix, Binary Search",Hard
Google,Search in 2D matrix - II,"Array, Binary Search",Hard
Google,Search in a 2D matrix,"Array, Binary Search",Hard
Google,Aggressive Cows,Binary Search,Hard
Google,Book Allocation Problem,Binary Search,Hard
Google,Find peak element,"Array, Binary Search",Medium
Google,Kth element of 2 sorted arrays,"Array, Divide and Conquer",Medium
Google,Median of 2 sorted arrays,"Array, Binary Search",Hard
Google,Minimize Max Distance to Gas Station,"Array, Binary Search",Hard
Google,Split array - largest sum,"Array, Binary Search",Hard
Google,Find the smallest divisor,"Array, Binary Search",Medium
Google,Koko eating bananas,"Array, Binary Search",Medium
Google,Minimum days to make M bouquets,"Array, Binary Search",Medium
Google,BST iterator,"Stack, Tree",Hard
Google,Correct BST with two nodes swapped,"Tree, Depth-First Search",Hard
Google,Largest BST in Binary Tree,"Binary Search, Binary Search Tree",Hard
Google,Two sum in BST,"Binary Search Tree, Binary Tree",Hard
Google,Check if a tree is a BST or not,"Tree, Depth-First Search",Medium
Google,Construct a BST from a preorder traversal,"Array, Binary Search Tree",Medium
Google,Delete a node in BST,"Tree, Binary Search Tree",Medium
Google,Inorder successor and predecessor in BST,"Binary Search Tree, Tree",Medium
Google,Insert a given node in BST,"Tree, Binary Search Tree",Medium
Google,Kth Smallest and Largest element in BST,"Binary Search Tree, Binary Tree",Medium
Google,LCA in BST,"Binary Search Tree, Binary Tree",Medium
Google,Floor and Ceil in a BST,"Binary Search Tree, Data Structures",Easy
Google,Search in BST,"Tree, Depth-First Search",Easy
Google,Construct a BT from Postorder and Inorder,"Array, Hash Table",Hard
Google,Construct a BT from Preorder and Inorder,"Array, Binary Tree",Hard
Google,Requirements needed to construct a unique BT,"Traversal, Algorithms",Medium
Google,Serialize and De-serialize BT,"Binary Tree, Breadth-First Search",Hard
Google,Bottom view of BT,"Tree, Data Structures",Medium
Google,Boundary Traversal,"Tree, Data Structures",Medium
Google,Count total nodes in a complete BT,"Binary Search, Bit Manipulation",Easy
Google,LCA in BT,"Binary Tree, Depth-First Search",Hard
Google,Maximum Width of BT,"Binary Tree, Breadth-First Search",Medium
Google,Minimum time taken to burn the BT from a given Node,"Hash Table, Tree",Hard
Google,Print all nodes at a distance of K in BT,"Hash Table, Tree",Hard
Google,Print root to leaf path in BT,"String, Backtracking",Medium
Google,Right/Left View of BT,"Tree, Depth-First Search",Medium
Google,Top View of BT,"Binary Search Tree, Tree",Medium
Google,Vertical Order Traversal,"Binary Tree, Breadth-First Search",Medium
Google,Check for balanced binary tree,"Tree, Data Structures",Medium
Google,Check for symmetrical BTs,"Tree, Depth-First Search",Medium
Google,Check if two trees are identical or not,"Tree, Depth-First Search",Medium
Google,Diameter of Binary Tree,"Binary Tree, Depth-First Search",Easy
Google,Maximum Depth in BT,"Binary Tree, Breadth-First Search",Medium
Google,Maximum path sum,"Binary Tree, Depth-First Search",Medium
Google,Inorder Traversal,"Binary Tree, Depth-First Search",Easy
Google,Level Order Traversal,"Binary Tree, Breadth-First Search",Easy
Google,Postorder Traversal,"Binary Tree, Depth-First Search",Easy
Google,"Pre, Post, Inorder in one traversal","Stack, Tree",Easy
Google,Preorder Traversal,"Binary Tree, Depth-First Search",Easy
Google,Morris Preorder Traversal,"Stack, Tree",Hard
Google,Morris Inorder Traversal,"Stack, Tree",Hard
Google,Divide two numbers without multiplication and division,"Bit Manipulation, Math",Medium
Google,Minimum Bit Flips to Convert Number,Bit Manipulation,Medium
Google,Power Set Bit Manipulation,"Math, Bit Manipulation",Medium
Google,Single Number - II,"Array, Bit Manipulation",Medium
Google,Single Number - III,"Array, Bit Manipulation",Medium
Google,XOR of numbers in a given range,Brute,Medium
Google,Bold Words in String,"Array, Hash Table",Medium
Google,Bomb Enemy,"Array, Greedy",Medium
Google,Boundary of Binary Tree,"Binary Tree, Breadth-First Search",Medium
Google,Brace Expansion,"Divide and Conquer, Hash Table",Medium
Google,Campus Bikes,"Array, Greedy",Medium
Google,Campus Bikes II,"Array, Backtracking",Hard
Google,Change the Root of a Binary Tree,"Binary Tree, Depth-First Search",Medium
Google,Check if a Number is Power of 2 or Not,Math,Easy
Google,Check if There is a Path With Equal Number of 0's And 1's,"Array, Dynamic Programming",Medium
Google,Check for Contradictions in Equations,"Array, Depth-First Search",Hard
Google,Check If Two Expression Trees are Equivalent,"Binary Tree, Counting",Easy
Google,Closest Binary Search Tree Value,"Binary Search, Binary Search Tree",Easy
Google,Coin Path,"Array, Dynamic Programming",Hard
Google,Confusing Number,Math,Easy
Google,Confusing Number II,"Backtracking, Math",Hard
Google,Convert Objects to JSON String,Javascript,Medium
Google,Convex Polygon,"Array, Geometry",Medium
Google,Correct a Binary Tree,"Binary Tree, Breadth-First Search",Medium
Google,Count Houses in a Circular Street,"Array, Interactive",Easy
Google,Count Houses in a Circular Street II,"Data Stream, Design",Hard
Google,Count Positions on Street With Required Brightness,"Array, Prefix Sum",Medium
Google,Count Subarrays With More Ones Than Zeros,"Array, Binary Indexed Tree",Medium
Google,Count the Number of Set Bits,"Bit Manipulation, Math",Easy
Google,Count Ways to Distribute Candies,"Combinatorics, Enumeration",Hard
Google,Count Pairs of Equal Substrings with Minimum Difference,"Greedy, Hash Table",Medium
Google,Cutting Ribbons,"Array, Binary Search",Medium
Google,Design Compressed String Iterator,"Array, Design",Easy
Google,Design Hit Counter,"Array, Binary Search",Medium
Google,Design Log Storage System,"Design, Hash Table",Medium
Google,Design Phone Directory,"Array, Design",Medium
Google,Design Snake Game,"Array, Design",Medium
Google,Design Tic-Tac-Toe,"Array, Design",Medium
Google,Design Most Recently Used Queue,"Array, Binary Indexed Tree",Medium
Google,Divide Array Into Increasing Sequences,"Array, Counting",Hard
Google,Divide Chocolate,"Array, Binary Search",Hard
Google,Dot Product of Two Sparse Vectors,"Array, Design",Medium
Google,Climbing stairs,"Dynamic Programming, Math",Medium
Google,Frog Jump,"Array, Dynamic Programming",Medium
Google,Frog jump with K distances,Dynamic Programming,Medium
Google,House robber,"Array, Dynamic Programming",Medium
Google,Maximum sum of non adjacent elements,"Array, Divide and Conquer",Medium
Google,Ninja's training,Dynamic Programming,Medium
Google,Cherry pickup II,"Array, Dynamic Programming",Hard
Google,Grid unique paths,"Math, Dynamic Programming",Medium
Google,Minimum Falling Path Sum,"Array, Dynamic Programming",Medium
Google,Triangle,"Array, Dynamic Programming",Medium
Google,Unique paths II,"Array, Dynamic Programming",Medium
Google,Best time to buy and sell stock,"Array, Dynamic Programming",Medium
Google,Best time to buy and sell stock II,"Array, Dynamic Programming",Medium
Google,Best time to buy and sell stock III,"Array, Dynamic Programming",Medium
Google,Best time to buy and sell stock IV,"Array, Dynamic Programming",Medium
Google,Best time to buy and sell stock with transaction fees,"Array, Dynamic Programming",Medium
Google,Distinct subsequences,"Dynamic Programming, String",Hard
Google,Edit distance,"Dynamic Programming, String",Hard
Google,Longest common subsequence,"Dynamic Programming, String",Hard
Google,Longest common substring,"String, Dynamic Programming",Hard
Google,Longest palindromic subsequence,"Dynamic Programming, String",Hard
Google,Minimum insertions or deletions to convert string A to B,Dynamic Programming,Hard
Google,Minimum insertions to make string palindrome,"Dynamic Programming, String",Hard
Google,Shortest common supersequence,"Dynamic Programming, String",Hard
Google,Wildcard matching,"Dynamic Programming, Greedy",Hard
Google,0 and 1 Knapsack,Dynamic Programming,Hard
Google,Coin change II,"Array, Dynamic Programming",Hard
Google,Count partitions with given difference,"Array, Math",Hard
Google,Count subsets with sum K,Dynamic Programming,Hard
Google,Minimum coins,Dynamic Programming,Hard
Google,Partition a set into two subsets with minimum absolute sum difference,Dynamic Programming,Hard
Google,Partition equal subset sum,"Array, Dynamic Programming",Hard
Google,Rod cutting problem,"Array, Dynamic Programming",Hard
Google,Subset sum equals to target,"Array, Dynamic Programming",Hard
Google,Target sum,"Array, Backtracking",Hard
Google,Unbounded knapsack,Dynamic Programming,Hard
Google,Burst balloons,"Array, Dynamic Programming",Hard
Google,Matrix chain multiplication,"Array, Dynamic Programming",Hard
Google,Minimum cost to cut the stick,"Array, Dynamic Programming",Hard
Google,Palindrome partitioning II,"String, Dynamic Programming",Hard
Google,Encode String With Shortest Length,"Dynamic Programming, String",Hard
Google,Equal Tree Partition,"Array, Depth-First Search",Medium
Google,Erect the Fence II,"Array, Geometry",Hard
Google,Extract Kth Character From The Rope Tree,"Binary Tree, Depth-First Search",Medium
Google,Implement Queue using Arrays,"Queue, Data Structures",Easy
Google,Implement queue using Linkedlist,"Queue, Linked List",Easy
Google,Implement Queue using Stack,"Design, Queue",Easy
Google,Implement Stack using Arrays,"Array, Stack",Easy
Google,Implement stack using Linkedlist,"Stack, Linked List",Easy
Google,Implement Stack using Queue,"Design, Queue",Easy
Google,Find Anagram Mappings,"Array, Hash Table",Easy
Google,Find Leaves of Binary Tree,"Binary Tree, Depth-First Search",Medium
Google,Find Nearest Right Node in Binary Tree,"Binary Tree, Breadth-First Search",Medium
Google,Find Permutation,"Greedy, Hash Table",Medium
Google,Find Root of N-Ary Tree,"Bit Manipulation, Depth-First Search",Medium
Google,Find the Celebrity,"Graph, Interactive",Medium
Google,Find Distance In a Binary Tree,"Binary Tree, Breadth-First Search",Medium
Google,Finding the Number of Visible Mountains,"Array, Monotonic Stack",Medium
Google,Flatten 2D Vector,"Array, Design",Medium
Google,Flip Game,String,Easy
Google,Flip Game II,"Backtracking, Dynamic Programming",Medium
Google,Generalized Abbreviation,"Backtracking, Bit Manipulation",Hard
Google,Graph Valid Tree,"Breadth-First Search, Depth-First Search",Medium
Google,Articulation point in graph,"Graph, Depth-First Search",Hard
Google,Bridges in graph,"Biconnected Component, Depth-First Search",Hard
Google,Kosaraju's algorithm,"Graph, Depth-First Search",Hard
Google,Bipartite graph,"Breadth-First Search, Depth-First Search",Hard
Google,Detect a cycle in a directed graph,"Graph, Depth-First Search",Hard
Google,Detect a cycle in an undirected graph,"Graph, Depth-First Search",Hard
Google,Topological sort or Kahn's algorithm,"Graph, Depth-First Search",Hard
Google,Alien Dictionary,"Array, Breadth-First Search",Hard
Google,Course Schedule I,"Breadth-First Search, Depth-First Search",Hard
Google,Course Schedule II,"Breadth-First Search, Depth-First Search",Medium
Google,Find eventual safe states,"Breadth-First Search, Depth-First Search",Hard
Google,Shortest path in DAG,"Graph, Topological Sort",Hard
Google,Shortest path in undirected graph with unit weights,"Graph, Breadth-First Search",Hard
Google,Word ladder I,"Breadth-First Search, Hash Table",Hard
Google,Word ladder II,"Backtracking, Breadth-First Search",Hard
Google,Accounts merge,"Array, Hash Table",Hard
Google,Making a large island,"Array, Breadth-First Search",Hard
Google,Most stones removed with same row or column,"Depth-First Search, Graph",Medium
Google,Number of islands II,"Array, Hash Table",Hard
Google,Number of operations to make network connected,"Depth-First Search, Breadth-First Search",Hard
Google,Disjoint Set,"Union Find, Algorithms",Hard
Google,Find the MST weight,"Union Find, Graph",Hard
Google,Bellman ford algorithm,"Dynamic Programming, Graph",Hard
Google,Cheapest flight within K stops,"Breadth-First Search, Depth-First Search",Hard
Google,Dijkstra's algorithm,"Graph, Heap (Priority Queue)",Hard
Google,Find the city with the smallest number of neighbors,"Dynamic Programming, Graph",Hard
Google,Floyd warshall algorithm,"Dynamic Programming, Graph",Hard
Google,Minimum multiplications to reach end,"Array, Graph",Hard
Google,Number of ways to arrive at destination,"Dynamic Programming, Graph",Hard
Google,Path with minimum effort,"Array, Binary Search",Hard
Google,Print Shortest Path,"Breadth-First Search, Graph",Hard
Google,Shortest Distance in a Binary Maze,"Array, Breadth-First Search",Hard
Google,Connected Components,"Depth-First Search, Breadth-First Search",Medium
Google,Traversal Techniques,"Depth-First Search, Breadth-First Search",Medium
Google,Distance of nearest cell having one,"Array, Breadth-First Search",Medium
Google,Flood fill algorithm,"Array, Breadth-First Search",Medium
Google,Number of distinct islands,"Breadth-First Search, Depth-First Search",Medium
Google,Number of enclaves,"Array, Breadth-First Search",Medium
Google,Number of islands,"Array, Breadth-First Search",Medium
Google,Number of provinces,"Breadth-First Search, Depth-First Search",Medium
Google,Rotten Oranges,"Array, Breadth-First Search",Medium
Google,Surrounded Regions,"Array, Breadth-First Search",Medium
Google,Assign Cookies,"Array, Greedy",Easy
Google,Jump Game - I,"Array, Dynamic Programming",Easy
Google,Lemonade Change,"Array, Greedy",Easy
Google,Candy,"Array, Greedy",Hard
Google,Valid Paranthesis Checker,"String, Stack",Hard
Google,Insert Interval,Array,Medium
Google,Job sequencing Problem,"Dynamic Programming, Greedy",Medium
Google,Minimum number of platforms required for a railway,"Greedy, Sorting",Medium
Google,N meetings in one room,"Greedy, Sorting",Medium
Google,Non-overlapping Intervals,"Greedy, Sorting",Medium
Google,Shortest Job First,"Greedy, Sorting",Medium
Google,Group Shifted Strings,"Array, Hash Table",Medium
Google,Guess the Majority in a Hidden Array,"Array, Interactive",Medium
Google,Count subarrays with given xor K,"Array, Hash Table",Hard
Google,Longest subarray with sum K,- Medium,Medium
Google,Design Twitter,"Design, Hash Table",Medium
Google,Find Median from Data Stream,"Data Stream, Design",Hard
Google,Kth largest element in a stream of running integers,"Binary Search Tree, Binary Tree",Hard
Google,Maximum Sum Combination,"Array, Sorting",Hard
Google,Merge K sorted Lists,"Divide and Conquer, Heap (Priority Queue)",Hard
Google,Build heap from a given Array,"Array, Heap (Priority Queue)",Medium
Google,Check if an array represents a min heap,"Array, Heap (Priority Queue)",Medium
Google,Convert Min Heap to Max Heap,"Array, Heap (Priority Queue)",Medium
Google,Heapify Algorithm,"Array, Heap (Priority Queue)",Medium
Google,Heap Sort,"Array, Heap (Priority Queue)",Medium
Google,Implement Max Heap,"Array, Heap (Priority Queue)",Medium
Google,Implement Min Heap,"Array, Heap (Priority Queue)",Medium
Google,Implement PQ using Heaps,"Array, Heap (Priority Queue)",Medium
Google,K-th Largest element in an array,"Array, Divide and Conquer",Medium
Google,Insert into a Sorted Circular Linked List,Linked List,Medium
Google,JSON Deep Equal,Javascript,Medium
Google,K Empty Slots,"Array, Binary Indexed Tree",Hard
Google,Kth Smallest Subarray Sum,"Array, Binary Search",Medium
Google,Largest Subarray Length K,"Array, Greedy",Easy
Google,Delete all occurrences of a key in DLL,"Doubly-Linked List, Linked List",Hard
Google,Remove duplicates from sorted DLL,"Doubly-Linked List, Linked List",Hard
Google,Clone a LL with random and next pointer,Linked List,Hard
Google,Flattening of LL,"-, - Hard",Hard
Google,Merge two Sorted Lists,"Linked List, Two Pointers",Hard
Google,Reverse LL in group of given size K,"Linked List, Recursion",Hard
Google,Rotate a LL,"Linked List, Two Pointers",Hard
Google,Sort LL,"Divide and Conquer, Linked List",Hard
Google,Add one to a number represented by LL,Linked List,Medium
Google,Check if LL is palindrome or not,"Linked List, Recursion",Medium
Google,Delete the middle node in LL,"Linked List, Two Pointers",Medium
Google,Detect a loop in LL,"Hash Table, Linked List",Medium
Google,Find the intersection point of Y LL,"Linked List, Two Pointers",Medium
Google,Find the starting point in LL,"Linked List, Two Pointers",Medium
Google,Length of loop in LL,"Linked List, Two Pointers",Medium
Google,Add two numbers in Linked List,"Linked List, Math",Medium
Google,Remove Nth node from the back of the LL,"Linked List, Two Pointers",Medium
Google,Reverse a LL,Linked List,Medium
Google,Segregate odd and even nodes in Linked List,Linked List,Medium
Google,Sort a Linked List of 0's 1's and 2's,"Linked List, Sorting",Medium
Google,Logger Rate Limiter,"Data Stream, Design",Easy
Google,Lonely Pixel I,"Array, Hash Table",Medium
Google,Lonely Pixel II,"Array, Hash Table",Medium
Google,Longest Common Subsequence Between Sorted Arrays,"Array, Counting",Medium
Google,Longest Line of Consecutive One in Matrix,"Array, Dynamic Programming",Medium
Google,Longest Repeating Substring,"Binary Search, Dynamic Programming",Medium
Google,Longest Substring with At Most Two Distinct Characters,"Hash Table, Sliding Window",Medium
Google,Lowest Common Ancestor of a Binary Tree III,"Binary Tree, Hash Table",Medium
Google,Make Array Non decreasing or Non increasing,"Dynamic Programming, Greedy",Easy
Google,Count primes in range L to R,Math,Hard
Google,Prime factorisation of a Number,Math,Hard
Google,Print all primes till N,Math,Hard
Google,Max Consecutive Ones II,"Array, Dynamic Programming",Medium
Google,Max Stack,"Design, Doubly-Linked List",Hard
Google,Maximum Average Subarray II,"Array, Binary Search",Hard
Google,Maximum Length of Semi Decreasing Subarrays,"Array, Monotonic Stack",Easy
Google,Maximum Vacation Days,"Array, Dynamic Programming",Hard
Google,Maximum Font To Fit A Sentence In A Screen,"Array, Binary Search",Easy
Google,Maximum Number of Accepted Invitations,"Array, Depth-First Search",Medium
Google,Meeting Rooms,"Array, Sorting",Easy
Google,Meeting Rooms II,"Array, Greedy",Medium
Google,Meeting Scheduler,"Array, Hash Table",Medium
Google,Merge Overlapping Subintervals,"Sorting, Two Pointers",Medium
Google,Minimize Maximum Value in Grid,"Array, Graph",Easy
Google,Minimize Product Sum of Two Arrays,"Array, Greedy",Medium
Google,Minimum Costs Using the Train Line,"Array, Dynamic Programming",Hard
Google,Minimum Flips In Binary Tree to Get Result,"Binary Tree, Depth-First Search",Easy
Google,Minimum Time to Build Blocks,"Array, Greedy",Hard
Google,Minimum Unique Word Abbreviation,"Array, Backtracking",Hard
Google,Minimum Window Subsequence,"Dynamic Programming, Sliding Window",Hard
Google,Minimum Cost to Connect Sticks,"Array, Greedy",Medium
Google,Minimum Knight Moves,Breadth-First Search,Medium
Google,Minimum Path Cost In a Hidden Grid,"Breadth-First Search, Depth-First Search",Easy
Google,Missing Ranges,Array,Easy
Google,Move Sub-Tree of N-Ary Tree,"Depth-First Search, Tree",Hard
Google,Next Closest Time,"Backtracking, Enumeration",Medium
Google,Number of Connected Components in an Undirected Graph,"Breadth-First Search, Depth-First Search",Easy
Google,Number Of Equal Numbers Block,"Array, Binary Search",Easy
Google,Number of Same-End Substrings,"Array, Counting",Medium
Google,Number of Ways to Build Sturdy Brick Wall,"Array, Bit Manipulation",Hard
Google,Optimal Account Balancing,"Array, Backtracking",Hard
Google,Output Contest Matches,"Recursion, Simulation",Medium
Google,Paint Fence,Dynamic Programming,Medium
Google,Paint House,"Array, Dynamic Programming",Medium
Google,Palindrome Permutation,"Bit Manipulation, Hash Table",Easy
Google,Parallel Courses,"Bit Manipulation, Bitmask",Medium
Google,Paths in Maze That Lead to Same Room,Graph,Hard
Google,Plus One Linked List,"Linked List, Math",Medium
Google,Put Boxes into the Warehouse I,"Array, Greedy",Medium
Google,Put Boxes into the Warehouse II,"Array, Greedy",Hard
Google,Range Addition,"Array, Prefix Sum",Medium
Google,Range Sum Query 2D - Mutable,"Array, Design",Medium
Google,Read N Characters Given Read4,"Array, Interactive",Easy
Google,Rearrange String k Distance Apart,"Counting, Greedy",Hard
Google,Combination Sum,"Array, Backtracking",Medium
Google,Combination Sum II,"Array, Backtracking",Medium
Google,Combination Sum III,"Array, Backtracking",Medium
Google,Subsets I,"Recursion, Backtracking",Medium
Google,Subsets II,"Array, Backtracking",Medium
Google,M Coloring Problem,"Recursion, Backtracking",Hard
Google,N Queen,"Recursion, Backtracking",Hard
Google,Palindrome partitioning,"Backtracking, Dynamic Programming",Hard
Google,Rat in a Maze,"Recursion, Backtracking",Hard
Google,Sudoku Solver,"Array, Backtracking",Hard
Google,Word Search,"Array, Backtracking",Hard
Google,Letter Combinations of a Phone Number,"Backtracking, Hash Table",Hard
Google,Remove All Ones With Row and Column Flips,"Array, Bit Manipulation",Medium
Google,Remove All Ones With Row and Column Flips II,"Array, Bit Manipulation",Medium
Google,Remove Interval,Array,Medium
Google,Sentence Screen Fitting,"Array, Dynamic Programming",Medium
Google,Sentence Similarity,"Array, Hash Table",Easy
Google,Sentence Similarity II,"Array, Breadth-First Search",Medium
Google,Sequence Reconstruction,"Array, Graph",Medium
Google,Set Matrix Zeroes,"Array, Matrix",Medium
Google,Shortest Distance from All Buildings,"Array, Breadth-First Search",Hard
Google,Shortest Way to Form String,"Binary Search, Greedy",Medium
Google,Shortest Distance to Target Color,"Array, Binary Search",Medium
Google,Shortest Path to Get Food,"Array, Breadth-First Search",Medium
Google,Similar RGB Color,"Enumeration, Math",Medium
Google,Single-Row Keyboard,"Hash Table, String",Easy
Google,Maximum Points You Can Obtain from Cards,"Array, Prefix Sum",Medium
Google,Binary Subarrays With Sum,"Array, Hash Table",Hard
Google,Count number of Nice subarrays,"Array, Hash Table",Hard
Google,Number of Substrings Containing All Three Characters,"Hash Table, Sliding Window",Hard
Google,Fruit Into Baskets,"Array, Hash Table",Medium
Google,Longest Repeating Character Replacement,"Hash Table, Sliding Window",Hard
Google,Longest Substring With At Most K Distinct Characters,"Hash Table, Sliding Window",Hard
Google,Longest Substring Without Repeating Characters,"Hash Table, Sliding Window",Medium
Google,Max Consecutive Ones III,"Array, Binary Search",Medium
Google,Minimum Window Substring,"Hash Table, Sliding Window",Hard
Google,Smallest Rectangle Enclosing Black Pixels,"Array, Enumeration",Hard
Google,Sort Array By Moving Items to Empty Space,"Array, Greedy",Hard
Google,Sort Transformed Array,"Array, Math",Medium
Google,Merge Sorting,"Array, Sorting",Medium
Google,Sparse Matrix Multiplication,"Array, Hash Table",Medium
Google,Split BST,"Binary Search Tree, Binary Tree",Medium
Google,Celebrity Problem,"Graph, Greedy",Hard
Google,Implement Min Stack,"Design, Stack",Hard
Google,Largest rectangle in a histogram,"Array, Monotonic Stack",Hard
Google,LFU Cache,"Design, Doubly-Linked List",Hard
Google,LRU Cache,"Design, Doubly-Linked List",Medium
Google,Maximum Rectangles,"Array, Dynamic Programming. Stack",Hard
Google,Sliding Window Maximum,"Array, Heap (Priority Queue)",Hard
Google,Stock span problem,"Array, Stack",Hard
Google,Trapping Rainwater,"Array, Dynamic Programming",Hard
Google,Balanced Paranthesis,"String, Greedy",Easy
Google,Asteroid Collision,"Array, Simulation",Medium
Google,Next Greater Element,"Array, Hash Table",Medium
Google,Next Greater Element - 2,"Array, Monotonic Stack",Medium
Google,Remove K Digits,"Greedy, Monotonic Stack",Medium
Google,Sum of Subarray Minimums,"Array, Dynamic Programming",Medium
Google,Sum of Subarray Ranges,"Array, Monotonic Stack",Medium
Google,String to Integer (atoi),String,Medium
Google,String Transforms Into Another String,"Hash Table, String",Hard
Google,KMP Algorithm or LPS array,"String, Rolling Hash",Hard
Google,Longest happy prefix,"Hash Function, Rolling Hash",Hard
Google,Rabin Karp Algorithm,"String, String Matching",Hard
Google,Shortest Palindrome,"Hash Function, Rolling Hash",Hard
Google,Z function,Math,Hard
Google,Count and say,String,Hard
Google,Minimum number of bracket reversals to make an expression balanced,"String, Stack",Hard
Google,Reverse every word in a string,String,Medium
Google,Strobogrammatic Number,"Hash Table, String",Easy
Google,Strobogrammatic Number II,"Array, Recursion",Medium
Google,The Maze,"Array, Breadth-First Search",Medium
Google,The Maze II,"Array, Breadth-First Search",Medium
Google,The Earliest Moment When Everyone Become Friends,"Array, Sorting",Medium
Google,Time Taken to Cross the Door,"Array, Queue",Hard
Google,Tree Diameter,"Breadth-First Search, Depth-First Search",Medium
Google,Longest Word with All Prefixes,"Depth-First Search, Trie",Medium
Google,Maximum XOR of two numbers in an array,"Array, Bit Manipulation",Hard
Google,Maximum Xor with an element from an array,"Array, Bit Manipulation",Hard
Google,Number of distinct substrings in a string,"Hash Function, Rolling Hash",Medium
Google,Trie Implementation and Advanced Operations,"Trie, Implementation",Hard
Google,Trie Implementation and Operations,"Trie, Implementation",Hard
Google,Unique Word Abbreviation,"Array, Design",Medium
Google,Valid Word Abbreviation,"String, Two Pointers",Easy
Google,Valid Word Square,"Array, Matrix",Easy
Google,Walls and Gates,"Array, Breadth-First Search",Medium
Google,Wiggle Sort,"Array, Greedy",Medium
Google,Zigzag Iterator,"Array, Design",Medium
Grammarly,Logger Rate Limiter,"Data Stream, Design",Easy
Grammarly,Merge Overlapping Subintervals,"Sorting, Two Pointers",Medium
HashiCorp,Majority Element-II,"Array, Counting",Hard
HashiCorp,Leaders in an Array,Array,Medium
HashiCorp,Maximum Consecutive Ones,Array,Easy
HashiCorp,Find missing number,"Array, Bit Manipulation",Easy
HashiCorp,Move Zeros to End,"Array, Two Pointers",Easy
HashiCorp,Union of two sorted arrays,"Array, Two Pointers",Easy
HashiCorp,Book Allocation Problem,Binary Search,Hard
HashiCorp,Lower Bound,"Array, Binary Search",Easy
HashiCorp,Upper Bound,"Array, Binary Search",Easy
HashiCorp,Find minimum in Rotated Sorted Array,"Array, Binary Search",Easy
HashiCorp,Floor and Ceil in Sorted Array,"Array, Binary Search",Easy
HashiCorp,Search in rotated sorted array-II,"Array, Binary Search",Medium
HashiCorp,BST iterator,"Stack, Tree",Hard
HashiCorp,Correct BST with two nodes swapped,"Tree, Depth-First Search",Hard
HashiCorp,Largest BST in Binary Tree,"Binary Search, Binary Search Tree",Hard
HashiCorp,Inorder successor and predecessor in BST,"Binary Search Tree, Tree",Medium
HashiCorp,LCA in BST,"Binary Search Tree, Binary Tree",Medium
HashiCorp,Serialize and De-serialize BT,"Binary Tree, Breadth-First Search",Hard
HashiCorp,Count total nodes in a complete BT,"Binary Search, Bit Manipulation",Easy
HashiCorp,Minimum time taken to burn the BT from a given Node,"Hash Table, Tree",Hard
HashiCorp,Print all nodes at a distance of K in BT,"Hash Table, Tree",Hard
HashiCorp,Vertical Order Traversal,"Binary Tree, Breadth-First Search",Medium
HashiCorp,Inorder Traversal,"Binary Tree, Depth-First Search",Easy
HashiCorp,"Pre, Post, Inorder in one traversal","Stack, Tree",Easy
HashiCorp,Divide two numbers without multiplication and division,"Bit Manipulation, Math",Medium
HashiCorp,Power Set Bit Manipulation,"Math, Bit Manipulation",Medium
HashiCorp,XOR of numbers in a given range,Brute,Medium
HashiCorp,House robber,"Array, Dynamic Programming",Medium
HashiCorp,Minimum Falling Path Sum,"Array, Dynamic Programming",Medium
HashiCorp,Best time to buy and sell stock II,"Array, Dynamic Programming",Medium
HashiCorp,Best time to buy and sell stock with transaction fees,"Array, Dynamic Programming",Medium
HashiCorp,Shortest common supersequence,"Dynamic Programming, String",Hard
HashiCorp,Count subsets with sum K,Dynamic Programming,Hard
HashiCorp,Partition equal subset sum,"Array, Dynamic Programming",Hard
HashiCorp,Rod cutting problem,"Array, Dynamic Programming",Hard
HashiCorp,Insert before given node in Doubly Linked List,"Doubly-Linked List, Linked List",Easy
HashiCorp,Insertion at the head of Linked List,Linked List,Easy
HashiCorp,Insertion at the Kth position of Linked List,Linked List,Easy
HashiCorp,Insert node before (kth node) in Doubly Linked List,"Doubly-Linked List, Linked List",Easy
HashiCorp,Implement Queue using Arrays,"Queue, Data Structures",Easy
HashiCorp,Detect a cycle in an undirected graph,"Graph, Depth-First Search",Hard
HashiCorp,Alien Dictionary,"Array, Breadth-First Search",Hard
HashiCorp,Find eventual safe states,"Breadth-First Search, Depth-First Search",Hard
HashiCorp,Word ladder I,"Breadth-First Search, Hash Table",Hard
HashiCorp,Accounts merge,"Array, Hash Table",Hard
HashiCorp,Bellman ford algorithm,"Dynamic Programming, Graph",Hard
HashiCorp,Minimum multiplications to reach end,"Array, Graph",Hard
HashiCorp,Number of islands,"Array, Breadth-First Search",Medium
HashiCorp,Jump Game - I,"Array, Dynamic Programming",Easy
HashiCorp,Lemonade Change,"Array, Greedy",Easy
HashiCorp,Valid Paranthesis Checker,"String, Stack",Hard
HashiCorp,Shortest Job First,"Greedy, Sorting",Medium
HashiCorp,Longest subarray with sum K,- Medium,Medium
HashiCorp,Build heap from a given Array,"Array, Heap (Priority Queue)",Medium
HashiCorp,Implement PQ using Heaps,"Array, Heap (Priority Queue)",Medium
HashiCorp,Remove duplicates from sorted DLL,"Doubly-Linked List, Linked List",Hard
HashiCorp,Rotate a LL,"Linked List, Two Pointers",Hard
HashiCorp,Sort LL,"Divide and Conquer, Linked List",Hard
HashiCorp,Add one to a number represented by LL,Linked List,Medium
HashiCorp,Segregate odd and even nodes in Linked List,Linked List,Medium
HashiCorp,Prime factorisation of a Number,Math,Hard
HashiCorp,Combination Sum II,"Array, Backtracking",Medium
HashiCorp,Combination Sum III,"Array, Backtracking",Medium
HashiCorp,Subsets I,"Recursion, Backtracking",Medium
HashiCorp,N Queen,"Recursion, Backtracking",Hard
HashiCorp,Letter Combinations of a Phone Number,"Backtracking, Hash Table",Hard
HashiCorp,Maximum Points You Can Obtain from Cards,"Array, Prefix Sum",Medium
HashiCorp,Fruit Into Baskets,"Array, Hash Table",Medium
HashiCorp,Longest Repeating Character Replacement,"Hash Table, Sliding Window",Hard
HashiCorp,Celebrity Problem,"Graph, Greedy",Hard
HashiCorp,Implement Min Stack,"Design, Stack",Hard
HashiCorp,Largest rectangle in a histogram,"Array, Monotonic Stack",Hard
HashiCorp,LFU Cache,"Design, Doubly-Linked List",Hard
HashiCorp,LRU Cache,"Design, Doubly-Linked List",Medium
HashiCorp,Trapping Rainwater,"Array, Dynamic Programming",Hard
HashiCorp,Remove K Digits,"Greedy, Monotonic Stack",Medium
HashiCorp,Sum of Subarray Ranges,"Array, Monotonic Stack",Medium
HashiCorp,Reverse every word in a string,String,Medium
HashiCorp,Maximum XOR of two numbers in an array,"Array, Bit Manipulation",Hard
HashiCorp,Number of distinct substrings in a string,"Hash Function, Rolling Hash",Medium
HCL,Check if the Array is Sorted I,"Array, Sorting",Easy
HCL,Count of odd numbers in array,"Array, Math",Easy
HCL,Reverse an array,Array,Easy
HCL,Highest Occurring Element in an Array,Array,Easy
HCL,Second Highest Occurring Element,"Array, Hash Table",Easy
HCL,Sum of Highest and Lowest Frequency,"Array, Hash Table",Easy
HCL,Check for Perfect Number,Math,Easy
HCL,Check for Prime Number,Math,Easy
HCL,Check if the Number is Armstrong,Math,Easy
HCL,Count all Digits of a Number,"Math, Counting",Easy
HCL,Count number of odd digits in a number,"Math, Counting",Easy
HCL,Count of Prime Numbers till N,"Math, Counting",Easy
HCL,Divisors of a Number,Math,Easy
HCL,Factorial of a given number,Math,Easy
HCL,GCD of Two Numbers,Math,Easy
HCL,LCM of two numbers,Math,Easy
HCL,Palindrome Number,Math,Easy
HCL,Return the Largest Digit in a Number,Math,Easy
HCL,Reverse a number,Math,Easy
HCL,Check if a Number is Prime or Not,Math,Easy
HCL,Check if String is Palindrome or Not,String,Easy
HCL,Check if the Array is Sorted II,"Array, Sorting",Easy
HCL,Factorial of a Given Number,Math,Easy
HCL,Fibonacci Number,"Dynamic Programming, Math",Easy
HCL,Reverse a String I,String,Easy
HCL,Sum of Array Elements II,"Array, Math",Easy
HCL,Sum of Digits in a Given Number,Math,Easy
HCL,Sum of First N Numbers,Math,Easy
HCL,Isomorphic String,"Hash Table, String",Easy
HCL,Longest Common Prefix,"String, Trie",Easy
HCL,Palindrome Check,"String, Two Pointers",Easy
HCL,Reverse a String II,String,Easy
HCL,Rotate String,"String, String Matching",Easy
HCL,Sort Characters by Frequency,"Bucket Sort, Counting",Easy
HCL,Valid Anagram,"Hash Table, Sorting",Easy
HCL,Pattern 1,"Pattern Printing, Implementation",Easy
HCL,Pattern 10,"Pattern Printing, Implementation",Easy
HCL,Pattern 11,"Pattern Printing, Implementation",Easy
HCL,Pattern 12,"Pattern Printing, Implementation",Easy
HCL,Pattern 13,"Pattern Printing, Implementation",Easy
HCL,Pattern 14,"Pattern Printing, Implementation",Easy
HCL,Pattern 15,"Pattern Printing, Implementation",Easy
HCL,Pattern 16,"Pattern Printing, Implementation",Easy
HCL,Pattern 17,"Pattern Printing, Implementation",Easy
HCL,Pattern 18,"Pattern Printing, Implementation",Easy
HCL,Pattern 19,"Pattern Printing, Implementation",Easy
HCL,Pattern 20,"Pattern Printing, Implementation",Medium
HCL,Pattern 21,"Pattern Printing, Implementation",Medium
HCL,Pattern 22,"Pattern Printing, Implementation",Medium
HCL,Pattern 4,"Pattern Printing, Implementation",Easy
HCL,Pattern 5,"Pattern Printing, Implementation",Easy
HCL,Pattern 6,"Pattern Printing, Implementation",Easy
HCL,Pattern 7,"Pattern Printing, Implementation",Easy
HCL,Pattern 8,"Pattern Printing, Implementation",Easy
HCL,Pattern 9,"Pattern Printing, Implementation",Easy
HCL,If Else Adult Teen Problem,Implementation,Easy
HCL,If ElseIf,Implementation,Easy
HCL,Input Output,Implementation,Easy
HCL,Print last character of string,"String, Implementation",Easy
HCL,Print X N numbers of times,"Implementation, Simulation",Easy
HCL,Sum of first last element in array,"Array, Math",Easy
HCL,Switch Case,"Implementation, Simulation",Easy
HCL Technologies,Maximum Product Subarray in an Array,"Array, Dynamic Programming",Hard
HCL Technologies,Reverse Pairs,"Array, Binary Indexed Tree",Hard
HCL Technologies,Pascal's Triangle III,"Array, Dynamic Programming",Medium
HCL Technologies,Left Rotate Array by One,"Array, Implementation",Easy
HCL Technologies,Linear Search,"Array, Searching",Easy
HCL Technologies,Find missing number,"Array, Bit Manipulation",Easy
HCL Technologies,Move Zeros to End,"Array, Two Pointers",Easy
HCL Technologies,Find Peak Element - II,"Array, Binary Search",Medium
HCL Technologies,Search in 2D matrix - II,"Array, Binary Search",Hard
HCL Technologies,Search in a 2D matrix,"Array, Binary Search",Hard
HCL Technologies,Find out how many times the array is rotated,"Array, Binary Search",Easy
HCL Technologies,Search in rotated sorted array-II,"Array, Binary Search",Medium
HCL Technologies,Single element in sorted array,"Array, Binary Search",Medium
HCL Technologies,Find the smallest divisor,"Array, Binary Search",Medium
HCL Technologies,Correct BST with two nodes swapped,"Tree, Depth-First Search",Hard
HCL Technologies,Two sum in BST,"Binary Search Tree, Binary Tree",Hard
HCL Technologies,Check if a tree is a BST or not,"Tree, Depth-First Search",Medium
HCL Technologies,Insert a given node in BST,"Tree, Binary Search Tree",Medium
HCL Technologies,LCA in BST,"Binary Search Tree, Binary Tree",Medium
HCL Technologies,Floor and Ceil in a BST,"Binary Search Tree, Data Structures",Easy
HCL Technologies,Serialize and De-serialize BT,"Binary Tree, Breadth-First Search",Hard
HCL Technologies,Count total nodes in a complete BT,"Binary Search, Bit Manipulation",Easy
HCL Technologies,Check for balanced binary tree,"Tree, Data Structures",Medium
HCL Technologies,Maximum Depth in BT,"Binary Tree, Breadth-First Search",Medium
HCL Technologies,Maximum path sum,"Binary Tree, Depth-First Search",Medium
HCL Technologies,Preorder Traversal,"Binary Tree, Depth-First Search",Easy
HCL Technologies,Morris Preorder Traversal,"Stack, Tree",Hard
HCL Technologies,Minimum Bit Flips to Convert Number,Bit Manipulation,Medium
HCL Technologies,Single Number - III,"Array, Bit Manipulation",Medium
HCL Technologies,Frog jump with K distances,Dynamic Programming,Medium
HCL Technologies,Maximum sum of non adjacent elements,"Array, Divide and Conquer",Medium
HCL Technologies,Ninja's training,Dynamic Programming,Medium
HCL Technologies,Best time to buy and sell stock IV,"Array, Dynamic Programming",Medium
HCL Technologies,Minimum insertions or deletions to convert string A to B,Dynamic Programming,Hard
HCL Technologies,0 and 1 Knapsack,Dynamic Programming,Hard
HCL Technologies,Minimum coins,Dynamic Programming,Hard
HCL Technologies,Partition a set into two subsets with minimum absolute sum difference,Dynamic Programming,Hard
HCL Technologies,Burst balloons,"Array, Dynamic Programming",Hard
HCL Technologies,Matrix chain multiplication,"Array, Dynamic Programming",Hard
HCL Technologies,Convert Array to Doubly Linked List,"Doubly-Linked List, Hash Table",Easy
HCL Technologies,Delete Tail of Doubly Linked List,"Doubly-Linked List, Hash Table",Easy
HCL Technologies,Insertion before the value X in Linked List,Linked List,Easy
HCL Technologies,Insert node before head in Doubly Linked List,"Doubly-Linked List, Linked List",Easy
HCL Technologies,Implement queue using Linkedlist,"Queue, Linked List",Easy
HCL Technologies,Implement Queue using Stack,"Design, Queue",Easy
HCL Technologies,Implement Stack using Queue,"Design, Queue",Easy
HCL Technologies,Bridges in graph,"Biconnected Component, Depth-First Search",Hard
HCL Technologies,Kosaraju's algorithm,"Graph, Depth-First Search",Hard
HCL Technologies,Alien Dictionary,"Array, Breadth-First Search",Hard
HCL Technologies,Shortest path in undirected graph with unit weights,"Graph, Breadth-First Search",Hard
HCL Technologies,Most stones removed with same row or column,"Depth-First Search, Graph",Medium
HCL Technologies,Disjoint Set,"Union Find, Algorithms",Hard
HCL Technologies,Cheapest flight within K stops,"Breadth-First Search, Depth-First Search",Hard
HCL Technologies,Dijkstra's algorithm,"Graph, Heap (Priority Queue)",Hard
HCL Technologies,Find the city with the smallest number of neighbors,"Dynamic Programming, Graph",Hard
HCL Technologies,Minimum multiplications to reach end,"Array, Graph",Hard
HCL Technologies,Number of ways to arrive at destination,"Dynamic Programming, Graph",Hard
HCL Technologies,Flood fill algorithm,"Array, Breadth-First Search",Medium
HCL Technologies,Number of provinces,"Breadth-First Search, Depth-First Search",Medium
HCL Technologies,Jump Game - I,"Array, Dynamic Programming",Easy
HCL Technologies,Lemonade Change,"Array, Greedy",Easy
HCL Technologies,Valid Paranthesis Checker,"String, Stack",Hard
HCL Technologies,Minimum number of platforms required for a railway,"Greedy, Sorting",Medium
HCL Technologies,N meetings in one room,"Greedy, Sorting",Medium
HCL Technologies,Design Twitter,"Design, Hash Table",Medium
HCL Technologies,Maximum Sum Combination,"Array, Sorting",Hard
HCL Technologies,Merge K sorted Lists,"Divide and Conquer, Heap (Priority Queue)",Hard
HCL Technologies,Convert Min Heap to Max Heap,"Array, Heap (Priority Queue)",Medium
HCL Technologies,Delete all occurrences of a key in DLL,"Doubly-Linked List, Linked List",Hard
HCL Technologies,Flattening of LL,"-, - Hard",Hard
HCL Technologies,Merge two Sorted Lists,"Linked List, Two Pointers",Hard
HCL Technologies,Reverse LL in group of given size K,"Linked List, Recursion",Hard
HCL Technologies,Rotate a LL,"Linked List, Two Pointers",Hard
HCL Technologies,Delete the middle node in LL,"Linked List, Two Pointers",Medium
HCL Technologies,Detect a loop in LL,"Hash Table, Linked List",Medium
HCL Technologies,Find the intersection point of Y LL,"Linked List, Two Pointers",Medium
HCL Technologies,Traversal in Linked List,Linked List,Easy
HCL Technologies,Remove Nth node from the back of the LL,"Linked List, Two Pointers",Medium
HCL Technologies,Print all primes till N,Math,Hard
HCL Technologies,Subsets II,"Array, Backtracking",Medium
HCL Technologies,Letter Combinations of a Phone Number,"Backtracking, Hash Table",Hard
HCL Technologies,Power Set,"Recursion, Backtracking",Medium
HCL Technologies,Binary Subarrays With Sum,"Array, Hash Table",Hard
HCL Technologies,Count number of Nice subarrays,"Array, Hash Table",Hard
HCL Technologies,Longest Substring Without Repeating Characters,"Hash Table, Sliding Window",Medium
HCL Technologies,Max Consecutive Ones III,"Array, Binary Search",Medium
HCL Technologies,Merge Sorting,"Array, Sorting",Medium
HCL Technologies,LRU Cache,"Design, Doubly-Linked List",Medium
HCL Technologies,Trapping Rainwater,"Array, Dynamic Programming",Hard
HCL Technologies,Balanced Paranthesis,"String, Greedy",Easy
HCL Technologies,Next Greater Element - 2,"Array, Monotonic Stack",Medium
HCL Technologies,Remove K Digits,"Greedy, Monotonic Stack",Medium
HCL Technologies,Count and say,String,Hard
HCL Technologies,Maximum Xor with an element from an array,"Array, Bit Manipulation",Hard
HCL Technologies,Number of distinct substrings in a string,"Hash Function, Rolling Hash",Medium
HCL Technologies,Trie Implementation and Advanced Operations,"Trie, Implementation",Hard
HCLTech,Add Two Fractions,Math,Easy
HCLTech,Largest Element,Array,Easy
HCLTech,Left Rotate Array by K Places,Array,Easy
HCLTech,Second Largest Element,Array,Easy
HCLTech,Remove duplicates from sorted array,Array,Easy
HCLTech,Automorphic Number,Math,Easy
HCLTech,Average of All Elements in an Array,Array,Easy
HCLTech,Zig Zag or Spiral Traversal,"Array, Matrix",Medium
HCLTech,Single Number - I,"Array, Bit Manipulation",Medium
HCLTech,Calculate Frequency of Characters in a String,String,Easy
HCLTech,Calculate the Area of a Circle,Math,Easy
HCLTech,Calculate the Power of a Number using Binary Exponentiation,Math,Easy
HCLTech,Capitalize First and Last Character of Each Word,String,Easy
HCLTech,Change Case of Each Character in a String,String,Easy
HCLTech,Check if a Large Number is Divisible by 9,Math,Easy
HCLTech,Check if a Number is a Harshad (Niven) Number,Math,Easy
HCLTech,Check if a Number is a Strong Number,Math,Easy
HCLTech,Check if a Number is an Abundant Number,Math,Easy
HCLTech,Check if Array is Subset of Another,Array,Easy
HCLTech,Check if Given Year is a Leap Year,Math,Easy
HCLTech,Check Whether a Floating-Point Number is Even or Odd,Math,Easy
HCLTech,Check whether a Given Number is Even or Odd,Math,Easy
HCLTech,Check Whether a Number is Positive or Negative,Math,Easy
HCLTech,Concatenate One String to Another,String,Easy
HCLTech,Convert a Number to Hexadecimal,Math,Easy
HCLTech,Convert Binary to Decimal,Math,Easy
HCLTech,Convert Binary to Octal,Math,Easy
HCLTech,Convert Decimal to Binary Number,Math,Easy
HCLTech,Convert Decimal to Octal Number,Math,Easy
HCLTech,Convert Digits/Numbers to Words,Math,Easy
HCLTech,Convert Octal to Binary,Math,Easy
HCLTech,Convert Octal to Decimal,Math,Easy
HCLTech,Count Nodes in Linked List,Linked List,Easy
HCLTech,Count the Number of Words in a Given String,String,Easy
HCLTech,"Count Vowels, Consonants, and Spaces in a String",String,Easy
HCLTech,Counting Frequencies of Array Elements,Array,Easy
HCLTech,Design Array Modifier,"Array, Implementation",Easy
HCLTech,Express Number as Sum of Two Primes,Math,Easy
HCLTech,Sum of Array Elements,Array,Easy
HCLTech,Largest Odd Number in a String,Math,Easy
HCLTech,Factors of a Given Number,Math,Easy
HCLTech,Find All Non-Repeating Elements in Array,Array,Easy
HCLTech,Find All Palindrome Numbers in a Given Range,Math,Easy
HCLTech,Find All Repeating Elements in an Array,Array,Easy
HCLTech,Find All Symmetric Pairs,Array,Easy
HCLTech,Find Median of an Unsorted Array,Array,Easy
HCLTech,Find Roots of a Quadratic Equation,Math,Easy
HCLTech,Find Sum of AP Series,Math,Easy
HCLTech,Find the ASCII Value of a Character,String,Easy
HCLTech,Find the Largest Word in a String,String,Easy
HCLTech,Find the Position of a Substring within a String,String,Easy
HCLTech,Find the Smallest Element in an Array,Array,Easy
HCLTech,Finding Equilibrium Index in an Array,Array,Easy
HCLTech,Greatest of Three Numbers,Math,Easy
HCLTech,Greatest of Two Numbers,Math,Easy
HCLTech,Maximum and Minimum Digit in a Number,Math,Easy
HCLTech,Maximum Occurring Character in a String,String,Easy
HCLTech,Maximum Product of Three Numbers,Math,Easy
HCLTech,Permutations in which N people can occupy R seats,Math,Easy
HCLTech,Rearrange Array in Increasing-Decreasing Order,Array,Easy
HCLTech,Remove All Duplicates from a String,String,Easy
HCLTech,Remove Brackets from an Algebraic Expression,String,Easy
HCLTech,Remove Characters Except Alphabets,String,Easy
HCLTech,Remove Characters from First String Present in the Second String,String,Easy
HCLTech,Remove Spaces from a String,String,Easy
HCLTech,Replace All Zeros With Ones,Math,Easy
HCLTech,Replace Elements by Their Rank,Array,Easy
HCLTech,Return All Duplicate Characters in a String,String,Easy
HCLTech,Search an Element in an Array,Array,Easy
HCLTech,Sort Characters in a String,String,Easy
HCLTech,Sort Elements of an Array by Frequency,"Array, Counting",Easy
HCLTech,Sum of Fibonacci Numbers,Math,Easy
HCLTech,Sum of First N Natural Numbers,Math,Easy
HCLTech,Sum of GP Series,Math,Easy
HCLTech,Sum of Numbers in a Given Range,Math,Easy
HCLTech,Sum of the Numbers in a String,"String, Math",Easy
Hertz,Brightest Position on Street,"Array, Ordered Set",Medium
Houzz,Basic Calculator III,"Math, Recursion",Hard
Houzz,Remove-9,Math,Easy
Hubspot,Meeting Rooms II,"Array, Greedy",Medium
Hulu,Basic Calculator III,"Math, Recursion",Hard
IBM,Count Inversions,"Array, Divide and Conquer",Hard
IBM,Maximum Product Subarray in an Array,"Array, Dynamic Programming",Hard
IBM,Next Permutation,"Array, Two Pointers",Medium
IBM,Print the matrix in spiral manner,"Array, Matrix",Medium
IBM,Rearrange array elements by sign,"Array, Simulation",Medium
IBM,Find missing number,"Array, Bit Manipulation",Easy
IBM,Move Zeros to End,"Array, Two Pointers",Easy
IBM,Matrix Median,"Matrix, Binary Search",Hard
IBM,Search in a 2D matrix,"Array, Binary Search",Hard
IBM,Aggressive Cows,Binary Search,Hard
IBM,Find peak element,"Array, Binary Search",Medium
IBM,Median of 2 sorted arrays,"Array, Binary Search",Hard
IBM,Split array - largest sum,"Array, Binary Search",Hard
IBM,Find minimum in Rotated Sorted Array,"Array, Binary Search",Easy
IBM,First and last occurrence,"Array, Binary Search",Easy
IBM,Search in rotated sorted array-I,"Array, Binary Search",Medium
IBM,Search insert position,"Array, Binary Search",Easy
IBM,Find square root of a number,"Array, Binary Search",Medium
IBM,Correct BST with two nodes swapped,"Tree, Depth-First Search",Hard
IBM,Delete a node in BST,"Tree, Binary Search Tree",Medium
IBM,Kth Smallest and Largest element in BST,"Binary Search Tree, Binary Tree",Medium
IBM,Floor and Ceil in a BST,"Binary Search Tree, Data Structures",Easy
IBM,Search in BST,"Tree, Depth-First Search",Easy
IBM,Construct a BT from Postorder and Inorder,"Array, Hash Table",Hard
IBM,Requirements needed to construct a unique BT,"Traversal, Algorithms",Medium
IBM,Boundary Traversal,"Tree, Data Structures",Medium
IBM,Count total nodes in a complete BT,"Binary Search, Bit Manipulation",Easy
IBM,Right/Left View of BT,"Tree, Depth-First Search",Medium
IBM,Top View of BT,"Binary Search Tree, Tree",Medium
IBM,Vertical Order Traversal,"Binary Tree, Breadth-First Search",Medium
IBM,Check for balanced binary tree,"Tree, Data Structures",Medium
IBM,Check for symmetrical BTs,"Tree, Depth-First Search",Medium
IBM,Morris Inorder Traversal,"Stack, Tree",Hard
IBM,Minimum Bit Flips to Convert Number,Bit Manipulation,Medium
IBM,XOR of numbers in a given range,Brute,Medium
IBM,Cherry pickup II,"Array, Dynamic Programming",Hard
IBM,Unique paths II,"Array, Dynamic Programming",Medium
IBM,Best time to buy and sell stock,"Array, Dynamic Programming",Medium
IBM,Best time to buy and sell stock III,"Array, Dynamic Programming",Medium
IBM,Best time to buy and sell stock IV,"Array, Dynamic Programming",Medium
IBM,Edit distance,"Dynamic Programming, String",Hard
IBM,Longest common subsequence,"Dynamic Programming, String",Hard
IBM,Longest palindromic subsequence,"Dynamic Programming, String",Hard
IBM,Minimum insertions to make string palindrome,"Dynamic Programming, String",Hard
IBM,Coin change II,"Array, Dynamic Programming",Hard
IBM,Partition a set into two subsets with minimum absolute sum difference,Dynamic Programming,Hard
IBM,Subset sum equals to target,"Array, Dynamic Programming",Hard
IBM,Target sum,"Array, Backtracking",Hard
IBM,Unbounded knapsack,Dynamic Programming,Hard
IBM,Burst balloons,"Array, Dynamic Programming",Hard
IBM,Palindrome partitioning II,"String, Dynamic Programming",Hard
IBM,Check if the Array is Sorted I,"Array, Sorting",Easy
IBM,Count of odd numbers in array,"Array, Math",Easy
IBM,Reverse an array,Array,Easy
IBM,Highest Occurring Element in an Array,Array,Easy
IBM,Second Highest Occurring Element,"Array, Hash Table",Easy
IBM,Sum of Highest and Lowest Frequency,"Array, Hash Table",Easy
IBM,Deletion of the head of LL,Linked List,Easy
IBM,Deletion of the tail of Linked List,"Linked List, Hash Table",Easy
IBM,Insert before given node in Doubly Linked List,"Doubly-Linked List, Linked List",Easy
IBM,Check for Perfect Number,Math,Easy
IBM,Check for Prime Number,Math,Easy
IBM,Check if the Number is Armstrong,Math,Easy
IBM,Count all Digits of a Number,"Math, Counting",Easy
IBM,Count number of odd digits in a number,"Math, Counting",Easy
IBM,Count of Prime Numbers till N,"Math, Counting",Easy
IBM,Divisors of a Number,Math,Easy
IBM,Factorial of a given number,Math,Easy
IBM,GCD of Two Numbers,Math,Easy
IBM,LCM of two numbers,Math,Easy
IBM,Palindrome Number,Math,Easy
IBM,Return the Largest Digit in a Number,Math,Easy
IBM,Reverse a number,Math,Easy
IBM,Check if a Number is Prime or Not,Math,Easy
IBM,Check if String is Palindrome or Not,String,Easy
IBM,Check if the Array is Sorted II,"Array, Sorting",Easy
IBM,Factorial of a Given Number,Math,Easy
IBM,Fibonacci Number,"Dynamic Programming, Math",Easy
IBM,Reverse a String I,String,Easy
IBM,Sum of Array Elements II,"Array, Math",Easy
IBM,Sum of Digits in a Given Number,Math,Easy
IBM,Sum of First N Numbers,Math,Easy
IBM,Implement Queue using Stack,"Design, Queue",Easy
IBM,Isomorphic String,"Hash Table, String",Easy
IBM,Longest Common Prefix,"String, Trie",Easy
IBM,Palindrome Check,"String, Two Pointers",Easy
IBM,Reverse a String II,String,Easy
IBM,Rotate String,"String, String Matching",Easy
IBM,Sort Characters by Frequency,"Bucket Sort, Counting",Easy
IBM,Valid Anagram,"Hash Table, Sorting",Easy
IBM,Pattern 1,"Pattern Printing, Implementation",Easy
IBM,Pattern 10,"Pattern Printing, Implementation",Easy
IBM,Pattern 11,"Pattern Printing, Implementation",Easy
IBM,Pattern 12,"Pattern Printing, Implementation",Easy
IBM,Pattern 13,"Pattern Printing, Implementation",Easy
IBM,Pattern 14,"Pattern Printing, Implementation",Easy
IBM,Pattern 15,"Pattern Printing, Implementation",Easy
IBM,Pattern 16,"Pattern Printing, Implementation",Easy
IBM,Pattern 17,"Pattern Printing, Implementation",Easy
IBM,Pattern 18,"Pattern Printing, Implementation",Easy
IBM,Pattern 19,"Pattern Printing, Implementation",Easy
IBM,Pattern 20,"Pattern Printing, Implementation",Medium
IBM,Pattern 21,"Pattern Printing, Implementation",Medium
IBM,Pattern 22,"Pattern Printing, Implementation",Medium
IBM,Pattern 4,"Pattern Printing, Implementation",Easy
IBM,Pattern 5,"Pattern Printing, Implementation",Easy
IBM,Pattern 6,"Pattern Printing, Implementation",Easy
IBM,Pattern 7,"Pattern Printing, Implementation",Easy
IBM,Pattern 8,"Pattern Printing, Implementation",Easy
IBM,Pattern 9,"Pattern Printing, Implementation",Easy
IBM,If Else Adult Teen Problem,Implementation,Easy
IBM,If ElseIf,Implementation,Easy
IBM,Input Output,Implementation,Easy
IBM,Print last character of string,"String, Implementation",Easy
IBM,Print X N numbers of times,"Implementation, Simulation",Easy
IBM,Sum of first last element in array,"Array, Math",Easy
IBM,Switch Case,"Implementation, Simulation",Easy
IBM,Articulation point in graph,"Graph, Depth-First Search",Hard
IBM,Bipartite graph,"Breadth-First Search, Depth-First Search",Hard
IBM,Find eventual safe states,"Breadth-First Search, Depth-First Search",Hard
IBM,Making a large island,"Array, Breadth-First Search",Hard
IBM,Most stones removed with same row or column,"Depth-First Search, Graph",Medium
IBM,Number of operations to make network connected,"Depth-First Search, Breadth-First Search",Hard
IBM,Find the MST weight,"Union Find, Graph",Hard
IBM,Cheapest flight within K stops,"Breadth-First Search, Depth-First Search",Hard
IBM,Dijkstra's algorithm,"Graph, Heap (Priority Queue)",Hard
IBM,Number of ways to arrive at destination,"Dynamic Programming, Graph",Hard
IBM,Path with minimum effort,"Array, Binary Search",Hard
IBM,Number of provinces,"Breadth-First Search, Depth-First Search",Medium
IBM,Rotten Oranges,"Array, Breadth-First Search",Medium
IBM,Jump Game - I,"Array, Dynamic Programming",Easy
IBM,N meetings in one room,"Greedy, Sorting",Medium
IBM,Clone a LL with random and next pointer,Linked List,Hard
IBM,Flattening of LL,"-, - Hard",Hard
IBM,Merge two Sorted Lists,"Linked List, Two Pointers",Hard
IBM,Delete the middle node in LL,"Linked List, Two Pointers",Medium
IBM,Remove Nth node from the back of the LL,"Linked List, Two Pointers",Medium
IBM,Reverse a LL,Linked List,Medium
IBM,Maximum Profitable Triplets With Increasing Prices I,"Array, Binary Indexed Tree",Medium
IBM,Maximum Profitable Triplets With Increasing Prices II,"Array, Binary Indexed Tree",Hard
IBM,Meeting Rooms II,"Array, Greedy",Medium
IBM,Number of Divisible Substrings,"Counting, Hash Table",Medium
IBM,Number of Divisible Triplet Sums,"Array, Hash Table",Medium
IBM,Combination Sum II,"Array, Backtracking",Medium
IBM,Combination Sum III,"Array, Backtracking",Medium
IBM,N Queen,"Recursion, Backtracking",Hard
IBM,Word Search,"Array, Backtracking",Hard
IBM,Letter Combinations of a Phone Number,"Backtracking, Hash Table",Hard
IBM,Check if there exists a subsequence with sum K,"Array, Dynamic Programming",Easy
IBM,Count number of Nice subarrays,"Array, Hash Table",Hard
IBM,Max Consecutive Ones III,"Array, Binary Search",Medium
IBM,Minimum Window Substring,"Hash Table, Sliding Window",Hard
IBM,Bubble Sort,"Array, Sorting",Easy
IBM,Insertion Sorting,"Array, Sorting",Easy
IBM,Quick Sorting,"Array, Sorting",Easy
IBM,Celebrity Problem,"Graph, Greedy",Hard
IBM,Largest rectangle in a histogram,"Array, Monotonic Stack",Hard
IBM,LFU Cache,"Design, Doubly-Linked List",Hard
IBM,LRU Cache,"Design, Doubly-Linked List",Medium
IBM,Maximum Rectangles,"Array, Dynamic Programming. Stack",Hard
IBM,Asteroid Collision,"Array, Simulation",Medium
IBM,Rabin Karp Algorithm,"String, String Matching",Hard
IBM,Shortest Palindrome,"Hash Function, Rolling Hash",Hard
IBM,Z function,Math,Hard
IBM,Reverse every word in a string,String,Medium
IBM,Maximum XOR of two numbers in an array,"Array, Bit Manipulation",Hard
IBM,Number of distinct substrings in a string,"Hash Function, Rolling Hash",Medium
IMC,Minimum Knight Moves,Breadth-First Search,Medium
IMC,Time Taken to Cross the Door,"Array, Queue",Hard
Infosys,Add Two Fractions,Math,Easy
Infosys,Leaders in an Array,Array,Medium
Infosys,Next Permutation,"Array, Two Pointers",Medium
Infosys,Pascal's Triangle III,"Array, Dynamic Programming",Medium
Infosys,Print the matrix in spiral manner,"Array, Matrix",Medium
Infosys,Rearrange array elements by sign,"Array, Simulation",Medium
Infosys,Rotate matrix by 90 degrees,"Array, Math",Medium
Infosys,Largest Element,Array,Easy
Infosys,Left Rotate Array by K Places,Array,Easy
Infosys,Left Rotate Array by One,"Array, Implementation",Easy
Infosys,Linear Search,"Array, Searching",Easy
Infosys,Maximum Consecutive Ones,Array,Easy
Infosys,Second Largest Element,Array,Easy
Infosys,Find missing number,"Array, Bit Manipulation",Easy
Infosys,Intersection of two sorted arrays,"Array, Sorting",Easy
Infosys,Move Zeros to End,"Array, Two Pointers",Easy
Infosys,Remove duplicates from sorted array,Array,Easy
Infosys,Union of two sorted arrays,"Array, Two Pointers",Easy
Infosys,Automorphic Number,Math,Easy
Infosys,Average of All Elements in an Array,Array,Easy
Infosys,Lower Bound,"Array, Binary Search",Easy
Infosys,Search X in sorted array,"Array, Binary Search",Easy
Infosys,Upper Bound,"Array, Binary Search",Easy
Infosys,Find minimum in Rotated Sorted Array,"Array, Binary Search",Easy
Infosys,Find out how many times the array is rotated,"Array, Binary Search",Easy
Infosys,First and last occurrence,"Array, Binary Search",Easy
Infosys,Floor and Ceil in Sorted Array,"Array, Binary Search",Easy
Infosys,Search in rotated sorted array-I,"Array, Binary Search",Medium
Infosys,Search in rotated sorted array-II,"Array, Binary Search",Medium
Infosys,Search insert position,"Array, Binary Search",Easy
Infosys,Single element in sorted array,"Array, Binary Search",Medium
Infosys,Find Nth root of a number,"Array, Binary Search",Medium
Infosys,Find square root of a number,"Array, Binary Search",Medium
Infosys,Zig Zag or Spiral Traversal,"Array, Matrix",Medium
Infosys,Single Number - I,"Array, Bit Manipulation",Medium
Infosys,Calculate Frequency of Characters in a String,String,Easy
Infosys,Calculate the Area of a Circle,Math,Easy
Infosys,Calculate the Power of a Number using Binary Exponentiation,Math,Easy
Infosys,Capitalize First and Last Character of Each Word,String,Easy
Infosys,Change Case of Each Character in a String,String,Easy
Infosys,Check if a Large Number is Divisible by 9,Math,Easy
Infosys,Check if a Number is a Harshad (Niven) Number,Math,Easy
Infosys,Check if a Number is a Strong Number,Math,Easy
Infosys,Check if a Number is an Abundant Number,Math,Easy
Infosys,Check if Array is Subset of Another,Array,Easy
Infosys,Check if Given Year is a Leap Year,Math,Easy
Infosys,Check Whether a Floating-Point Number is Even or Odd,Math,Easy
Infosys,Check whether a Given Number is Even or Odd,Math,Easy
Infosys,Check Whether a Number is Positive or Negative,Math,Easy
Infosys,Concatenate One String to Another,String,Easy
Infosys,Convert a Number to Hexadecimal,Math,Easy
Infosys,Convert Binary to Decimal,Math,Easy
Infosys,Convert Binary to Octal,Math,Easy
Infosys,Convert Decimal to Binary Number,Math,Easy
Infosys,Convert Decimal to Octal Number,Math,Easy
Infosys,Convert Digits/Numbers to Words,Math,Easy
Infosys,Convert Octal to Binary,Math,Easy
Infosys,Convert Octal to Decimal,Math,Easy
Infosys,Count Nodes in Linked List,Linked List,Easy
Infosys,Count the Number of Words in a Given String,String,Easy
Infosys,Counting Frequencies of Array Elements,Array,Easy
Infosys,Design Array Modifier,"Array, Implementation",Easy
Infosys,Express Number as Sum of Two Primes,Math,Easy
Infosys,Check if the Array is Sorted I,"Array, Sorting",Easy
Infosys,Count of odd numbers in array,"Array, Math",Easy
Infosys,Reverse an array,Array,Easy
Infosys,Sum of Array Elements,Array,Easy
Infosys,Highest Occurring Element in an Array,Array,Easy
Infosys,Second Highest Occurring Element,"Array, Hash Table",Easy
Infosys,Sum of Highest and Lowest Frequency,"Array, Hash Table",Easy
Infosys,Convert Array to Doubly Linked List,"Doubly-Linked List, Hash Table",Easy
Infosys,Delete head of Doubly Linked List,"Doubly-Linked List, Hash Table",Easy
Infosys,Delete Kth Element of Doubly Linked List,"Doubly-Linked List, Hash Table",Easy
Infosys,Delete Tail of Doubly Linked List,"Doubly-Linked List, Hash Table",Easy
Infosys,Delete the element with value X,"Linked List, Hash Table",Easy
Infosys,Deletion of the head of LL,Linked List,Easy
Infosys,Deletion of the Kth element of Linked List,Linked List,Easy
Infosys,Deletion of the tail of Linked List,"Linked List, Hash Table",Easy
Infosys,Insert before given node in Doubly Linked List,"Doubly-Linked List, Linked List",Easy
Infosys,Insertion at the head of Linked List,Linked List,Easy
Infosys,Insertion at the Kth position of Linked List,Linked List,Easy
Infosys,Insertion at the tail of Linked List,Linked List,Easy
Infosys,Insertion before the value X in Linked List,Linked List,Easy
Infosys,Insert node before (kth node) in Doubly Linked List,"Doubly-Linked List, Linked List",Easy
Infosys,Insert node before head in Doubly Linked List,"Doubly-Linked List, Linked List",Easy
Infosys,Insert node before tail in Doubly Linked List,"Doubly-Linked List, Linked List",Easy
Infosys,Removing given node in Doubly Linked List,"Doubly-Linked List, Linked List",Easy
Infosys,Check for Perfect Number,Math,Easy
Infosys,Check for Prime Number,Math,Easy
Infosys,Check if the Number is Armstrong,Math,Easy
Infosys,Count all Digits of a Number,"Math, Counting",Easy
Infosys,Count number of odd digits in a number,"Math, Counting",Easy
Infosys,Count of Prime Numbers till N,"Math, Counting",Easy
Infosys,Divisors of a Number,Math,Easy
Infosys,Factorial of a given number,Math,Easy
Infosys,GCD of Two Numbers,Math,Easy
Infosys,LCM of two numbers,Math,Easy
Infosys,Palindrome Number,Math,Easy
Infosys,Return the Largest Digit in a Number,Math,Easy
Infosys,Reverse a number,Math,Easy
Infosys,Check if a Number is Prime or Not,Math,Easy
Infosys,Check if String is Palindrome or Not,String,Easy
Infosys,Check if the Array is Sorted II,"Array, Sorting",Easy
Infosys,Factorial of a Given Number,Math,Easy
Infosys,Fibonacci Number,"Dynamic Programming, Math",Easy
Infosys,Reverse a String I,String,Easy
Infosys,Sum of Array Elements II,"Array, Math",Easy
Infosys,Sum of Digits in a Given Number,Math,Easy
Infosys,Sum of First N Numbers,Math,Easy
Infosys,Implement Queue using Arrays,"Queue, Data Structures",Easy
Infosys,Implement queue using Linkedlist,"Queue, Linked List",Easy
Infosys,Implement Queue using Stack,"Design, Queue",Easy
Infosys,Implement Stack using Arrays,"Array, Stack",Easy
Infosys,Implement stack using Linkedlist,"Stack, Linked List",Easy
Infosys,Implement Stack using Queue,"Design, Queue",Easy
Infosys,Isomorphic String,"Hash Table, String",Easy
Infosys,Largest Odd Number in a String,Math,Easy
Infosys,Longest Common Prefix,"String, Trie",Easy
Infosys,Palindrome Check,"String, Two Pointers",Easy
Infosys,Reverse a String II,String,Easy
Infosys,Rotate String,"String, String Matching",Easy
Infosys,Sort Characters by Frequency,"Bucket Sort, Counting",Easy
Infosys,Valid Anagram,"Hash Table, Sorting",Easy
Infosys,Pattern 1,"Pattern Printing, Implementation",Easy
Infosys,Pattern 10,"Pattern Printing, Implementation",Easy
Infosys,Pattern 11,"Pattern Printing, Implementation",Easy
Infosys,Pattern 12,"Pattern Printing, Implementation",Easy
Infosys,Pattern 13,"Pattern Printing, Implementation",Easy
Infosys,Pattern 14,"Pattern Printing, Implementation",Easy
Infosys,Pattern 15,"Pattern Printing, Implementation",Easy
Infosys,Pattern 16,"Pattern Printing, Implementation",Easy
Infosys,Pattern 17,"Pattern Printing, Implementation",Easy
Infosys,Pattern 18,"Pattern Printing, Implementation",Easy
Infosys,Pattern 19,"Pattern Printing, Implementation",Easy
Infosys,Pattern 20,"Pattern Printing, Implementation",Medium
Infosys,Pattern 21,"Pattern Printing, Implementation",Medium
Infosys,Pattern 22,"Pattern Printing, Implementation",Medium
Infosys,Pattern 4,"Pattern Printing, Implementation",Easy
Infosys,Pattern 5,"Pattern Printing, Implementation",Easy
Infosys,Pattern 6,"Pattern Printing, Implementation",Easy
Infosys,Pattern 7,"Pattern Printing, Implementation",Easy
Infosys,Pattern 8,"Pattern Printing, Implementation",Easy
Infosys,Pattern 9,"Pattern Printing, Implementation",Easy
Infosys,If Else Adult Teen Problem,Implementation,Easy
Infosys,If ElseIf,Implementation,Easy
Infosys,Input Output,Implementation,Easy
Infosys,Print last character of string,"String, Implementation",Easy
Infosys,Print X N numbers of times,"Implementation, Simulation",Easy
Infosys,Sum of first last element in array,"Array, Math",Easy
Infosys,Switch Case,"Implementation, Simulation",Easy
Infosys,Factors of a Given Number,Math,Easy
Infosys,Find All Non-Repeating Elements in Array,Array,Easy
Infosys,Find All Palindrome Numbers in a Given Range,Math,Easy
Infosys,Find All Repeating Elements in an Array,Array,Easy
Infosys,Find All Symmetric Pairs,Array,Easy
Infosys,Find Median of an Unsorted Array,Array,Easy
Infosys,Find Roots of a Quadratic Equation,Math,Easy
Infosys,Find Sum of AP Series,Math,Easy
Infosys,Find the ASCII Value of a Character,String,Easy
Infosys,Find the Largest Word in a String,String,Easy
Infosys,Find the length of the Linked List,"-, - Easy",Easy
Infosys,Find the Position of a Substring within a String,String,Easy
Infosys,Find the Smallest Element in an Array,Array,Easy
Infosys,Finding Equilibrium Index in an Array,Array,Easy
Infosys,Greatest of Three Numbers,Math,Easy
Infosys,Greatest of Two Numbers,Math,Easy
Infosys,Traversal in Linked List,Linked List,Easy
Infosys,Maximum and Minimum Digit in a Number,Math,Easy
Infosys,Maximum Occurring Character in a String,String,Easy
Infosys,Maximum Product of Three Numbers,Math,Easy
Infosys,Number of Nodes With Value One,"Binary Tree, Breadth-First Search",Medium
Infosys,Permutations in which N people can occupy R seats,Math,Easy
Infosys,Rearrange Array in Increasing-Decreasing Order,Array,Easy
Infosys,Generate Parentheses,"Backtracking, Dynamic Programming",Medium
Infosys,"Pow(x,n)","Math, Recursion",Medium
Infosys,Power Set,"Recursion, Backtracking",Medium
Infosys,Check if there exists a subsequence with sum K,"Array, Dynamic Programming",Easy
Infosys,Count all subsequences with sum K,Recursion,Easy
Infosys,Remove All Duplicates from a String,String,Easy
Infosys,Remove Brackets from an Algebraic Expression,String,Easy
Infosys,Remove Characters Except Alphabets,String,Easy
Infosys,Remove Characters from First String Present in the Second String,String,Easy
Infosys,Remove Spaces from a String,String,Easy
Infosys,Replace All Zeros With Ones,Math,Easy
Infosys,Replace Elements by Their Rank,Array,Easy
Infosys,Return All Duplicate Characters in a String,String,Easy
Infosys,Search an Element in an Array,Array,Easy
Infosys,Sort Characters in a String,String,Easy
Infosys,Sort Elements of an Array by Frequency,"Array, Counting",Easy
Infosys,Bubble Sort,"Array, Sorting",Easy
Infosys,Insertion Sorting,"Array, Sorting",Easy
Infosys,Merge Sorting,"Array, Sorting",Medium
Infosys,Quick Sorting,"Array, Sorting",Easy
Infosys,Selection Sort,"Array, Sorting",Easy
Infosys,Balanced Paranthesis,"String, Greedy",Easy
Infosys,Sum of Fibonacci Numbers,Math,Easy
Infosys,Sum of First N Natural Numbers,Math,Easy
Infosys,Sum of GP Series,Math,Easy
Infosys,Sum of Numbers in a Given Range,Math,Easy
Infosys,Sum of the Numbers in a String,"String, Math",Easy
Instacart,Majority Element-I,"Array, Counting",Easy
Instacart,Leaders in an Array,Array,Medium
Instacart,Pascal's Triangle III,"Array, Dynamic Programming",Medium
Instacart,Search in 2D matrix - II,"Array, Binary Search",Hard
Instacart,Aggressive Cows,Binary Search,Hard
Instacart,Lower Bound,"Array, Binary Search",Easy
Instacart,Floor and Ceil in Sorted Array,"Array, Binary Search",Easy
Instacart,Find square root of a number,"Array, Binary Search",Medium
Instacart,Correct BST with two nodes swapped,"Tree, Depth-First Search",Hard
Instacart,Two sum in BST,"Binary Search Tree, Binary Tree",Hard
Instacart,Delete a node in BST,"Tree, Binary Search Tree",Medium
Instacart,Construct a BT from Postorder and Inorder,"Array, Hash Table",Hard
Instacart,Count total nodes in a complete BT,"Binary Search, Bit Manipulation",Easy
Instacart,Maximum Width of BT,"Binary Tree, Breadth-First Search",Medium
Instacart,Minimum time taken to burn the BT from a given Node,"Hash Table, Tree",Hard
Instacart,Print all nodes at a distance of K in BT,"Hash Table, Tree",Hard
Instacart,Top View of BT,"Binary Search Tree, Tree",Medium
Instacart,Divide two numbers without multiplication and division,"Bit Manipulation, Math",Medium
Instacart,Power Set Bit Manipulation,"Math, Bit Manipulation",Medium
Instacart,Single Number - II,"Array, Bit Manipulation",Medium
Instacart,XOR of numbers in a given range,Brute,Medium
Instacart,House robber,"Array, Dynamic Programming",Medium
Instacart,Grid unique paths,"Math, Dynamic Programming",Medium
Instacart,Minimum Falling Path Sum,"Array, Dynamic Programming",Medium
Instacart,Triangle,"Array, Dynamic Programming",Medium
Instacart,Best time to buy and sell stock III,"Array, Dynamic Programming",Medium
Instacart,Best time to buy and sell stock IV,"Array, Dynamic Programming",Medium
Instacart,Longest common subsequence,"Dynamic Programming, String",Hard
Instacart,Longest common substring,"String, Dynamic Programming",Hard
Instacart,0 and 1 Knapsack,Dynamic Programming,Hard
Instacart,Coin change II,"Array, Dynamic Programming",Hard
Instacart,Count partitions with given difference,"Array, Math",Hard
Instacart,Count subsets with sum K,Dynamic Programming,Hard
Instacart,Minimum coins,Dynamic Programming,Hard
Instacart,Partition equal subset sum,"Array, Dynamic Programming",Hard
Instacart,Rod cutting problem,"Array, Dynamic Programming",Hard
Instacart,Minimum cost to cut the stick,"Array, Dynamic Programming",Hard
Instacart,Insert before given node in Doubly Linked List,"Doubly-Linked List, Linked List",Easy
Instacart,Insertion at the Kth position of Linked List,Linked List,Easy
Instacart,Insert node before (kth node) in Doubly Linked List,"Doubly-Linked List, Linked List",Easy
Instacart,Insert node before tail in Doubly Linked List,"Doubly-Linked List, Linked List",Easy
Instacart,Implement Stack using Queue,"Design, Queue",Easy
Instacart,Detect a cycle in a directed graph,"Graph, Depth-First Search",Hard
Instacart,Detect a cycle in an undirected graph,"Graph, Depth-First Search",Hard
Instacart,Alien Dictionary,"Array, Breadth-First Search",Hard
Instacart,Course Schedule II,"Breadth-First Search, Depth-First Search",Medium
Instacart,Word ladder I,"Breadth-First Search, Hash Table",Hard
Instacart,Word ladder II,"Backtracking, Breadth-First Search",Hard
Instacart,Making a large island,"Array, Breadth-First Search",Hard
Instacart,Number of operations to make network connected,"Depth-First Search, Breadth-First Search",Hard
Instacart,Find the MST weight,"Union Find, Graph",Hard
Instacart,Cheapest flight within K stops,"Breadth-First Search, Depth-First Search",Hard
Instacart,Shortest Distance in a Binary Maze,"Array, Breadth-First Search",Hard
Instacart,Surrounded Regions,"Array, Breadth-First Search",Medium
Instacart,Job sequencing Problem,"Dynamic Programming, Greedy",Medium
Instacart,Shortest Job First,"Greedy, Sorting",Medium
Instacart,Count subarrays with given xor K,"Array, Hash Table",Hard
Instacart,Implement Min Heap,"Array, Heap (Priority Queue)",Medium
Instacart,Clone a LL with random and next pointer,Linked List,Hard
Instacart,Delete the middle node in LL,"Linked List, Two Pointers",Medium
Instacart,Find the starting point in LL,"Linked List, Two Pointers",Medium
Instacart,Remove Nth node from the back of the LL,"Linked List, Two Pointers",Medium
Instacart,Print all primes till N,Math,Hard
Instacart,Combination Sum II,"Array, Backtracking",Medium
Instacart,Subsets I,"Recursion, Backtracking",Medium
Instacart,M Coloring Problem,"Recursion, Backtracking",Hard
Instacart,Palindrome partitioning,"Backtracking, Dynamic Programming",Hard
Instacart,Maximum Points You Can Obtain from Cards,"Array, Prefix Sum",Medium
Instacart,Number of Substrings Containing All Three Characters,"Hash Table, Sliding Window",Hard
Instacart,Fruit Into Baskets,"Array, Hash Table",Medium
Instacart,Max Consecutive Ones III,"Array, Binary Search",Medium
Instacart,Minimum Window Substring,"Hash Table, Sliding Window",Hard
Instacart,LFU Cache,"Design, Doubly-Linked List",Hard
Instacart,Sliding Window Maximum,"Array, Heap (Priority Queue)",Hard
Instacart,Stock span problem,"Array, Stack",Hard
Instacart,Sum of Subarray Ranges,"Array, Monotonic Stack",Medium
Instacart,Rabin Karp Algorithm,"String, String Matching",Hard
Instacart,Minimum number of bracket reversals to make an expression balanced,"String, Stack",Hard
Instacart,Number of distinct substrings in a string,"Hash Function, Rolling Hash",Medium
Instacart,Trie Implementation and Advanced Operations,"Trie, Implementation",Hard
Intel,Majority Element-I,"Array, Counting",Easy
Intel,Maximum Product Subarray in an Array,"Array, Dynamic Programming",Hard
Intel,Merge two sorted arrays without extra space,"Linked List, Recursion",Medium
Intel,Rearrange array elements by sign,"Array, Simulation",Medium
Intel,Rotate matrix by 90 degrees,"Array, Math",Medium
Intel,Linear Search,"Array, Searching",Easy
Intel,Move Zeros to End,"Array, Two Pointers",Easy
Intel,Find row with maximum 1's,"Array, Matrix",Easy
Intel,Search in a 2D matrix,"Array, Binary Search",Hard
Intel,Find peak element,"Array, Binary Search",Medium
Intel,Upper Bound,"Array, Binary Search",Easy
Intel,Find out how many times the array is rotated,"Array, Binary Search",Easy
Intel,Search in rotated sorted array-II,"Array, Binary Search",Medium
Intel,Search insert position,"Array, Binary Search",Easy
Intel,Single element in sorted array,"Array, Binary Search",Medium
Intel,Find the smallest divisor,"Array, Binary Search",Medium
Intel,Koko eating bananas,"Array, Binary Search",Medium
Intel,Minimum days to make M bouquets,"Array, Binary Search",Medium
Intel,Two sum in BST,"Binary Search Tree, Binary Tree",Hard
Intel,Check if a tree is a BST or not,"Tree, Depth-First Search",Medium
Intel,Floor and Ceil in a BST,"Binary Search Tree, Data Structures",Easy
Intel,Construct a BT from Postorder and Inorder,"Array, Hash Table",Hard
Intel,Serialize and De-serialize BT,"Binary Tree, Breadth-First Search",Hard
Intel,Maximum Width of BT,"Binary Tree, Breadth-First Search",Medium
Intel,Print all nodes at a distance of K in BT,"Hash Table, Tree",Hard
Intel,Diameter of Binary Tree,"Binary Tree, Depth-First Search",Easy
Intel,Inorder Traversal,"Binary Tree, Depth-First Search",Easy
Intel,Postorder Traversal,"Binary Tree, Depth-First Search",Easy
Intel,Power Set Bit Manipulation,"Math, Bit Manipulation",Medium
Intel,XOR of numbers in a given range,Brute,Medium
Intel,Frog jump with K distances,Dynamic Programming,Medium
Intel,Minimum Falling Path Sum,"Array, Dynamic Programming",Medium
Intel,Unique paths II,"Array, Dynamic Programming",Medium
Intel,Best time to buy and sell stock,"Array, Dynamic Programming",Medium
Intel,Wildcard matching,"Dynamic Programming, Greedy",Hard
Intel,Count partitions with given difference,"Array, Math",Hard
Intel,Minimum coins,Dynamic Programming,Hard
Intel,Partition equal subset sum,"Array, Dynamic Programming",Hard
Intel,Subset sum equals to target,"Array, Dynamic Programming",Hard
Intel,Convert Array to Doubly Linked List,"Doubly-Linked List, Hash Table",Easy
Intel,Insert before given node in Doubly Linked List,"Doubly-Linked List, Linked List",Easy
Intel,Insert node before (kth node) in Doubly Linked List,"Doubly-Linked List, Linked List",Easy
Intel,Insert node before tail in Doubly Linked List,"Doubly-Linked List, Linked List",Easy
Intel,Implement queue using Linkedlist,"Queue, Linked List",Easy
Intel,Implement Stack using Arrays,"Array, Stack",Easy
Intel,Implement stack using Linkedlist,"Stack, Linked List",Easy
Intel,Articulation point in graph,"Graph, Depth-First Search",Hard
Intel,Bridges in graph,"Biconnected Component, Depth-First Search",Hard
Intel,Kosaraju's algorithm,"Graph, Depth-First Search",Hard
Intel,Bipartite graph,"Breadth-First Search, Depth-First Search",Hard
Intel,Detect a cycle in an undirected graph,"Graph, Depth-First Search",Hard
Intel,Shortest path in DAG,"Graph, Topological Sort",Hard
Intel,Shortest path in undirected graph with unit weights,"Graph, Breadth-First Search",Hard
Intel,Making a large island,"Array, Breadth-First Search",Hard
Intel,Most stones removed with same row or column,"Depth-First Search, Graph",Medium
Intel,Disjoint Set,"Union Find, Algorithms",Hard
Intel,Bellman ford algorithm,"Dynamic Programming, Graph",Hard
Intel,Cheapest flight within K stops,"Breadth-First Search, Depth-First Search",Hard
Intel,Shortest Distance in a Binary Maze,"Array, Breadth-First Search",Hard
Intel,Traversal Techniques,"Depth-First Search, Breadth-First Search",Medium
Intel,Flood fill algorithm,"Array, Breadth-First Search",Medium
Intel,Number of islands,"Array, Breadth-First Search",Medium
Intel,Lemonade Change,"Array, Greedy",Easy
Intel,Insert Interval,Array,Medium
Intel,Shortest Job First,"Greedy, Sorting",Medium
Intel,Longest subarray with sum K,- Medium,Medium
Intel,Find Median from Data Stream,"Data Stream, Design",Hard
Intel,Maximum Sum Combination,"Array, Sorting",Hard
Intel,Convert Min Heap to Max Heap,"Array, Heap (Priority Queue)",Medium
Intel,Heapify Algorithm,"Array, Heap (Priority Queue)",Medium
Intel,Heap Sort,"Array, Heap (Priority Queue)",Medium
Intel,Remove duplicates from sorted DLL,"Doubly-Linked List, Linked List",Hard
Intel,Flattening of LL,"-, - Hard",Hard
Intel,Merge two Sorted Lists,"Linked List, Two Pointers",Hard
Intel,Add one to a number represented by LL,Linked List,Medium
Intel,Check if LL is palindrome or not,"Linked List, Recursion",Medium
Intel,Detect a loop in LL,"Hash Table, Linked List",Medium
Intel,Find the intersection point of Y LL,"Linked List, Two Pointers",Medium
Intel,Combination Sum,"Array, Backtracking",Medium
Intel,Subsets II,"Array, Backtracking",Medium
Intel,Word Search,"Array, Backtracking",Hard
Intel,Letter Combinations of a Phone Number,"Backtracking, Hash Table",Hard
Intel,Generate Parentheses,"Backtracking, Dynamic Programming",Medium
Intel,Check if there exists a subsequence with sum K,"Array, Dynamic Programming",Easy
Intel,Number of Substrings Containing All Three Characters,"Hash Table, Sliding Window",Hard
Intel,Fruit Into Baskets,"Array, Hash Table",Medium
Intel,Bubble Sort,"Array, Sorting",Easy
Intel,Quick Sorting,"Array, Sorting",Easy
Intel,Largest rectangle in a histogram,"Array, Monotonic Stack",Hard
Intel,Sliding Window Maximum,"Array, Heap (Priority Queue)",Hard
Intel,Asteroid Collision,"Array, Simulation",Medium
Intel,Sum of Subarray Ranges,"Array, Monotonic Stack",Medium
Intel,Longest happy prefix,"Hash Function, Rolling Hash",Hard
Intel,Z function,Math,Hard
Intel,Maximum Xor with an element from an array,"Array, Bit Manipulation",Hard
Intel,Number of distinct substrings in a string,"Hash Function, Rolling Hash",Medium
Intuit,Logger Rate Limiter,"Data Stream, Design",Easy
Intuit,Make String Anti-palindrome,"Counting Sort, Greedy",Hard
Intuit,Number of Substrings With Fixed Ratio,"Hash Table, Math",Medium
IVP,Minimum Time to Break Locks II,"Array, Depth-First Search",Hard
IXL,Design Snake Game,"Array, Design",Medium
IXL,Find the Derangement of An Array,"Combinatorics, Dynamic Programming",Hard
J.P Morgan,Count Strictly Increasing Subarrays,"Array, Dynamic Programming",Medium
J.P Morgan,Minimum Cost to Connect Sticks,"Array, Greedy",Medium
Jingchi,Basic Calculator III,"Math, Recursion",Hard
Johnson & Johnson,Find the repeating and missing number,"Array, Math",Hard
Johnson & Johnson,Merge two sorted arrays without extra space,"Linked List, Recursion",Medium
Johnson & Johnson,3 Sum,"Array, Sorting",Medium
Johnson & Johnson,Rearrange array elements by sign,"Array, Simulation",Medium
Johnson & Johnson,Intersection of two sorted arrays,"Array, Sorting",Easy
Johnson & Johnson,Union of two sorted arrays,"Array, Two Pointers",Easy
Johnson & Johnson,Find out how many times the array is rotated,"Array, Binary Search",Easy
Johnson & Johnson,First and last occurrence,"Array, Binary Search",Easy
Johnson & Johnson,Floor and Ceil in Sorted Array,"Array, Binary Search",Easy
Johnson & Johnson,Find square root of a number,"Array, Binary Search",Medium
Johnson & Johnson,Koko eating bananas,"Array, Binary Search",Medium
Johnson & Johnson,Minimum days to make M bouquets,"Array, Binary Search",Medium
Johnson & Johnson,Two sum in BST,"Binary Search Tree, Binary Tree",Hard
Johnson & Johnson,Check if a tree is a BST or not,"Tree, Depth-First Search",Medium
Johnson & Johnson,Delete a node in BST,"Tree, Binary Search Tree",Medium
Johnson & Johnson,Insert a given node in BST,"Tree, Binary Search Tree",Medium
Johnson & Johnson,Kth Smallest and Largest element in BST,"Binary Search Tree, Binary Tree",Medium
Johnson & Johnson,Search in BST,"Tree, Depth-First Search",Easy
Johnson & Johnson,Construct a BT from Postorder and Inorder,"Array, Hash Table",Hard
Johnson & Johnson,Construct a BT from Preorder and Inorder,"Array, Binary Tree",Hard
Johnson & Johnson,Requirements needed to construct a unique BT,"Traversal, Algorithms",Medium
Johnson & Johnson,Count total nodes in a complete BT,"Binary Search, Bit Manipulation",Easy
Johnson & Johnson,Print root to leaf path in BT,"String, Backtracking",Medium
Johnson & Johnson,Right/Left View of BT,"Tree, Depth-First Search",Medium
Johnson & Johnson,Inorder Traversal,"Binary Tree, Depth-First Search",Easy
Johnson & Johnson,Postorder Traversal,"Binary Tree, Depth-First Search",Easy
Johnson & Johnson,Morris Preorder Traversal,"Stack, Tree",Hard
Johnson & Johnson,Minimum Bit Flips to Convert Number,Bit Manipulation,Medium
Johnson & Johnson,Frog jump with K distances,Dynamic Programming,Medium
Johnson & Johnson,Grid unique paths,"Math, Dynamic Programming",Medium
Johnson & Johnson,Minimum Falling Path Sum,"Array, Dynamic Programming",Medium
Johnson & Johnson,Unique paths II,"Array, Dynamic Programming",Medium
Johnson & Johnson,Distinct subsequences,"Dynamic Programming, String",Hard
Johnson & Johnson,Edit distance,"Dynamic Programming, String",Hard
Johnson & Johnson,Longest common substring,"String, Dynamic Programming",Hard
Johnson & Johnson,Longest palindromic subsequence,"Dynamic Programming, String",Hard
Johnson & Johnson,Coin change II,"Array, Dynamic Programming",Hard
Johnson & Johnson,Rod cutting problem,"Array, Dynamic Programming",Hard
Johnson & Johnson,Matrix chain multiplication,"Array, Dynamic Programming",Hard
Johnson & Johnson,Minimum cost to cut the stick,"Array, Dynamic Programming",Hard
Johnson & Johnson,Palindrome partitioning II,"String, Dynamic Programming",Hard
Johnson & Johnson,Delete the element with value X,"Linked List, Hash Table",Easy
Johnson & Johnson,Deletion of the head of LL,Linked List,Easy
Johnson & Johnson,Deletion of the Kth element of Linked List,Linked List,Easy
Johnson & Johnson,Deletion of the tail of Linked List,"Linked List, Hash Table",Easy
Johnson & Johnson,Insert before given node in Doubly Linked List,"Doubly-Linked List, Linked List",Easy
Johnson & Johnson,Insertion at the head of Linked List,Linked List,Easy
Johnson & Johnson,Insert node before (kth node) in Doubly Linked List,"Doubly-Linked List, Linked List",Easy
Johnson & Johnson,Removing given node in Doubly Linked List,"Doubly-Linked List, Linked List",Easy
Johnson & Johnson,Implement Queue using Arrays,"Queue, Data Structures",Easy
Johnson & Johnson,Implement queue using Linkedlist,"Queue, Linked List",Easy
Johnson & Johnson,Implement stack using Linkedlist,"Stack, Linked List",Easy
Johnson & Johnson,Implement Stack using Queue,"Design, Queue",Easy
Johnson & Johnson,Articulation point in graph,"Graph, Depth-First Search",Hard
Johnson & Johnson,Bridges in graph,"Biconnected Component, Depth-First Search",Hard
Johnson & Johnson,Kosaraju's algorithm,"Graph, Depth-First Search",Hard
Johnson & Johnson,Detect a cycle in a directed graph,"Graph, Depth-First Search",Hard
Johnson & Johnson,Detect a cycle in an undirected graph,"Graph, Depth-First Search",Hard
Johnson & Johnson,Find eventual safe states,"Breadth-First Search, Depth-First Search",Hard
Johnson & Johnson,Floyd warshall algorithm,"Dynamic Programming, Graph",Hard
Johnson & Johnson,Minimum multiplications to reach end,"Array, Graph",Hard
Johnson & Johnson,Path with minimum effort,"Array, Binary Search",Hard
Johnson & Johnson,Print Shortest Path,"Breadth-First Search, Graph",Hard
Johnson & Johnson,Shortest Distance in a Binary Maze,"Array, Breadth-First Search",Hard
Johnson & Johnson,Connected Components,"Depth-First Search, Breadth-First Search",Medium
Johnson & Johnson,Traversal Techniques,"Depth-First Search, Breadth-First Search",Medium
Johnson & Johnson,Distance of nearest cell having one,"Array, Breadth-First Search",Medium
Johnson & Johnson,Flood fill algorithm,"Array, Breadth-First Search",Medium
Johnson & Johnson,Number of enclaves,"Array, Breadth-First Search",Medium
Johnson & Johnson,Rotten Oranges,"Array, Breadth-First Search",Medium
Johnson & Johnson,Valid Paranthesis Checker,"String, Stack",Hard
Johnson & Johnson,Job sequencing Problem,"Dynamic Programming, Greedy",Medium
Johnson & Johnson,Minimum number of platforms required for a railway,"Greedy, Sorting",Medium
Johnson & Johnson,Longest subarray with sum K,- Medium,Medium
Johnson & Johnson,Check if an array represents a min heap,"Array, Heap (Priority Queue)",Medium
Johnson & Johnson,Convert Min Heap to Max Heap,"Array, Heap (Priority Queue)",Medium
Johnson & Johnson,Implement Min Heap,"Array, Heap (Priority Queue)",Medium
Johnson & Johnson,K-th Largest element in an array,"Array, Divide and Conquer",Medium
Johnson & Johnson,Clone a LL with random and next pointer,Linked List,Hard
Johnson & Johnson,Merge two Sorted Lists,"Linked List, Two Pointers",Hard
Johnson & Johnson,Rotate a LL,"Linked List, Two Pointers",Hard
Johnson & Johnson,Check if LL is palindrome or not,"Linked List, Recursion",Medium
Johnson & Johnson,Delete the middle node in LL,"Linked List, Two Pointers",Medium
Johnson & Johnson,Detect a loop in LL,"Hash Table, Linked List",Medium
Johnson & Johnson,Combination Sum III,"Array, Backtracking",Medium
Johnson & Johnson,Rat in a Maze,"Recursion, Backtracking",Hard
Johnson & Johnson,Word Search,"Array, Backtracking",Hard
Johnson & Johnson,Count number of Nice subarrays,"Array, Hash Table",Hard
Johnson & Johnson,Longest Substring Without Repeating Characters,"Hash Table, Sliding Window",Medium
Johnson & Johnson,Insertion Sorting,"Array, Sorting",Easy
Johnson & Johnson,Quick Sorting,"Array, Sorting",Easy
Johnson & Johnson,Celebrity Problem,"Graph, Greedy",Hard
Johnson & Johnson,Implement Min Stack,"Design, Stack",Hard
Johnson & Johnson,Balanced Paranthesis,"String, Greedy",Easy
Johnson & Johnson,Asteroid Collision,"Array, Simulation",Medium
Johnson & Johnson,Sum of Subarray Minimums,"Array, Dynamic Programming",Medium
Johnson & Johnson,Sum of Subarray Ranges,"Array, Monotonic Stack",Medium
Johnson & Johnson,Shortest Palindrome,"Hash Function, Rolling Hash",Hard
Johnson & Johnson,Z function,Math,Hard
Johnson & Johnson,Maximum XOR of two numbers in an array,"Array, Bit Manipulation",Hard
Johnson & Johnson,Number of distinct substrings in a string,"Hash Function, Rolling Hash",Medium
JPMorgan Chase,Find the repeating and missing number,"Array, Math",Hard
JPMorgan Chase,Maximum Product Subarray in an Array,"Array, Dynamic Programming",Hard
JPMorgan Chase,Leaders in an Array,Array,Medium
JPMorgan Chase,Next Permutation,"Array, Two Pointers",Medium
JPMorgan Chase,Print the matrix in spiral manner,"Array, Matrix",Medium
JPMorgan Chase,Sort an array of 0's 1's and 2's,"Array, Sorting",Medium
JPMorgan Chase,Two Sum,"Array, Hash Table",Easy
JPMorgan Chase,Maximum Consecutive Ones,Array,Easy
JPMorgan Chase,Find row with maximum 1's,"Array, Matrix",Easy
JPMorgan Chase,Book Allocation Problem,Binary Search,Hard
JPMorgan Chase,Lower Bound,"Array, Binary Search",Easy
JPMorgan Chase,Search X in sorted array,"Array, Binary Search",Easy
JPMorgan Chase,Search insert position,"Array, Binary Search",Easy
JPMorgan Chase,Koko eating bananas,"Array, Binary Search",Medium
JPMorgan Chase,BST iterator,"Stack, Tree",Hard
JPMorgan Chase,Correct BST with two nodes swapped,"Tree, Depth-First Search",Hard
JPMorgan Chase,Largest BST in Binary Tree,"Binary Search, Binary Search Tree",Hard
JPMorgan Chase,Delete a node in BST,"Tree, Binary Search Tree",Medium
JPMorgan Chase,Insert a given node in BST,"Tree, Binary Search Tree",Medium
JPMorgan Chase,Kth Smallest and Largest element in BST,"Binary Search Tree, Binary Tree",Medium
JPMorgan Chase,Construct a BT from Postorder and Inorder,"Array, Hash Table",Hard
JPMorgan Chase,Serialize and De-serialize BT,"Binary Tree, Breadth-First Search",Hard
JPMorgan Chase,Bottom view of BT,"Tree, Data Structures",Medium
JPMorgan Chase,Boundary Traversal,"Tree, Data Structures",Medium
JPMorgan Chase,Top View of BT,"Binary Search Tree, Tree",Medium
JPMorgan Chase,Preorder Traversal,"Binary Tree, Depth-First Search",Easy
JPMorgan Chase,Divide two numbers without multiplication and division,"Bit Manipulation, Math",Medium
JPMorgan Chase,Single Number - II,"Array, Bit Manipulation",Medium
JPMorgan Chase,Single Number - III,"Array, Bit Manipulation",Medium
JPMorgan Chase,Grid unique paths,"Math, Dynamic Programming",Medium
JPMorgan Chase,Triangle,"Array, Dynamic Programming",Medium
JPMorgan Chase,Unique paths II,"Array, Dynamic Programming",Medium
JPMorgan Chase,Best time to buy and sell stock IV,"Array, Dynamic Programming",Medium
JPMorgan Chase,Longest common subsequence,"Dynamic Programming, String",Hard
JPMorgan Chase,Wildcard matching,"Dynamic Programming, Greedy",Hard
JPMorgan Chase,Count partitions with given difference,"Array, Math",Hard
JPMorgan Chase,Partition equal subset sum,"Array, Dynamic Programming",Hard
JPMorgan Chase,Burst balloons,"Array, Dynamic Programming",Hard
JPMorgan Chase,Deletion of the Kth element of Linked List,Linked List,Easy
JPMorgan Chase,Deletion of the tail of Linked List,"Linked List, Hash Table",Easy
JPMorgan Chase,Insertion at the head of Linked List,Linked List,Easy
JPMorgan Chase,Insertion before the value X in Linked List,Linked List,Easy
JPMorgan Chase,Insert node before (kth node) in Doubly Linked List,"Doubly-Linked List, Linked List",Easy
JPMorgan Chase,Kosaraju's algorithm,"Graph, Depth-First Search",Hard
JPMorgan Chase,Topological sort or Kahn's algorithm,"Graph, Depth-First Search",Hard
JPMorgan Chase,Shortest path in undirected graph with unit weights,"Graph, Breadth-First Search",Hard
JPMorgan Chase,Word ladder II,"Backtracking, Breadth-First Search",Hard
JPMorgan Chase,Number of operations to make network connected,"Depth-First Search, Breadth-First Search",Hard
JPMorgan Chase,Bellman ford algorithm,"Dynamic Programming, Graph",Hard
JPMorgan Chase,Cheapest flight within K stops,"Breadth-First Search, Depth-First Search",Hard
JPMorgan Chase,Dijkstra's algorithm,"Graph, Heap (Priority Queue)",Hard
JPMorgan Chase,Floyd warshall algorithm,"Dynamic Programming, Graph",Hard
JPMorgan Chase,Number of ways to arrive at destination,"Dynamic Programming, Graph",Hard
JPMorgan Chase,Print Shortest Path,"Breadth-First Search, Graph",Hard
JPMorgan Chase,Connected Components,"Depth-First Search, Breadth-First Search",Medium
JPMorgan Chase,Traversal Techniques,"Depth-First Search, Breadth-First Search",Medium
JPMorgan Chase,Surrounded Regions,"Array, Breadth-First Search",Medium
JPMorgan Chase,Assign Cookies,"Array, Greedy",Easy
JPMorgan Chase,N meetings in one room,"Greedy, Sorting",Medium
JPMorgan Chase,Count subarrays with given xor K,"Array, Hash Table",Hard
JPMorgan Chase,Find Median from Data Stream,"Data Stream, Design",Hard
JPMorgan Chase,Merge K sorted Lists,"Divide and Conquer, Heap (Priority Queue)",Hard
JPMorgan Chase,Implement Max Heap,"Array, Heap (Priority Queue)",Medium
JPMorgan Chase,Delete all occurrences of a key in DLL,"Doubly-Linked List, Linked List",Hard
JPMorgan Chase,Rotate a LL,"Linked List, Two Pointers",Hard
JPMorgan Chase,Add one to a number represented by LL,Linked List,Medium
JPMorgan Chase,Delete the middle node in LL,"Linked List, Two Pointers",Medium
JPMorgan Chase,Reverse a LL,Linked List,Medium
JPMorgan Chase,Segregate odd and even nodes in Linked List,Linked List,Medium
JPMorgan Chase,Count primes in range L to R,Math,Hard
JPMorgan Chase,Combination Sum,"Array, Backtracking",Medium
JPMorgan Chase,Combination Sum II,"Array, Backtracking",Medium
JPMorgan Chase,N Queen,"Recursion, Backtracking",Hard
JPMorgan Chase,Word Search,"Array, Backtracking",Hard
JPMorgan Chase,Power Set,"Recursion, Backtracking",Medium
JPMorgan Chase,Check if there exists a subsequence with sum K,"Array, Dynamic Programming",Easy
JPMorgan Chase,Maximum Points You Can Obtain from Cards,"Array, Prefix Sum",Medium
JPMorgan Chase,Binary Subarrays With Sum,"Array, Hash Table",Hard
JPMorgan Chase,Max Consecutive Ones III,"Array, Binary Search",Medium
JPMorgan Chase,Minimum Window Substring,"Hash Table, Sliding Window",Hard
JPMorgan Chase,Bubble Sort,"Array, Sorting",Easy
JPMorgan Chase,Insertion Sorting,"Array, Sorting",Easy
JPMorgan Chase,Selection Sort,"Array, Sorting",Easy
JPMorgan Chase,Celebrity Problem,"Graph, Greedy",Hard
JPMorgan Chase,Implement Min Stack,"Design, Stack",Hard
JPMorgan Chase,Trapping Rainwater,"Array, Dynamic Programming",Hard
JPMorgan Chase,Next Greater Element,"Array, Hash Table",Medium
JPMorgan Chase,Sum of Subarray Ranges,"Array, Monotonic Stack",Medium
JPMorgan Chase,Longest happy prefix,"Hash Function, Rolling Hash",Hard
JPMorgan Chase,Z function,Math,Hard
JPMorgan Chase,Maximum Xor with an element from an array,"Array, Bit Manipulation",Hard
JPMorgan Chase,Number of distinct substrings in a string,"Hash Function, Rolling Hash",Medium
KPMG,Majority Element-II,"Array, Counting",Hard
KPMG,3 Sum,"Array, Sorting",Medium
KPMG,Next Permutation,"Array, Two Pointers",Medium
KPMG,Sort an array of 0's 1's and 2's,"Array, Sorting",Medium
KPMG,Linear Search,"Array, Searching",Easy
KPMG,Move Zeros to End,"Array, Two Pointers",Easy
KPMG,Union of two sorted arrays,"Array, Two Pointers",Easy
KPMG,Find Peak Element - II,"Array, Binary Search",Medium
KPMG,Median of 2 sorted arrays,"Array, Binary Search",Hard
KPMG,Search X in sorted array,"Array, Binary Search",Easy
KPMG,Find minimum in Rotated Sorted Array,"Array, Binary Search",Easy
KPMG,Floor and Ceil in Sorted Array,"Array, Binary Search",Easy
KPMG,Find the smallest divisor,"Array, Binary Search",Medium
KPMG,Correct BST with two nodes swapped,"Tree, Depth-First Search",Hard
KPMG,Two sum in BST,"Binary Search Tree, Binary Tree",Hard
KPMG,LCA in BST,"Binary Search Tree, Binary Tree",Medium
KPMG,Serialize and De-serialize BT,"Binary Tree, Breadth-First Search",Hard
KPMG,Vertical Order Traversal,"Binary Tree, Breadth-First Search",Medium
KPMG,Level Order Traversal,"Binary Tree, Breadth-First Search",Easy
KPMG,Postorder Traversal,"Binary Tree, Depth-First Search",Easy
KPMG,"Pre, Post, Inorder in one traversal","Stack, Tree",Easy
KPMG,Morris Preorder Traversal,"Stack, Tree",Hard
KPMG,Single Number - II,"Array, Bit Manipulation",Medium
KPMG,Single Number - III,"Array, Bit Manipulation",Medium
KPMG,XOR of numbers in a given range,Brute,Medium
KPMG,Climbing stairs,"Dynamic Programming, Math",Medium
KPMG,Frog Jump,"Array, Dynamic Programming",Medium
KPMG,House robber,"Array, Dynamic Programming",Medium
KPMG,Minimum Falling Path Sum,"Array, Dynamic Programming",Medium
KPMG,Longest common subsequence,"Dynamic Programming, String",Hard
KPMG,Minimum insertions or deletions to convert string A to B,Dynamic Programming,Hard
KPMG,Coin change II,"Array, Dynamic Programming",Hard
KPMG,Count partitions with given difference,"Array, Math",Hard
KPMG,Count subsets with sum K,Dynamic Programming,Hard
KPMG,Burst balloons,"Array, Dynamic Programming",Hard
KPMG,Matrix chain multiplication,"Array, Dynamic Programming",Hard
KPMG,Minimum cost to cut the stick,"Array, Dynamic Programming",Hard
KPMG,Delete Tail of Doubly Linked List,"Doubly-Linked List, Hash Table",Easy
KPMG,Deletion of the Kth element of Linked List,Linked List,Easy
KPMG,Insertion at the tail of Linked List,Linked List,Easy
KPMG,Insert node before head in Doubly Linked List,"Doubly-Linked List, Linked List",Easy
KPMG,Implement Queue using Stack,"Design, Queue",Easy
KPMG,Implement stack using Linkedlist,"Stack, Linked List",Easy
KPMG,Bipartite graph,"Breadth-First Search, Depth-First Search",Hard
KPMG,Alien Dictionary,"Array, Breadth-First Search",Hard
KPMG,Course Schedule I,"Breadth-First Search, Depth-First Search",Hard
KPMG,Word ladder I,"Breadth-First Search, Hash Table",Hard
KPMG,Number of operations to make network connected,"Depth-First Search, Breadth-First Search",Hard
KPMG,Bellman ford algorithm,"Dynamic Programming, Graph",Hard
KPMG,Print Shortest Path,"Breadth-First Search, Graph",Hard
KPMG,Number of enclaves,"Array, Breadth-First Search",Medium
KPMG,Valid Paranthesis Checker,"String, Stack",Hard
KPMG,N meetings in one room,"Greedy, Sorting",Medium
KPMG,Check if an array represents a min heap,"Array, Heap (Priority Queue)",Medium
KPMG,Heapify Algorithm,"Array, Heap (Priority Queue)",Medium
KPMG,K-th Largest element in an array,"Array, Divide and Conquer",Medium
KPMG,Remove duplicates from sorted DLL,"Doubly-Linked List, Linked List",Hard
KPMG,Flattening of LL,"-, - Hard",Hard
KPMG,Merge two Sorted Lists,"Linked List, Two Pointers",Hard
KPMG,Length of loop in LL,"Linked List, Two Pointers",Medium
KPMG,Add two numbers in Linked List,"Linked List, Math",Medium
KPMG,Remove Nth node from the back of the LL,"Linked List, Two Pointers",Medium
KPMG,Prime factorisation of a Number,Math,Hard
KPMG,Combination Sum,"Array, Backtracking",Medium
KPMG,M Coloring Problem,"Recursion, Backtracking",Hard
KPMG,Generate Parentheses,"Backtracking, Dynamic Programming",Medium
KPMG,Max Consecutive Ones III,"Array, Binary Search",Medium
KPMG,Minimum Window Substring,"Hash Table, Sliding Window",Hard
KPMG,Bubble Sort,"Array, Sorting",Easy
KPMG,Selection Sort,"Array, Sorting",Easy
KPMG,Celebrity Problem,"Graph, Greedy",Hard
KPMG,Maximum Rectangles,"Array, Dynamic Programming. Stack",Hard
KPMG,Next Greater Element,"Array, Hash Table",Medium
KPMG,Next Greater Element - 2,"Array, Monotonic Stack",Medium
KPMG,Remove K Digits,"Greedy, Monotonic Stack",Medium
KPMG,Longest happy prefix,"Hash Function, Rolling Hash",Hard
KPMG,Maximum XOR of two numbers in an array,"Array, Bit Manipulation",Hard
KPMG,Maximum Xor with an element from an array,"Array, Bit Manipulation",Hard
Lime,Meeting Rooms II,"Array, Greedy",Medium
LinkedIn,Binary Tree Upside Down,"Binary Tree, Depth-First Search",Medium
LinkedIn,Closest Binary Search Tree Value,"Binary Search, Binary Search Tree",Easy
LinkedIn,Closest Leaf in a Binary Tree,"Binary Tree, Breadth-First Search",Medium
LinkedIn,Count Houses in a Circular Street II,"Data Stream, Design",Hard
LinkedIn,Dot Product of Two Sparse Vectors,"Array, Design",Medium
LinkedIn,Factor Combinations,Backtracking,Medium
LinkedIn,Find Leaves of Binary Tree,"Binary Tree, Depth-First Search",Medium
LinkedIn,Find the Celebrity,"Graph, Interactive",Medium
LinkedIn,Graph Valid Tree,"Breadth-First Search, Depth-First Search",Medium
LinkedIn,Lowest Common Ancestor of a Binary Tree II,"Binary Tree, Depth-First Search",Medium
LinkedIn,Lowest Common Ancestor of a Binary Tree III,"Binary Tree, Hash Table",Medium
LinkedIn,Max Stack,"Design, Doubly-Linked List",Hard
LinkedIn,Maximize Total Tastiness of Purchased Fruits,"Array, Dynamic Programming",Medium
LinkedIn,Minimum Knight Moves,Breadth-First Search,Medium
LinkedIn,Number of Connected Components in an Undirected Graph,"Breadth-First Search, Depth-First Search",Easy
LinkedIn,Number of Divisible Triplet Sums,"Array, Hash Table",Medium
LinkedIn,Paint House,"Array, Dynamic Programming",Medium
LinkedIn,Shortest Word Distance,"Array, String",Easy
LinkedIn,Shortest Word Distance II,"Array, Design",Medium
LinkedIn,Shortest Word Distance III,"Array, String",Easy
LinkedIn,Sort Transformed Array,"Array, Math",Medium
LinkedIn,Sparse Matrix Multiplication,"Array, Hash Table",Medium
LinkedIn,Two Sum III – Data Structure Design,"Array, Data Stream",Easy
Lyft,Majority Element-I,"Array, Counting",Easy
Lyft,Majority Element-II,"Array, Counting",Hard
Lyft,Leaders in an Array,Array,Medium
Lyft,Pascal's Triangle III,"Array, Dynamic Programming",Medium
Lyft,Rearrange array elements by sign,"Array, Simulation",Medium
Lyft,Rotate matrix by 90 degrees,"Array, Math",Medium
Lyft,Two Sum,"Array, Hash Table",Easy
Lyft,Linear Search,"Array, Searching",Easy
Lyft,Find missing number,"Array, Bit Manipulation",Easy
Lyft,Union of two sorted arrays,"Array, Two Pointers",Easy
Lyft,Search in a 2D matrix,"Array, Binary Search",Hard
Lyft,Aggressive Cows,Binary Search,Hard
Lyft,Median of 2 sorted arrays,"Array, Binary Search",Hard
Lyft,Lower Bound,"Array, Binary Search",Easy
Lyft,Search X in sorted array,"Array, Binary Search",Easy
Lyft,Floor and Ceil in Sorted Array,"Array, Binary Search",Easy
Lyft,Search in rotated sorted array-I,"Array, Binary Search",Medium
Lyft,Find Nth root of a number,"Array, Binary Search",Medium
Lyft,Koko eating bananas,"Array, Binary Search",Medium
Lyft,Minimum days to make M bouquets,"Array, Binary Search",Medium
Lyft,BST iterator,"Stack, Tree",Hard
Lyft,Delete a node in BST,"Tree, Binary Search Tree",Medium
Lyft,Inorder successor and predecessor in BST,"Binary Search Tree, Tree",Medium
Lyft,Kth Smallest and Largest element in BST,"Binary Search Tree, Binary Tree",Medium
Lyft,Floor and Ceil in a BST,"Binary Search Tree, Data Structures",Easy
Lyft,Search in BST,"Tree, Depth-First Search",Easy
Lyft,Boundary Traversal,"Tree, Data Structures",Medium
Lyft,LCA in BT,"Binary Tree, Depth-First Search",Hard
Lyft,Print root to leaf path in BT,"String, Backtracking",Medium
Lyft,Right/Left View of BT,"Tree, Depth-First Search",Medium
Lyft,Check for balanced binary tree,"Tree, Data Structures",Medium
Lyft,Postorder Traversal,"Binary Tree, Depth-First Search",Easy
Lyft,Morris Preorder Traversal,"Stack, Tree",Hard
Lyft,Morris Inorder Traversal,"Stack, Tree",Hard
Lyft,Power Set Bit Manipulation,"Math, Bit Manipulation",Medium
Lyft,Single Number - III,"Array, Bit Manipulation",Medium
Lyft,XOR of numbers in a given range,Brute,Medium
Lyft,Climbing stairs,"Dynamic Programming, Math",Medium
Lyft,Frog Jump,"Array, Dynamic Programming",Medium
Lyft,Frog jump with K distances,Dynamic Programming,Medium
Lyft,House robber,"Array, Dynamic Programming",Medium
Lyft,Best time to buy and sell stock,"Array, Dynamic Programming",Medium
Lyft,Best time to buy and sell stock IV,"Array, Dynamic Programming",Medium
Lyft,Minimum insertions or deletions to convert string A to B,Dynamic Programming,Hard
Lyft,Wildcard matching,"Dynamic Programming, Greedy",Hard
Lyft,Count subsets with sum K,Dynamic Programming,Hard
Lyft,Minimum coins,Dynamic Programming,Hard
Lyft,Unbounded knapsack,Dynamic Programming,Hard
Lyft,Delete head of Doubly Linked List,"Doubly-Linked List, Hash Table",Easy
Lyft,Insertion at the Kth position of Linked List,Linked List,Easy
Lyft,Insert node before head in Doubly Linked List,"Doubly-Linked List, Linked List",Easy
Lyft,Implement Stack using Queue,"Design, Queue",Easy
Lyft,Kosaraju's algorithm,"Graph, Depth-First Search",Hard
Lyft,Bipartite graph,"Breadth-First Search, Depth-First Search",Hard
Lyft,Find eventual safe states,"Breadth-First Search, Depth-First Search",Hard
Lyft,Shortest path in DAG,"Graph, Topological Sort",Hard
Lyft,Bellman ford algorithm,"Dynamic Programming, Graph",Hard
Lyft,Minimum multiplications to reach end,"Array, Graph",Hard
Lyft,Print Shortest Path,"Breadth-First Search, Graph",Hard
Lyft,Traversal Techniques,"Depth-First Search, Breadth-First Search",Medium
Lyft,Segregate odd and even nodes in Linked List,Linked List,Medium
Lyft,Count primes in range L to R,Math,Hard
Lyft,Prime factorisation of a Number,Math,Hard
Lyft,Max Stack,"Design, Doubly-Linked List",Hard
Lyft,Meeting Rooms II,"Array, Greedy",Medium
Lyft,Combination Sum II,"Array, Backtracking",Medium
Lyft,Combination Sum III,"Array, Backtracking",Medium
Lyft,N Queen,"Recursion, Backtracking",Hard
Lyft,Generate Parentheses,"Backtracking, Dynamic Programming",Medium
Lyft,Count all subsequences with sum K,Recursion,Easy
Lyft,Maximum Points You Can Obtain from Cards,"Array, Prefix Sum",Medium
Lyft,Binary Subarrays With Sum,"Array, Hash Table",Hard
Lyft,Fruit Into Baskets,"Array, Hash Table",Medium
Lyft,Max Consecutive Ones III,"Array, Binary Search",Medium
Lyft,Minimum Window Substring,"Hash Table, Sliding Window",Hard
Lyft,Implement Min Stack,"Design, Stack",Hard
Lyft,LRU Cache,"Design, Doubly-Linked List",Medium
Lyft,Stock span problem,"Array, Stack",Hard
Lyft,KMP Algorithm or LPS array,"String, Rolling Hash",Hard
Lyft,Minimum number of bracket reversals to make an expression balanced,"String, Stack",Hard
Lyft,Maximum XOR of two numbers in an array,"Array, Bit Manipulation",Hard
MakeMyTrip,Largest Subarray with Sum 0,"Array, Hash Table",Medium
MakeMyTrip,Sum Of Special Evenly-Spaced Elements In Array,"Array, Dynamic Programming",Hard
Mastercard,Count Inversions,"Array, Divide and Conquer",Hard
Mastercard,Maximum Product Subarray in an Array,"Array, Dynamic Programming",Hard
Mastercard,3 Sum,"Array, Sorting",Medium
Mastercard,Kadane's Algorithm,"Array, Dynamic Programming",Medium
Mastercard,Leaders in an Array,Array,Medium
Mastercard,Maximum Consecutive Ones,Array,Easy
Mastercard,Find missing number,"Array, Bit Manipulation",Easy
Mastercard,Find Peak Element - II,"Array, Binary Search",Medium
Mastercard,Matrix Median,"Matrix, Binary Search",Hard
Mastercard,Search in a 2D matrix,"Array, Binary Search",Hard
Mastercard,Find peak element,"Array, Binary Search",Medium
Mastercard,Search X in sorted array,"Array, Binary Search",Easy
Mastercard,Floor and Ceil in Sorted Array,"Array, Binary Search",Easy
Mastercard,Search in rotated sorted array-II,"Array, Binary Search",Medium
Mastercard,Find the smallest divisor,"Array, Binary Search",Medium
Mastercard,Koko eating bananas,"Array, Binary Search",Medium
Mastercard,Two sum in BST,"Binary Search Tree, Binary Tree",Hard
Mastercard,Kth Smallest and Largest element in BST,"Binary Search Tree, Binary Tree",Medium
Mastercard,Search in BST,"Tree, Depth-First Search",Easy
Mastercard,Bottom view of BT,"Tree, Data Structures",Medium
Mastercard,Boundary Traversal,"Tree, Data Structures",Medium
Mastercard,LCA in BT,"Binary Tree, Depth-First Search",Hard
Mastercard,Minimum time taken to burn the BT from a given Node,"Hash Table, Tree",Hard
Mastercard,Diameter of Binary Tree,"Binary Tree, Depth-First Search",Easy
Mastercard,Maximum Depth in BT,"Binary Tree, Breadth-First Search",Medium
Mastercard,Level Order Traversal,"Binary Tree, Breadth-First Search",Easy
Mastercard,Preorder Traversal,"Binary Tree, Depth-First Search",Easy
Mastercard,Maximum sum of non adjacent elements,"Array, Divide and Conquer",Medium
Mastercard,Unique paths II,"Array, Dynamic Programming",Medium
Mastercard,Best time to buy and sell stock II,"Array, Dynamic Programming",Medium
Mastercard,Longest palindromic subsequence,"Dynamic Programming, String",Hard
Mastercard,Minimum insertions to make string palindrome,"Dynamic Programming, String",Hard
Mastercard,Minimum coins,Dynamic Programming,Hard
Mastercard,Unbounded knapsack,Dynamic Programming,Hard
Mastercard,Burst balloons,"Array, Dynamic Programming",Hard
Mastercard,Minimum cost to cut the stick,"Array, Dynamic Programming",Hard
Mastercard,Insertion at the tail of Linked List,Linked List,Easy
Mastercard,Insertion before the value X in Linked List,Linked List,Easy
Mastercard,Insert node before (kth node) in Doubly Linked List,"Doubly-Linked List, Linked List",Easy
Mastercard,Insert node before tail in Doubly Linked List,"Doubly-Linked List, Linked List",Easy
Mastercard,Removing given node in Doubly Linked List,"Doubly-Linked List, Linked List",Easy
Mastercard,Implement queue using Linkedlist,"Queue, Linked List",Easy
Mastercard,Implement Queue using Stack,"Design, Queue",Easy
Mastercard,Implement Stack using Queue,"Design, Queue",Easy
Mastercard,Detect a cycle in a directed graph,"Graph, Depth-First Search",Hard
Mastercard,Detect a cycle in an undirected graph,"Graph, Depth-First Search",Hard
Mastercard,Topological sort or Kahn's algorithm,"Graph, Depth-First Search",Hard
Mastercard,Word ladder II,"Backtracking, Breadth-First Search",Hard
Mastercard,Cheapest flight within K stops,"Breadth-First Search, Depth-First Search",Hard
Mastercard,Find the city with the smallest number of neighbors,"Dynamic Programming, Graph",Hard
Mastercard,Connected Components,"Depth-First Search, Breadth-First Search",Medium
Mastercard,Jump Game - I,"Array, Dynamic Programming",Easy
Mastercard,Insert Interval,Array,Medium
Mastercard,N meetings in one room,"Greedy, Sorting",Medium
Mastercard,Non-overlapping Intervals,"Greedy, Sorting",Medium
Mastercard,Check if an array represents a min heap,"Array, Heap (Priority Queue)",Medium
Mastercard,K-th Largest element in an array,"Array, Divide and Conquer",Medium
Mastercard,Delete all occurrences of a key in DLL,"Doubly-Linked List, Linked List",Hard
Mastercard,Rotate a LL,"Linked List, Two Pointers",Hard
Mastercard,Sort LL,"Divide and Conquer, Linked List",Hard
Mastercard,Reverse a LL,Linked List,Medium
Mastercard,Count primes in range L to R,Math,Hard
Mastercard,Print all primes till N,Math,Hard
Mastercard,Combination Sum,"Array, Backtracking",Medium
Mastercard,Combination Sum III,"Array, Backtracking",Medium
Mastercard,N Queen,"Recursion, Backtracking",Hard
Mastercard,Palindrome partitioning,"Backtracking, Dynamic Programming",Hard
Mastercard,Letter Combinations of a Phone Number,"Backtracking, Hash Table",Hard
Mastercard,Maximum Points You Can Obtain from Cards,"Array, Prefix Sum",Medium
Mastercard,Insertion Sorting,"Array, Sorting",Easy
Mastercard,Merge Sorting,"Array, Sorting",Medium
Mastercard,Quick Sorting,"Array, Sorting",Easy
Mastercard,Largest rectangle in a histogram,"Array, Monotonic Stack",Hard
Mastercard,Sum of Subarray Minimums,"Array, Dynamic Programming",Medium
Mastercard,Longest happy prefix,"Hash Function, Rolling Hash",Hard
Mastercard,Rabin Karp Algorithm,"String, String Matching",Hard
Mastercard,Count and say,String,Hard
MathWorks,Number of Divisible Triplet Sums,"Array, Hash Table",Medium
McKinsey & Company,Majority Element-II,"Array, Counting",Hard
McKinsey & Company,Kadane's Algorithm,"Array, Dynamic Programming",Medium
McKinsey & Company,Leaders in an Array,Array,Medium
McKinsey & Company,Rotate matrix by 90 degrees,"Array, Math",Medium
McKinsey & Company,Sort an array of 0's 1's and 2's,"Array, Sorting",Medium
McKinsey & Company,Two Sum,"Array, Hash Table",Easy
McKinsey & Company,Linear Search,"Array, Searching",Easy
McKinsey & Company,Find row with maximum 1's,"Array, Matrix",Easy
McKinsey & Company,Matrix Median,"Matrix, Binary Search",Hard
McKinsey & Company,Search in a 2D matrix,"Array, Binary Search",Hard
McKinsey & Company,Search X in sorted array,"Array, Binary Search",Easy
McKinsey & Company,Floor and Ceil in Sorted Array,"Array, Binary Search",Easy
McKinsey & Company,Search in rotated sorted array-I,"Array, Binary Search",Medium
McKinsey & Company,Search in rotated sorted array-II,"Array, Binary Search",Medium
McKinsey & Company,Single element in sorted array,"Array, Binary Search",Medium
McKinsey & Company,Find Nth root of a number,"Array, Binary Search",Medium
McKinsey & Company,Find square root of a number,"Array, Binary Search",Medium
McKinsey & Company,Koko eating bananas,"Array, Binary Search",Medium
McKinsey & Company,Correct BST with two nodes swapped,"Tree, Depth-First Search",Hard
McKinsey & Company,Largest BST in Binary Tree,"Binary Search, Binary Search Tree",Hard
McKinsey & Company,LCA in BST,"Binary Search Tree, Binary Tree",Medium
McKinsey & Company,Floor and Ceil in a BST,"Binary Search Tree, Data Structures",Easy
McKinsey & Company,Requirements needed to construct a unique BT,"Traversal, Algorithms",Medium
McKinsey & Company,Serialize and De-serialize BT,"Binary Tree, Breadth-First Search",Hard
McKinsey & Company,Vertical Order Traversal,"Binary Tree, Breadth-First Search",Medium
McKinsey & Company,Check if two trees are identical or not,"Tree, Depth-First Search",Medium
McKinsey & Company,Maximum Depth in BT,"Binary Tree, Breadth-First Search",Medium
McKinsey & Company,Postorder Traversal,"Binary Tree, Depth-First Search",Easy
McKinsey & Company,"Pre, Post, Inorder in one traversal","Stack, Tree",Easy
McKinsey & Company,Morris Preorder Traversal,"Stack, Tree",Hard
McKinsey & Company,Divide two numbers without multiplication and division,"Bit Manipulation, Math",Medium
McKinsey & Company,Minimum Bit Flips to Convert Number,Bit Manipulation,Medium
McKinsey & Company,XOR of numbers in a given range,Brute,Medium
McKinsey & Company,Frog jump with K distances,Dynamic Programming,Medium
McKinsey & Company,House robber,"Array, Dynamic Programming",Medium
McKinsey & Company,Maximum sum of non adjacent elements,"Array, Divide and Conquer",Medium
McKinsey & Company,Triangle,"Array, Dynamic Programming",Medium
McKinsey & Company,Best time to buy and sell stock IV,"Array, Dynamic Programming",Medium
McKinsey & Company,Distinct subsequences,"Dynamic Programming, String",Hard
McKinsey & Company,Edit distance,"Dynamic Programming, String",Hard
McKinsey & Company,Longest common subsequence,"Dynamic Programming, String",Hard
McKinsey & Company,Longest palindromic subsequence,"Dynamic Programming, String",Hard
McKinsey & Company,Wildcard matching,"Dynamic Programming, Greedy",Hard
McKinsey & Company,Minimum coins,Dynamic Programming,Hard
McKinsey & Company,Rod cutting problem,"Array, Dynamic Programming",Hard
McKinsey & Company,Matrix chain multiplication,"Array, Dynamic Programming",Hard
McKinsey & Company,Minimum cost to cut the stick,"Array, Dynamic Programming",Hard
McKinsey & Company,Delete head of Doubly Linked List,"Doubly-Linked List, Hash Table",Easy
McKinsey & Company,Delete Tail of Doubly Linked List,"Doubly-Linked List, Hash Table",Easy
McKinsey & Company,Delete the element with value X,"Linked List, Hash Table",Easy
McKinsey & Company,Deletion of the head of LL,Linked List,Easy
McKinsey & Company,Deletion of the Kth element of Linked List,Linked List,Easy
McKinsey & Company,Deletion of the tail of Linked List,"Linked List, Hash Table",Easy
McKinsey & Company,Insertion at the Kth position of Linked List,Linked List,Easy
McKinsey & Company,Bipartite graph,"Breadth-First Search, Depth-First Search",Hard
McKinsey & Company,Detect a cycle in a directed graph,"Graph, Depth-First Search",Hard
McKinsey & Company,Course Schedule I,"Breadth-First Search, Depth-First Search",Hard
McKinsey & Company,Course Schedule II,"Breadth-First Search, Depth-First Search",Medium
McKinsey & Company,Shortest path in DAG,"Graph, Topological Sort",Hard
McKinsey & Company,Word ladder I,"Breadth-First Search, Hash Table",Hard
McKinsey & Company,Word ladder II,"Backtracking, Breadth-First Search",Hard
McKinsey & Company,Accounts merge,"Array, Hash Table",Hard
McKinsey & Company,Most stones removed with same row or column,"Depth-First Search, Graph",Medium
McKinsey & Company,Cheapest flight within K stops,"Breadth-First Search, Depth-First Search",Hard
McKinsey & Company,Find the city with the smallest number of neighbors,"Dynamic Programming, Graph",Hard
McKinsey & Company,Minimum multiplications to reach end,"Array, Graph",Hard
McKinsey & Company,Path with minimum effort,"Array, Binary Search",Hard
McKinsey & Company,Shortest Distance in a Binary Maze,"Array, Breadth-First Search",Hard
McKinsey & Company,Number of islands,"Array, Breadth-First Search",Medium
McKinsey & Company,Number of provinces,"Breadth-First Search, Depth-First Search",Medium
McKinsey & Company,Assign Cookies,"Array, Greedy",Easy
McKinsey & Company,Lemonade Change,"Array, Greedy",Easy
McKinsey & Company,Candy,"Array, Greedy",Hard
McKinsey & Company,Insert Interval,Array,Medium
McKinsey & Company,Job sequencing Problem,"Dynamic Programming, Greedy",Medium
McKinsey & Company,N meetings in one room,"Greedy, Sorting",Medium
McKinsey & Company,Non-overlapping Intervals,"Greedy, Sorting",Medium
McKinsey & Company,Design Twitter,"Design, Hash Table",Medium
McKinsey & Company,Merge K sorted Lists,"Divide and Conquer, Heap (Priority Queue)",Hard
McKinsey & Company,Heap Sort,"Array, Heap (Priority Queue)",Medium
McKinsey & Company,Implement Max Heap,"Array, Heap (Priority Queue)",Medium
McKinsey & Company,Delete all occurrences of a key in DLL,"Doubly-Linked List, Linked List",Hard
McKinsey & Company,Remove duplicates from sorted DLL,"Doubly-Linked List, Linked List",Hard
McKinsey & Company,Reverse LL in group of given size K,"Linked List, Recursion",Hard
McKinsey & Company,Rotate a LL,"Linked List, Two Pointers",Hard
McKinsey & Company,Sort LL,"Divide and Conquer, Linked List",Hard
McKinsey & Company,Detect a loop in LL,"Hash Table, Linked List",Medium
McKinsey & Company,Traversal in Linked List,Linked List,Easy
McKinsey & Company,Add two numbers in Linked List,"Linked List, Math",Medium
McKinsey & Company,Reverse a LL,Linked List,Medium
McKinsey & Company,Print all primes till N,Math,Hard
McKinsey & Company,M Coloring Problem,"Recursion, Backtracking",Hard
McKinsey & Company,Rat in a Maze,"Recursion, Backtracking",Hard
McKinsey & Company,Sudoku Solver,"Array, Backtracking",Hard
McKinsey & Company,Word Search,"Array, Backtracking",Hard
McKinsey & Company,Binary Subarrays With Sum,"Array, Hash Table",Hard
McKinsey & Company,Count number of Nice subarrays,"Array, Hash Table",Hard
McKinsey & Company,Number of Substrings Containing All Three Characters,"Hash Table, Sliding Window",Hard
McKinsey & Company,Longest Substring Without Repeating Characters,"Hash Table, Sliding Window",Medium
McKinsey & Company,Insertion Sorting,"Array, Sorting",Easy
McKinsey & Company,Quick Sorting,"Array, Sorting",Easy
McKinsey & Company,Selection Sort,"Array, Sorting",Easy
McKinsey & Company,Largest rectangle in a histogram,"Array, Monotonic Stack",Hard
McKinsey & Company,Sliding Window Maximum,"Array, Heap (Priority Queue)",Hard
McKinsey & Company,Longest happy prefix,"Hash Function, Rolling Hash",Hard
McKinsey & Company,Count and say,String,Hard
McKinsey & Company,Reverse every word in a string,String,Medium
McKinsey & Company,Number of distinct substrings in a string,"Hash Function, Rolling Hash",Medium
McKinsey & Company,Trie Implementation and Operations,"Trie, Implementation",Hard
Media.net,Maximum XOR of Two Non Overlapping Subtrees,"Depth-First Search, Graph",Easy
Media.net,Minimum Cost to Buy Apples,"Array, Graph",Hard
Media.net,Sum of Remoteness of All Cells,"Array, Breadth-First Search",Medium
Medtronic,Majority Element-I,"Array, Counting",Easy
Medtronic,Print the matrix in spiral manner,"Array, Matrix",Medium
Medtronic,Move Zeros to End,"Array, Two Pointers",Easy
Medtronic,Union of two sorted arrays,"Array, Two Pointers",Easy
Medtronic,Search in 2D matrix - II,"Array, Binary Search",Hard
Medtronic,Search in a 2D matrix,"Array, Binary Search",Hard
Medtronic,Book Allocation Problem,Binary Search,Hard
Medtronic,Search in rotated sorted array-I,"Array, Binary Search",Medium
Medtronic,Koko eating bananas,"Array, Binary Search",Medium
Medtronic,Minimum days to make M bouquets,"Array, Binary Search",Medium
Medtronic,Two sum in BST,"Binary Search Tree, Binary Tree",Hard
Medtronic,Check if a tree is a BST or not,"Tree, Depth-First Search",Medium
Medtronic,Delete a node in BST,"Tree, Binary Search Tree",Medium
Medtronic,Kth Smallest and Largest element in BST,"Binary Search Tree, Binary Tree",Medium
Medtronic,Floor and Ceil in a BST,"Binary Search Tree, Data Structures",Easy
Medtronic,Construct a BT from Postorder and Inorder,"Array, Hash Table",Hard
Medtronic,Requirements needed to construct a unique BT,"Traversal, Algorithms",Medium
Medtronic,Count total nodes in a complete BT,"Binary Search, Bit Manipulation",Easy
Medtronic,Maximum Width of BT,"Binary Tree, Breadth-First Search",Medium
Medtronic,Top View of BT,"Binary Search Tree, Tree",Medium
Medtronic,Vertical Order Traversal,"Binary Tree, Breadth-First Search",Medium
Medtronic,Maximum path sum,"Binary Tree, Depth-First Search",Medium
Medtronic,Inorder Traversal,"Binary Tree, Depth-First Search",Easy
Medtronic,Preorder Traversal,"Binary Tree, Depth-First Search",Easy
Medtronic,Morris Preorder Traversal,"Stack, Tree",Hard
Medtronic,Divide two numbers without multiplication and division,"Bit Manipulation, Math",Medium
Medtronic,Power Set Bit Manipulation,"Math, Bit Manipulation",Medium
Medtronic,Single Number - II,"Array, Bit Manipulation",Medium
Medtronic,XOR of numbers in a given range,Brute,Medium
Medtronic,Cherry pickup II,"Array, Dynamic Programming",Hard
Medtronic,Best time to buy and sell stock,"Array, Dynamic Programming",Medium
Medtronic,Best time to buy and sell stock II,"Array, Dynamic Programming",Medium
Medtronic,Best time to buy and sell stock with transaction fees,"Array, Dynamic Programming",Medium
Medtronic,Wildcard matching,"Dynamic Programming, Greedy",Hard
Medtronic,0 and 1 Knapsack,Dynamic Programming,Hard
Medtronic,Count partitions with given difference,"Array, Math",Hard
Medtronic,Partition a set into two subsets with minimum absolute sum difference,Dynamic Programming,Hard
Medtronic,Partition equal subset sum,"Array, Dynamic Programming",Hard
Medtronic,Subset sum equals to target,"Array, Dynamic Programming",Hard
Medtronic,Target sum,"Array, Backtracking",Hard
Medtronic,Minimum cost to cut the stick,"Array, Dynamic Programming",Hard
Medtronic,Palindrome partitioning II,"String, Dynamic Programming",Hard
Medtronic,Convert Array to Doubly Linked List,"Doubly-Linked List, Hash Table",Easy
Medtronic,Delete head of Doubly Linked List,"Doubly-Linked List, Hash Table",Easy
Medtronic,Delete Kth Element of Doubly Linked List,"Doubly-Linked List, Hash Table",Easy
Medtronic,Insertion at the tail of Linked List,Linked List,Easy
Medtronic,Insert node before (kth node) in Doubly Linked List,"Doubly-Linked List, Linked List",Easy
Medtronic,Removing given node in Doubly Linked List,"Doubly-Linked List, Linked List",Easy
Medtronic,Implement Queue using Arrays,"Queue, Data Structures",Easy
Medtronic,Implement queue using Linkedlist,"Queue, Linked List",Easy
Medtronic,Detect a cycle in a directed graph,"Graph, Depth-First Search",Hard
Medtronic,Shortest path in DAG,"Graph, Topological Sort",Hard
Medtronic,Word ladder I,"Breadth-First Search, Hash Table",Hard
Medtronic,Disjoint Set,"Union Find, Algorithms",Hard
Medtronic,Number of ways to arrive at destination,"Dynamic Programming, Graph",Hard
Medtronic,Distance of nearest cell having one,"Array, Breadth-First Search",Medium
Medtronic,Rotten Oranges,"Array, Breadth-First Search",Medium
Medtronic,Lemonade Change,"Array, Greedy",Easy
Medtronic,Candy,"Array, Greedy",Hard
Medtronic,Minimum number of platforms required for a railway,"Greedy, Sorting",Medium
Medtronic,Longest subarray with sum K,- Medium,Medium
Medtronic,Design Twitter,"Design, Hash Table",Medium
Medtronic,Kth largest element in a stream of running integers,"Binary Search Tree, Binary Tree",Hard
Medtronic,Implement Min Heap,"Array, Heap (Priority Queue)",Medium
Medtronic,K-th Largest element in an array,"Array, Divide and Conquer",Medium
Medtronic,Delete all occurrences of a key in DLL,"Doubly-Linked List, Linked List",Hard
Medtronic,Rotate a LL,"Linked List, Two Pointers",Hard
Medtronic,Detect a loop in LL,"Hash Table, Linked List",Medium
Medtronic,Segregate odd and even nodes in Linked List,Linked List,Medium
Medtronic,Prime factorisation of a Number,Math,Hard
Medtronic,Print all primes till N,Math,Hard
Medtronic,Combination Sum III,"Array, Backtracking",Medium
Medtronic,M Coloring Problem,"Recursion, Backtracking",Hard
Medtronic,Palindrome partitioning,"Backtracking, Dynamic Programming",Hard
Medtronic,Sudoku Solver,"Array, Backtracking",Hard
Medtronic,Word Search,"Array, Backtracking",Hard
Medtronic,"Pow(x,n)","Math, Recursion",Medium
Medtronic,Minimum Window Substring,"Hash Table, Sliding Window",Hard
Medtronic,Insertion Sorting,"Array, Sorting",Easy
Medtronic,Merge Sorting,"Array, Sorting",Medium
Medtronic,Quick Sorting,"Array, Sorting",Easy
Medtronic,Celebrity Problem,"Graph, Greedy",Hard
Medtronic,Stock span problem,"Array, Stack",Hard
Medtronic,Rabin Karp Algorithm,"String, String Matching",Hard
Medtronic,Count and say,String,Hard
Medtronic,Minimum number of bracket reversals to make an expression balanced,"String, Stack",Hard
Medtronic,Trie Implementation and Operations,"Trie, Implementation",Hard
Meta,Count Inversions,"Array, Divide and Conquer",Hard
Meta,Find the repeating and missing number,"Array, Math",Hard
Meta,Majority Element-I,"Array, Counting",Easy
Meta,Majority Element-II,"Array, Counting",Hard
Meta,Maximum Product Subarray in an Array,"Array, Dynamic Programming",Hard
Meta,Merge two sorted arrays without extra space,"Linked List, Recursion",Medium
Meta,Reverse Pairs,"Array, Binary Indexed Tree",Hard
Meta,3 Sum,"Array, Sorting",Medium
Meta,Kadane's Algorithm,"Array, Dynamic Programming",Medium
Meta,Next Permutation,"Array, Two Pointers",Medium
Meta,Sort an array of 0's 1's and 2's,"Array, Sorting",Medium
Meta,Two Sum,"Array, Hash Table",Easy
Meta,Basic Calculator III,"Math, Recursion",Hard
Meta,Best Meeting Point,"Array, Math",Hard
Meta,Binary Search Tree Iterator II,"Binary Search Tree, Binary Tree",Medium
Meta,Binary Tree Vertical Order Traversal,"Binary Tree, Breadth-First Search",Medium
Meta,Find Peak Element - II,"Array, Binary Search",Medium
Meta,Find row with maximum 1's,"Array, Matrix",Easy
Meta,Matrix Median,"Matrix, Binary Search",Hard
Meta,Search in 2D matrix - II,"Array, Binary Search",Hard
Meta,Search in a 2D matrix,"Array, Binary Search",Hard
Meta,Aggressive Cows,Binary Search,Hard
Meta,Book Allocation Problem,Binary Search,Hard
Meta,Find peak element,"Array, Binary Search",Medium
Meta,Kth element of 2 sorted arrays,"Array, Divide and Conquer",Medium
Meta,Median of 2 sorted arrays,"Array, Binary Search",Hard
Meta,Split array - largest sum,"Array, Binary Search",Hard
Meta,Find the smallest divisor,"Array, Binary Search",Medium
Meta,Koko eating bananas,"Array, Binary Search",Medium
Meta,Minimum days to make M bouquets,"Array, Binary Search",Medium
Meta,BST iterator,"Stack, Tree",Hard
Meta,Correct BST with two nodes swapped,"Tree, Depth-First Search",Hard
Meta,Largest BST in Binary Tree,"Binary Search, Binary Search Tree",Hard
Meta,Two sum in BST,"Binary Search Tree, Binary Tree",Hard
Meta,Check if a tree is a BST or not,"Tree, Depth-First Search",Medium
Meta,Construct a BST from a preorder traversal,"Array, Binary Search Tree",Medium
Meta,Delete a node in BST,"Tree, Binary Search Tree",Medium
Meta,Inorder successor and predecessor in BST,"Binary Search Tree, Tree",Medium
Meta,Insert a given node in BST,"Tree, Binary Search Tree",Medium
Meta,Kth Smallest and Largest element in BST,"Binary Search Tree, Binary Tree",Medium
Meta,LCA in BST,"Binary Search Tree, Binary Tree",Medium
Meta,Floor and Ceil in a BST,"Binary Search Tree, Data Structures",Easy
Meta,Search in BST,"Tree, Depth-First Search",Easy
Meta,Construct a BT from Postorder and Inorder,"Array, Hash Table",Hard
Meta,Construct a BT from Preorder and Inorder,"Array, Binary Tree",Hard
Meta,Requirements needed to construct a unique BT,"Traversal, Algorithms",Medium
Meta,Serialize and De-serialize BT,"Binary Tree, Breadth-First Search",Hard
Meta,Bottom view of BT,"Tree, Data Structures",Medium
Meta,Boundary Traversal,"Tree, Data Structures",Medium
Meta,Count total nodes in a complete BT,"Binary Search, Bit Manipulation",Easy
Meta,LCA in BT,"Binary Tree, Depth-First Search",Hard
Meta,Maximum Width of BT,"Binary Tree, Breadth-First Search",Medium
Meta,Minimum time taken to burn the BT from a given Node,"Hash Table, Tree",Hard
Meta,Print all nodes at a distance of K in BT,"Hash Table, Tree",Hard
Meta,Print root to leaf path in BT,"String, Backtracking",Medium
Meta,Right/Left View of BT,"Tree, Depth-First Search",Medium
Meta,Top View of BT,"Binary Search Tree, Tree",Medium
Meta,Vertical Order Traversal,"Binary Tree, Breadth-First Search",Medium
Meta,Check for balanced binary tree,"Tree, Data Structures",Medium
Meta,Check for symmetrical BTs,"Tree, Depth-First Search",Medium
Meta,Check if two trees are identical or not,"Tree, Depth-First Search",Medium
Meta,Diameter of Binary Tree,"Binary Tree, Depth-First Search",Easy
Meta,Maximum Depth in BT,"Binary Tree, Breadth-First Search",Medium
Meta,Maximum path sum,"Binary Tree, Depth-First Search",Medium
Meta,Inorder Traversal,"Binary Tree, Depth-First Search",Easy
Meta,Level Order Traversal,"Binary Tree, Breadth-First Search",Easy
Meta,Postorder Traversal,"Binary Tree, Depth-First Search",Easy
Meta,"Pre, Post, Inorder in one traversal","Stack, Tree",Easy
Meta,Preorder Traversal,"Binary Tree, Depth-First Search",Easy
Meta,Morris Preorder Traversal,"Stack, Tree",Hard
Meta,Morris Inorder Traversal,"Stack, Tree",Hard
Meta,Divide two numbers without multiplication and division,"Bit Manipulation, Math",Medium
Meta,Minimum Bit Flips to Convert Number,Bit Manipulation,Medium
Meta,Power Set Bit Manipulation,"Math, Bit Manipulation",Medium
Meta,Single Number - II,"Array, Bit Manipulation",Medium
Meta,Single Number - III,"Array, Bit Manipulation",Medium
Meta,XOR of numbers in a given range,Brute,Medium
Meta,Boundary of Binary Tree,"Binary Tree, Breadth-First Search",Medium
Meta,Buildings With an Ocean View,"Array, Monotonic Stack",Medium
Meta,Candy Crush,"Array, Matrix",Medium
Meta,Check if a Number is Power of 2 or Not,Math,Easy
Meta,Closest Binary Search Tree Value,"Binary Search, Binary Search Tree",Easy
Meta,Construct Binary Tree from String,"Binary Tree, Depth-First Search",Medium
Meta,Convert Binary Search Tree to Sorted Doubly Linked List,"Binary Search Tree, Binary Tree",Hard
Meta,Count Houses in a Circular Street II,"Data Stream, Design",Hard
Meta,Count Nodes Equal to Sum of Descendants,"Binary Tree, Depth-First Search",Medium
Meta,Count the Number of Set Bits,"Bit Manipulation, Math",Easy
Meta,Cutting Ribbons,"Array, Binary Search",Medium
Meta,Design Tic-Tac-Toe,"Array, Design",Medium
Meta,Diameter of N-ary Tree,"Depth-First Search, Tree",Medium
Meta,Dot Product of Two Sparse Vectors,"Array, Design",Medium
Meta,Climbing stairs,"Dynamic Programming, Math",Medium
Meta,Frog Jump,"Array, Dynamic Programming",Medium
Meta,Frog jump with K distances,Dynamic Programming,Medium
Meta,House robber,"Array, Dynamic Programming",Medium
Meta,Maximum sum of non adjacent elements,"Array, Divide and Conquer",Medium
Meta,Ninja's training,Dynamic Programming,Medium
Meta,Cherry pickup II,"Array, Dynamic Programming",Hard
Meta,Grid unique paths,"Math, Dynamic Programming",Medium
Meta,Minimum Falling Path Sum,"Array, Dynamic Programming",Medium
Meta,Triangle,"Array, Dynamic Programming",Medium
Meta,Unique paths II,"Array, Dynamic Programming",Medium
Meta,Best time to buy and sell stock,"Array, Dynamic Programming",Medium
Meta,Best time to buy and sell stock II,"Array, Dynamic Programming",Medium
Meta,Best time to buy and sell stock III,"Array, Dynamic Programming",Medium
Meta,Best time to buy and sell stock IV,"Array, Dynamic Programming",Medium
Meta,Best time to buy and sell stock with transaction fees,"Array, Dynamic Programming",Medium
Meta,Distinct subsequences,"Dynamic Programming, String",Hard
Meta,Edit distance,"Dynamic Programming, String",Hard
Meta,Longest common subsequence,"Dynamic Programming, String",Hard
Meta,Longest common substring,"String, Dynamic Programming",Hard
Meta,Longest palindromic subsequence,"Dynamic Programming, String",Hard
Meta,Minimum insertions or deletions to convert string A to B,Dynamic Programming,Hard
Meta,Minimum insertions to make string palindrome,"Dynamic Programming, String",Hard
Meta,Shortest common supersequence,"Dynamic Programming, String",Hard
Meta,Wildcard matching,"Dynamic Programming, Greedy",Hard
Meta,0 and 1 Knapsack,Dynamic Programming,Hard
Meta,Coin change II,"Array, Dynamic Programming",Hard
Meta,Count partitions with given difference,"Array, Math",Hard
Meta,Count subsets with sum K,Dynamic Programming,Hard
Meta,Minimum coins,Dynamic Programming,Hard
Meta,Partition a set into two subsets with minimum absolute sum difference,Dynamic Programming,Hard
Meta,Partition equal subset sum,"Array, Dynamic Programming",Hard
Meta,Rod cutting problem,"Array, Dynamic Programming",Hard
Meta,Subset sum equals to target,"Array, Dynamic Programming",Hard
Meta,Target sum,"Array, Backtracking",Hard
Meta,Unbounded knapsack,Dynamic Programming,Hard
Meta,Burst balloons,"Array, Dynamic Programming",Hard
Meta,Matrix chain multiplication,"Array, Dynamic Programming",Hard
Meta,Minimum cost to cut the stick,"Array, Dynamic Programming",Hard
Meta,Palindrome partitioning II,"String, Dynamic Programming",Hard
Meta,Implement Queue using Arrays,"Queue, Data Structures",Easy
Meta,Implement queue using Linkedlist,"Queue, Linked List",Easy
Meta,Implement Queue using Stack,"Design, Queue",Easy
Meta,Implement Stack using Arrays,"Array, Stack",Easy
Meta,Implement stack using Linkedlist,"Stack, Linked List",Easy
Meta,Implement Stack using Queue,"Design, Queue",Easy
Meta,Faulty Sensor,"Array, Two Pointers",Medium
Meta,Find Maximal Uncovered Ranges,"Array, Sorting",Medium
Meta,Find the Celebrity,"Graph, Interactive",Medium
Meta,Find Distance In a Binary Tree,"Binary Tree, Breadth-First Search",Medium
Meta,First Unique Number,"Array, Data Stream",Medium
Meta,Graph Valid Tree,"Breadth-First Search, Depth-First Search",Medium
Meta,Articulation point in graph,"Graph, Depth-First Search",Hard
Meta,Bridges in graph,"Biconnected Component, Depth-First Search",Hard
Meta,Kosaraju's algorithm,"Graph, Depth-First Search",Hard
Meta,Bipartite graph,"Breadth-First Search, Depth-First Search",Hard
Meta,Detect a cycle in a directed graph,"Graph, Depth-First Search",Hard
Meta,Detect a cycle in an undirected graph,"Graph, Depth-First Search",Hard
Meta,Topological sort or Kahn's algorithm,"Graph, Depth-First Search",Hard
Meta,Alien Dictionary,"Array, Breadth-First Search",Hard
Meta,Course Schedule I,"Breadth-First Search, Depth-First Search",Hard
Meta,Course Schedule II,"Breadth-First Search, Depth-First Search",Medium
Meta,Find eventual safe states,"Breadth-First Search, Depth-First Search",Hard
Meta,Shortest path in DAG,"Graph, Topological Sort",Hard
Meta,Shortest path in undirected graph with unit weights,"Graph, Breadth-First Search",Hard
Meta,Word ladder I,"Breadth-First Search, Hash Table",Hard
Meta,Word ladder II,"Backtracking, Breadth-First Search",Hard
Meta,Accounts merge,"Array, Hash Table",Hard
Meta,Making a large island,"Array, Breadth-First Search",Hard
Meta,Most stones removed with same row or column,"Depth-First Search, Graph",Medium
Meta,Number of islands II,"Array, Hash Table",Hard
Meta,Number of operations to make network connected,"Depth-First Search, Breadth-First Search",Hard
Meta,Disjoint Set,"Union Find, Algorithms",Hard
Meta,Find the MST weight,"Union Find, Graph",Hard
Meta,Bellman ford algorithm,"Dynamic Programming, Graph",Hard
Meta,Cheapest flight within K stops,"Breadth-First Search, Depth-First Search",Hard
Meta,Dijkstra's algorithm,"Graph, Heap (Priority Queue)",Hard
Meta,Find the city with the smallest number of neighbors,"Dynamic Programming, Graph",Hard
Meta,Floyd warshall algorithm,"Dynamic Programming, Graph",Hard
Meta,Minimum multiplications to reach end,"Array, Graph",Hard
Meta,Number of ways to arrive at destination,"Dynamic Programming, Graph",Hard
Meta,Path with minimum effort,"Array, Binary Search",Hard
Meta,Print Shortest Path,"Breadth-First Search, Graph",Hard
Meta,Shortest Distance in a Binary Maze,"Array, Breadth-First Search",Hard
Meta,Connected Components,"Depth-First Search, Breadth-First Search",Medium
Meta,Traversal Techniques,"Depth-First Search, Breadth-First Search",Medium
Meta,Distance of nearest cell having one,"Array, Breadth-First Search",Medium
Meta,Flood fill algorithm,"Array, Breadth-First Search",Medium
Meta,Number of distinct islands,"Breadth-First Search, Depth-First Search",Medium
Meta,Number of enclaves,"Array, Breadth-First Search",Medium
Meta,Number of islands,"Array, Breadth-First Search",Medium
Meta,Number of provinces,"Breadth-First Search, Depth-First Search",Medium
Meta,Rotten Oranges,"Array, Breadth-First Search",Medium
Meta,Surrounded Regions,"Array, Breadth-First Search",Medium
Meta,Assign Cookies,"Array, Greedy",Easy
Meta,Jump Game - I,"Array, Dynamic Programming",Easy
Meta,Lemonade Change,"Array, Greedy",Easy
Meta,Candy,"Array, Greedy",Hard
Meta,Valid Paranthesis Checker,"String, Stack",Hard
Meta,Insert Interval,Array,Medium
Meta,Job sequencing Problem,"Dynamic Programming, Greedy",Medium
Meta,Minimum number of platforms required for a railway,"Greedy, Sorting",Medium
Meta,N meetings in one room,"Greedy, Sorting",Medium
Meta,Non-overlapping Intervals,"Greedy, Sorting",Medium
Meta,Shortest Job First,"Greedy, Sorting",Medium
Meta,Group Shifted Strings,"Array, Hash Table",Medium
Meta,Count subarrays with given xor K,"Array, Hash Table",Hard
Meta,Longest subarray with sum K,- Medium,Medium
Meta,Design Twitter,"Design, Hash Table",Medium
Meta,Find Median from Data Stream,"Data Stream, Design",Hard
Meta,Kth largest element in a stream of running integers,"Binary Search Tree, Binary Tree",Hard
Meta,Maximum Sum Combination,"Array, Sorting",Hard
Meta,Merge K sorted Lists,"Divide and Conquer, Heap (Priority Queue)",Hard
Meta,Build heap from a given Array,"Array, Heap (Priority Queue)",Medium
Meta,Check if an array represents a min heap,"Array, Heap (Priority Queue)",Medium
Meta,Convert Min Heap to Max Heap,"Array, Heap (Priority Queue)",Medium
Meta,Heapify Algorithm,"Array, Heap (Priority Queue)",Medium
Meta,Heap Sort,"Array, Heap (Priority Queue)",Medium
Meta,Implement Max Heap,"Array, Heap (Priority Queue)",Medium
Meta,Implement Min Heap,"Array, Heap (Priority Queue)",Medium
Meta,Implement PQ using Heaps,"Array, Heap (Priority Queue)",Medium
Meta,K-th Largest element in an array,"Array, Divide and Conquer",Medium
Meta,Inorder Successor in BST,"Binary Search Tree, Binary Tree",Medium
Meta,Inorder Successor in BST II,"Binary Search Tree, Binary Tree",Medium
Meta,Insert into a Sorted Circular Linked List,Linked List,Medium
Meta,Intersection of Three Sorted Arrays,"Array, Binary Search",Medium
Meta,Largest BST Subtree,"Binary Search Tree, Binary Tree",Medium
Meta,Delete all occurrences of a key in DLL,"Doubly-Linked List, Linked List",Hard
Meta,Remove duplicates from sorted DLL,"Doubly-Linked List, Linked List",Hard
Meta,Clone a LL with random and next pointer,Linked List,Hard
Meta,Flattening of LL,"-, - Hard",Hard
Meta,Merge two Sorted Lists,"Linked List, Two Pointers",Hard
Meta,Reverse LL in group of given size K,"Linked List, Recursion",Hard
Meta,Rotate a LL,"Linked List, Two Pointers",Hard
Meta,Sort LL,"Divide and Conquer, Linked List",Hard
Meta,Add one to a number represented by LL,Linked List,Medium
Meta,Check if LL is palindrome or not,"Linked List, Recursion",Medium
Meta,Delete the middle node in LL,"Linked List, Two Pointers",Medium
Meta,Detect a loop in LL,"Hash Table, Linked List",Medium
Meta,Find the intersection point of Y LL,"Linked List, Two Pointers",Medium
Meta,Find the starting point in LL,"Linked List, Two Pointers",Medium
Meta,Length of loop in LL,"Linked List, Two Pointers",Medium
Meta,Add two numbers in Linked List,"Linked List, Math",Medium
Meta,Remove Nth node from the back of the LL,"Linked List, Two Pointers",Medium
Meta,Reverse a LL,Linked List,Medium
Meta,Segregate odd and even nodes in Linked List,Linked List,Medium
Meta,Sort a Linked List of 0's 1's and 2's,"Linked List, Sorting",Medium
Meta,Longest Repeating Substring,"Binary Search, Dynamic Programming",Medium
Meta,Lowest Common Ancestor of a Binary Tree II,"Binary Tree, Depth-First Search",Medium
Meta,Lowest Common Ancestor of a Binary Tree III,"Binary Tree, Hash Table",Medium
Meta,Count primes in range L to R,Math,Hard
Meta,Prime factorisation of a Number,Math,Hard
Meta,Print all primes till N,Math,Hard
Meta,Max Consecutive Ones II,"Array, Dynamic Programming",Medium
Meta,Maximum Number of Intersections on the Chart,"Array, Binary Indexed Tree",Hard
Meta,Maximum Size Subarray Sum Equals k,"Array, Hash Table",Medium
Meta,Maximum Vacation Days,"Array, Dynamic Programming",Hard
Meta,Maximum Average Subtree,"Binary Tree, Depth-First Search",Medium
Meta,Meeting Rooms,"Array, Sorting",Easy
Meta,Meeting Rooms II,"Array, Greedy",Medium
Meta,Merge Overlapping Subintervals,"Sorting, Two Pointers",Medium
Meta,Minimum Window Subsequence,"Dynamic Programming, Sliding Window",Hard
Meta,Minimum Knight Moves,Breadth-First Search,Medium
Meta,Minimum Path Cost In a Hidden Grid,"Breadth-First Search, Depth-First Search",Easy
Meta,Missing Element in Sorted Array,"Array, Binary Search",Medium
Meta,Missing Ranges,Array,Easy
Meta,Number of Connected Components in an Undirected Graph,"Breadth-First Search, Depth-First Search",Easy
Meta,Number Of Corner Rectangles,"Array, Dynamic Programming",Medium
Meta,Number of Distinct Islands II,"Breadth-First Search, Depth-First Search",Hard
Meta,Paint House II,"Array, Dynamic Programming",Medium
Meta,Palindrome Permutation,"Bit Manipulation, Hash Table",Easy
Meta,Palindrome Permutation II,"Dynamic Programming, String",Medium
Meta,Product of Two Run-Length Encoded Arrays,"Array, Two Pointers",Medium
Meta,Read N Characters Given Read4,"Array, Interactive",Easy
Meta,Combination Sum,"Array, Backtracking",Medium
Meta,Combination Sum II,"Array, Backtracking",Medium
Meta,Combination Sum III,"Array, Backtracking",Medium
Meta,Subsets I,"Recursion, Backtracking",Medium
Meta,Subsets II,"Array, Backtracking",Medium
Meta,M Coloring Problem,"Recursion, Backtracking",Hard
Meta,N Queen,"Recursion, Backtracking",Hard
Meta,Palindrome partitioning,"Backtracking, Dynamic Programming",Hard
Meta,Rat in a Maze,"Recursion, Backtracking",Hard
Meta,Sudoku Solver,"Array, Backtracking",Hard
Meta,Word Search,"Array, Backtracking",Hard
Meta,Letter Combinations of a Phone Number,"Backtracking, Hash Table",Hard
Meta,Set Matrix Zeroes,"Array, Matrix",Medium
Meta,Shortest Distance from All Buildings,"Array, Breadth-First Search",Hard
Meta,Shortest Way to Form String,"Binary Search, Greedy",Medium
Meta,shortest-path-in-a-hidden-grid,"Breadth-First Search, Depth-First Search",Easy
Meta,Shortest Path to Get Food,"Array, Breadth-First Search",Medium
Meta,Maximum Points You Can Obtain from Cards,"Array, Prefix Sum",Medium
Meta,Binary Subarrays With Sum,"Array, Hash Table",Hard
Meta,Count number of Nice subarrays,"Array, Hash Table",Hard
Meta,Number of Substrings Containing All Three Characters,"Hash Table, Sliding Window",Hard
Meta,Fruit Into Baskets,"Array, Hash Table",Medium
Meta,Longest Repeating Character Replacement,"Hash Table, Sliding Window",Hard
Meta,Longest Substring With At Most K Distinct Characters,"Hash Table, Sliding Window",Hard
Meta,Longest Substring Without Repeating Characters,"Hash Table, Sliding Window",Medium
Meta,Max Consecutive Ones III,"Array, Binary Search",Medium
Meta,Minimum Window Substring,"Hash Table, Sliding Window",Hard
Meta,Sparse Matrix Multiplication,"Array, Hash Table",Medium
Meta,Celebrity Problem,"Graph, Greedy",Hard
Meta,Implement Min Stack,"Design, Stack",Hard
Meta,Largest rectangle in a histogram,"Array, Monotonic Stack",Hard
Meta,LFU Cache,"Design, Doubly-Linked List",Hard
Meta,LRU Cache,"Design, Doubly-Linked List",Medium
Meta,Maximum Rectangles,"Array, Dynamic Programming. Stack",Hard
Meta,Sliding Window Maximum,"Array, Heap (Priority Queue)",Hard
Meta,Stock span problem,"Array, Stack",Hard
Meta,Trapping Rainwater,"Array, Dynamic Programming",Hard
Meta,Balanced Paranthesis,"String, Greedy",Easy
Meta,Asteroid Collision,"Array, Simulation",Medium
Meta,Next Greater Element,"Array, Hash Table",Medium
Meta,Next Greater Element - 2,"Array, Monotonic Stack",Medium
Meta,Remove K Digits,"Greedy, Monotonic Stack",Medium
Meta,Sum of Subarray Minimums,"Array, Dynamic Programming",Medium
Meta,Sum of Subarray Ranges,"Array, Monotonic Stack",Medium
Meta,String to Integer (atoi),String,Medium
Meta,KMP Algorithm or LPS array,"String, Rolling Hash",Hard
Meta,Longest happy prefix,"Hash Function, Rolling Hash",Hard
Meta,Rabin Karp Algorithm,"String, String Matching",Hard
Meta,Shortest Palindrome,"Hash Function, Rolling Hash",Hard
Meta,Z function,Math,Hard
Meta,Count and say,String,Hard
Meta,Minimum number of bracket reversals to make an expression balanced,"String, Stack",Hard
Meta,Reverse every word in a string,String,Medium
Meta,Strobogrammatic Number,"Hash Table, String",Easy
Meta,Strobogrammatic Number II,"Array, Recursion",Medium
Meta,The Maze,"Array, Breadth-First Search",Medium
Meta,Tree Diameter,"Breadth-First Search, Depth-First Search",Medium
Meta,Maximum XOR of two numbers in an array,"Array, Bit Manipulation",Hard
Meta,Maximum Xor with an element from an array,"Array, Bit Manipulation",Hard
Meta,Number of distinct substrings in a string,"Hash Function, Rolling Hash",Medium
Meta,Trie Implementation and Advanced Operations,"Trie, Implementation",Hard
Meta,Trie Implementation and Operations,"Trie, Implementation",Hard
Meta,Valid Palindrome III,"Dynamic Programming, String",Hard
Meta,Valid Word Abbreviation,"String, Two Pointers",Easy
Meta,Walls and Gates,"Array, Breadth-First Search",Medium
Meta,Web Crawler,"Breadth-First Search, Depth-First Search",Easy
Micron Technology,Find the repeating and missing number,"Array, Math",Hard
Micron Technology,Majority Element-I,"Array, Counting",Easy
Micron Technology,Majority Element-II,"Array, Counting",Hard
Micron Technology,Maximum Product Subarray in an Array,"Array, Dynamic Programming",Hard
Micron Technology,Pascal's Triangle III,"Array, Dynamic Programming",Medium
Micron Technology,Rearrange array elements by sign,"Array, Simulation",Medium
Micron Technology,Two Sum,"Array, Hash Table",Easy
Micron Technology,Left Rotate Array by One,"Array, Implementation",Easy
Micron Technology,Maximum Consecutive Ones,Array,Easy
Micron Technology,Union of two sorted arrays,"Array, Two Pointers",Easy
Micron Technology,Matrix Median,"Matrix, Binary Search",Hard
Micron Technology,Book Allocation Problem,Binary Search,Hard
Micron Technology,Median of 2 sorted arrays,"Array, Binary Search",Hard
Micron Technology,Upper Bound,"Array, Binary Search",Easy
Micron Technology,Find Nth root of a number,"Array, Binary Search",Medium
Micron Technology,Minimum days to make M bouquets,"Array, Binary Search",Medium
Micron Technology,Construct a BT from Preorder and Inorder,"Array, Binary Tree",Hard
Micron Technology,Requirements needed to construct a unique BT,"Traversal, Algorithms",Medium
Micron Technology,Boundary Traversal,"Tree, Data Structures",Medium
Micron Technology,LCA in BT,"Binary Tree, Depth-First Search",Hard
Micron Technology,Print root to leaf path in BT,"String, Backtracking",Medium
Micron Technology,Right/Left View of BT,"Tree, Depth-First Search",Medium
Micron Technology,Check for symmetrical BTs,"Tree, Depth-First Search",Medium
Micron Technology,Postorder Traversal,"Binary Tree, Depth-First Search",Easy
Micron Technology,"Pre, Post, Inorder in one traversal","Stack, Tree",Easy
Micron Technology,Preorder Traversal,"Binary Tree, Depth-First Search",Easy
Micron Technology,Single Number - II,"Array, Bit Manipulation",Medium
Micron Technology,Single Number - III,"Array, Bit Manipulation",Medium
Micron Technology,Climbing stairs,"Dynamic Programming, Math",Medium
Micron Technology,Triangle,"Array, Dynamic Programming",Medium
Micron Technology,Best time to buy and sell stock III,"Array, Dynamic Programming",Medium
Micron Technology,Best time to buy and sell stock with transaction fees,"Array, Dynamic Programming",Medium
Micron Technology,Longest common substring,"String, Dynamic Programming",Hard
Micron Technology,Minimum insertions or deletions to convert string A to B,Dynamic Programming,Hard
Micron Technology,Count partitions with given difference,"Array, Math",Hard
Micron Technology,Rod cutting problem,"Array, Dynamic Programming",Hard
Micron Technology,Unbounded knapsack,Dynamic Programming,Hard
Micron Technology,Palindrome partitioning II,"String, Dynamic Programming",Hard
Micron Technology,Deletion of the Kth element of Linked List,Linked List,Easy
Micron Technology,Deletion of the tail of Linked List,"Linked List, Hash Table",Easy
Micron Technology,Insertion before the value X in Linked List,Linked List,Easy
Micron Technology,Implement stack using Linkedlist,"Stack, Linked List",Easy
Micron Technology,Find eventual safe states,"Breadth-First Search, Depth-First Search",Hard
Micron Technology,Shortest path in undirected graph with unit weights,"Graph, Breadth-First Search",Hard
Micron Technology,Accounts merge,"Array, Hash Table",Hard
Micron Technology,Making a large island,"Array, Breadth-First Search",Hard
Micron Technology,Number of operations to make network connected,"Depth-First Search, Breadth-First Search",Hard
Micron Technology,Find the MST weight,"Union Find, Graph",Hard
Micron Technology,Bellman ford algorithm,"Dynamic Programming, Graph",Hard
Micron Technology,Dijkstra's algorithm,"Graph, Heap (Priority Queue)",Hard
Micron Technology,Find the city with the smallest number of neighbors,"Dynamic Programming, Graph",Hard
Micron Technology,Print Shortest Path,"Breadth-First Search, Graph",Hard
Micron Technology,Connected Components,"Depth-First Search, Breadth-First Search",Medium
Micron Technology,Flood fill algorithm,"Array, Breadth-First Search",Medium
Micron Technology,Rotten Oranges,"Array, Breadth-First Search",Medium
Micron Technology,Valid Paranthesis Checker,"String, Stack",Hard
Micron Technology,Job sequencing Problem,"Dynamic Programming, Greedy",Medium
Micron Technology,Minimum number of platforms required for a railway,"Greedy, Sorting",Medium
Micron Technology,Design Twitter,"Design, Hash Table",Medium
Micron Technology,Convert Min Heap to Max Heap,"Array, Heap (Priority Queue)",Medium
Micron Technology,Remove duplicates from sorted DLL,"Doubly-Linked List, Linked List",Hard
Micron Technology,Rotate a LL,"Linked List, Two Pointers",Hard
Micron Technology,Sort LL,"Divide and Conquer, Linked List",Hard
Micron Technology,Add one to a number represented by LL,Linked List,Medium
Micron Technology,Check if LL is palindrome or not,"Linked List, Recursion",Medium
Micron Technology,Length of loop in LL,"Linked List, Two Pointers",Medium
Micron Technology,Traversal in Linked List,Linked List,Easy
Micron Technology,Remove Nth node from the back of the LL,"Linked List, Two Pointers",Medium
Micron Technology,Sudoku Solver,"Array, Backtracking",Hard
Micron Technology,Letter Combinations of a Phone Number,"Backtracking, Hash Table",Hard
Micron Technology,Power Set,"Recursion, Backtracking",Medium
Micron Technology,Check if there exists a subsequence with sum K,"Array, Dynamic Programming",Easy
Micron Technology,Maximum Points You Can Obtain from Cards,"Array, Prefix Sum",Medium
Micron Technology,Count number of Nice subarrays,"Array, Hash Table",Hard
Micron Technology,Number of Substrings Containing All Three Characters,"Hash Table, Sliding Window",Hard
Micron Technology,Longest Repeating Character Replacement,"Hash Table, Sliding Window",Hard
Micron Technology,Longest Substring Without Repeating Characters,"Hash Table, Sliding Window",Medium
Micron Technology,Bubble Sort,"Array, Sorting",Easy
Micron Technology,Balanced Paranthesis,"String, Greedy",Easy
Micron Technology,Next Greater Element,"Array, Hash Table",Medium
Micron Technology,Next Greater Element - 2,"Array, Monotonic Stack",Medium
Micron Technology,Remove K Digits,"Greedy, Monotonic Stack",Medium
Micron Technology,Sum of Subarray Minimums,"Array, Dynamic Programming",Medium
Micron Technology,Z function,Math,Hard
Micron Technology,Reverse every word in a string,String,Medium
Micron Technology,Maximum Xor with an element from an array,"Array, Bit Manipulation",Hard
Micron Technology,Trie Implementation and Advanced Operations,"Trie, Implementation",Hard
Microsoft,3Sum Smaller,"Array, Binary Search",Medium
Microsoft,4 Keys Keyboard,"Dynamic Programming, Math",Medium
Microsoft,Count Inversions,"Array, Divide and Conquer",Hard
Microsoft,Find the repeating and missing number,"Array, Math",Hard
Microsoft,Majority Element-I,"Array, Counting",Easy
Microsoft,Majority Element-II,"Array, Counting",Hard
Microsoft,Maximum Product Subarray in an Array,"Array, Dynamic Programming",Hard
Microsoft,Merge two sorted arrays without extra space,"Linked List, Recursion",Medium
Microsoft,Reverse Pairs,"Array, Binary Indexed Tree",Hard
Microsoft,3 Sum,"Array, Sorting",Medium
Microsoft,Kadane's Algorithm,"Array, Dynamic Programming",Medium
Microsoft,Next Permutation,"Array, Two Pointers",Medium
Microsoft,Sort an array of 0's 1's and 2's,"Array, Sorting",Medium
Microsoft,Two Sum,"Array, Hash Table",Easy
Microsoft,Average Height of Buildings in Each Segment,"Array, Greedy",Medium
Microsoft,Basic Calculator III,"Math, Recursion",Hard
Microsoft,Binary Tree Vertical Order Traversal,"Binary Tree, Breadth-First Search",Medium
Microsoft,Find Peak Element - II,"Array, Binary Search",Medium
Microsoft,Find row with maximum 1's,"Array, Matrix",Easy
Microsoft,Matrix Median,"Matrix, Binary Search",Hard
Microsoft,Search in 2D matrix - II,"Array, Binary Search",Hard
Microsoft,Search in a 2D matrix,"Array, Binary Search",Hard
Microsoft,Aggressive Cows,Binary Search,Hard
Microsoft,Book Allocation Problem,Binary Search,Hard
Microsoft,Find peak element,"Array, Binary Search",Medium
Microsoft,Kth element of 2 sorted arrays,"Array, Divide and Conquer",Medium
Microsoft,Median of 2 sorted arrays,"Array, Binary Search",Hard
Microsoft,Split array - largest sum,"Array, Binary Search",Hard
Microsoft,Find the smallest divisor,"Array, Binary Search",Medium
Microsoft,Koko eating bananas,"Array, Binary Search",Medium
Microsoft,Minimum days to make M bouquets,"Array, Binary Search",Medium
Microsoft,BST iterator,"Stack, Tree",Hard
Microsoft,Correct BST with two nodes swapped,"Tree, Depth-First Search",Hard
Microsoft,Largest BST in Binary Tree,"Binary Search, Binary Search Tree",Hard
Microsoft,Two sum in BST,"Binary Search Tree, Binary Tree",Hard
Microsoft,Check if a tree is a BST or not,"Tree, Depth-First Search",Medium
Microsoft,Construct a BST from a preorder traversal,"Array, Binary Search Tree",Medium
Microsoft,Delete a node in BST,"Tree, Binary Search Tree",Medium
Microsoft,Inorder successor and predecessor in BST,"Binary Search Tree, Tree",Medium
Microsoft,Insert a given node in BST,"Tree, Binary Search Tree",Medium
Microsoft,Kth Smallest and Largest element in BST,"Binary Search Tree, Binary Tree",Medium
Microsoft,LCA in BST,"Binary Search Tree, Binary Tree",Medium
Microsoft,Floor and Ceil in a BST,"Binary Search Tree, Data Structures",Easy
Microsoft,Search in BST,"Tree, Depth-First Search",Easy
Microsoft,Construct a BT from Postorder and Inorder,"Array, Hash Table",Hard
Microsoft,Construct a BT from Preorder and Inorder,"Array, Binary Tree",Hard
Microsoft,Requirements needed to construct a unique BT,"Traversal, Algorithms",Medium
Microsoft,Serialize and De-serialize BT,"Binary Tree, Breadth-First Search",Hard
Microsoft,Bottom view of BT,"Tree, Data Structures",Medium
Microsoft,Boundary Traversal,"Tree, Data Structures",Medium
Microsoft,Count total nodes in a complete BT,"Binary Search, Bit Manipulation",Easy
Microsoft,LCA in BT,"Binary Tree, Depth-First Search",Hard
Microsoft,Maximum Width of BT,"Binary Tree, Breadth-First Search",Medium
Microsoft,Minimum time taken to burn the BT from a given Node,"Hash Table, Tree",Hard
Microsoft,Print all nodes at a distance of K in BT,"Hash Table, Tree",Hard
Microsoft,Print root to leaf path in BT,"String, Backtracking",Medium
Microsoft,Right/Left View of BT,"Tree, Depth-First Search",Medium
Microsoft,Top View of BT,"Binary Search Tree, Tree",Medium
Microsoft,Vertical Order Traversal,"Binary Tree, Breadth-First Search",Medium
Microsoft,Check for balanced binary tree,"Tree, Data Structures",Medium
Microsoft,Check for symmetrical BTs,"Tree, Depth-First Search",Medium
Microsoft,Check if two trees are identical or not,"Tree, Depth-First Search",Medium
Microsoft,Diameter of Binary Tree,"Binary Tree, Depth-First Search",Easy
Microsoft,Maximum Depth in BT,"Binary Tree, Breadth-First Search",Medium
Microsoft,Maximum path sum,"Binary Tree, Depth-First Search",Medium
Microsoft,Inorder Traversal,"Binary Tree, Depth-First Search",Easy
Microsoft,Level Order Traversal,"Binary Tree, Breadth-First Search",Easy
Microsoft,Postorder Traversal,"Binary Tree, Depth-First Search",Easy
Microsoft,"Pre, Post, Inorder in one traversal","Stack, Tree",Easy
Microsoft,Preorder Traversal,"Binary Tree, Depth-First Search",Easy
Microsoft,Morris Preorder Traversal,"Stack, Tree",Hard
Microsoft,Morris Inorder Traversal,"Stack, Tree",Hard
Microsoft,Divide two numbers without multiplication and division,"Bit Manipulation, Math",Medium
Microsoft,Minimum Bit Flips to Convert Number,Bit Manipulation,Medium
Microsoft,Power Set Bit Manipulation,"Math, Bit Manipulation",Medium
Microsoft,Single Number - II,"Array, Bit Manipulation",Medium
Microsoft,Single Number - III,"Array, Bit Manipulation",Medium
Microsoft,XOR of numbers in a given range,Brute,Medium
Microsoft,Boundary of Binary Tree,"Binary Tree, Breadth-First Search",Medium
Microsoft,Buildings With an Ocean View,"Array, Monotonic Stack",Medium
Microsoft,Change the Root of a Binary Tree,"Binary Tree, Depth-First Search",Medium
Microsoft,Check if a Number is Power of 2 or Not,Math,Easy
Microsoft,Convert Binary Search Tree to Sorted Doubly Linked List,"Binary Search Tree, Binary Tree",Hard
Microsoft,Count the Number of Set Bits,"Bit Manipulation, Math",Easy
Microsoft,Delete N Nodes After M Nodes of a Linked List,Linked List,Medium
Microsoft,Delete Tree Nodes,"Array, Breadth-First Search",Medium
Microsoft,Design a Leaderboard,"Design, Hash Table",Medium
Microsoft,Design Hit Counter,"Array, Binary Search",Medium
Microsoft,Design Tic-Tac-Toe,"Array, Design",Medium
Microsoft,Dot Product of Two Sparse Vectors,"Array, Design",Medium
Microsoft,Climbing stairs,"Dynamic Programming, Math",Medium
Microsoft,Frog Jump,"Array, Dynamic Programming",Medium
Microsoft,Frog jump with K distances,Dynamic Programming,Medium
Microsoft,House robber,"Array, Dynamic Programming",Medium
Microsoft,Maximum sum of non adjacent elements,"Array, Divide and Conquer",Medium
Microsoft,Ninja's training,Dynamic Programming,Medium
Microsoft,Cherry pickup II,"Array, Dynamic Programming",Hard
Microsoft,Grid unique paths,"Math, Dynamic Programming",Medium
Microsoft,Minimum Falling Path Sum,"Array, Dynamic Programming",Medium
Microsoft,Triangle,"Array, Dynamic Programming",Medium
Microsoft,Unique paths II,"Array, Dynamic Programming",Medium
Microsoft,Best time to buy and sell stock,"Array, Dynamic Programming",Medium
Microsoft,Best time to buy and sell stock II,"Array, Dynamic Programming",Medium
Microsoft,Best time to buy and sell stock III,"Array, Dynamic Programming",Medium
Microsoft,Best time to buy and sell stock IV,"Array, Dynamic Programming",Medium
Microsoft,Best time to buy and sell stock with transaction fees,"Array, Dynamic Programming",Medium
Microsoft,Distinct subsequences,"Dynamic Programming, String",Hard
Microsoft,Edit distance,"Dynamic Programming, String",Hard
Microsoft,Longest common subsequence,"Dynamic Programming, String",Hard
Microsoft,Longest common substring,"String, Dynamic Programming",Hard
Microsoft,Longest palindromic subsequence,"Dynamic Programming, String",Hard
Microsoft,Minimum insertions or deletions to convert string A to B,Dynamic Programming,Hard
Microsoft,Minimum insertions to make string palindrome,"Dynamic Programming, String",Hard
Microsoft,Shortest common supersequence,"Dynamic Programming, String",Hard
Microsoft,Wildcard matching,"Dynamic Programming, Greedy",Hard
Microsoft,0 and 1 Knapsack,Dynamic Programming,Hard
Microsoft,Coin change II,"Array, Dynamic Programming",Hard
Microsoft,Count partitions with given difference,"Array, Math",Hard
Microsoft,Count subsets with sum K,Dynamic Programming,Hard
Microsoft,Minimum coins,Dynamic Programming,Hard
Microsoft,Partition a set into two subsets with minimum absolute sum difference,Dynamic Programming,Hard
Microsoft,Partition equal subset sum,"Array, Dynamic Programming",Hard
Microsoft,Rod cutting problem,"Array, Dynamic Programming",Hard
Microsoft,Subset sum equals to target,"Array, Dynamic Programming",Hard
Microsoft,Target sum,"Array, Backtracking",Hard
Microsoft,Unbounded knapsack,Dynamic Programming,Hard
Microsoft,Burst balloons,"Array, Dynamic Programming",Hard
Microsoft,Matrix chain multiplication,"Array, Dynamic Programming",Hard
Microsoft,Minimum cost to cut the stick,"Array, Dynamic Programming",Hard
Microsoft,Palindrome partitioning II,"String, Dynamic Programming",Hard
Microsoft,Implement Queue using Arrays,"Queue, Data Structures",Easy
Microsoft,Implement queue using Linkedlist,"Queue, Linked List",Easy
Microsoft,Implement Queue using Stack,"Design, Queue",Easy
Microsoft,Implement Stack using Arrays,"Array, Stack",Easy
Microsoft,Implement stack using Linkedlist,"Stack, Linked List",Easy
Microsoft,Implement Stack using Queue,"Design, Queue",Easy
Microsoft,Find All The Lonely Nodes,"Binary Tree, Breadth-First Search",Easy
Microsoft,Find the Celebrity,"Graph, Interactive",Medium
Microsoft,Find the Level of Tree with Minimum Sum,"Binary Tree, Breadth-First Search",Medium
Microsoft,Find Smallest Common Element in All Rows,"Array, Binary Search",Medium
Microsoft,Graph Valid Tree,"Breadth-First Search, Depth-First Search",Medium
Microsoft,Articulation point in graph,"Graph, Depth-First Search",Hard
Microsoft,Bridges in graph,"Biconnected Component, Depth-First Search",Hard
Microsoft,Kosaraju's algorithm,"Graph, Depth-First Search",Hard
Microsoft,Bipartite graph,"Breadth-First Search, Depth-First Search",Hard
Microsoft,Detect a cycle in a directed graph,"Graph, Depth-First Search",Hard
Microsoft,Detect a cycle in an undirected graph,"Graph, Depth-First Search",Hard
Microsoft,Topological sort or Kahn's algorithm,"Graph, Depth-First Search",Hard
Microsoft,Alien Dictionary,"Array, Breadth-First Search",Hard
Microsoft,Course Schedule I,"Breadth-First Search, Depth-First Search",Hard
Microsoft,Course Schedule II,"Breadth-First Search, Depth-First Search",Medium
Microsoft,Find eventual safe states,"Breadth-First Search, Depth-First Search",Hard
Microsoft,Shortest path in DAG,"Graph, Topological Sort",Hard
Microsoft,Shortest path in undirected graph with unit weights,"Graph, Breadth-First Search",Hard
Microsoft,Word ladder I,"Breadth-First Search, Hash Table",Hard
Microsoft,Word ladder II,"Backtracking, Breadth-First Search",Hard
Microsoft,Accounts merge,"Array, Hash Table",Hard
Microsoft,Making a large island,"Array, Breadth-First Search",Hard
Microsoft,Most stones removed with same row or column,"Depth-First Search, Graph",Medium
Microsoft,Number of operations to make network connected,"Depth-First Search, Breadth-First Search",Hard
Microsoft,Disjoint Set,"Union Find, Algorithms",Hard
Microsoft,Find the MST weight,"Union Find, Graph",Hard
Microsoft,Bellman ford algorithm,"Dynamic Programming, Graph",Hard
Microsoft,Cheapest flight within K stops,"Breadth-First Search, Depth-First Search",Hard
Microsoft,Dijkstra's algorithm,"Graph, Heap (Priority Queue)",Hard
Microsoft,Find the city with the smallest number of neighbors,"Dynamic Programming, Graph",Hard
Microsoft,Floyd warshall algorithm,"Dynamic Programming, Graph",Hard
Microsoft,Minimum multiplications to reach end,"Array, Graph",Hard
Microsoft,Number of ways to arrive at destination,"Dynamic Programming, Graph",Hard
Microsoft,Path with minimum effort,"Array, Binary Search",Hard
Microsoft,Print Shortest Path,"Breadth-First Search, Graph",Hard
Microsoft,Shortest Distance in a Binary Maze,"Array, Breadth-First Search",Hard
Microsoft,Connected Components,"Depth-First Search, Breadth-First Search",Medium
Microsoft,Traversal Techniques,"Depth-First Search, Breadth-First Search",Medium
Microsoft,Distance of nearest cell having one,"Array, Breadth-First Search",Medium
Microsoft,Flood fill algorithm,"Array, Breadth-First Search",Medium
Microsoft,Number of distinct islands,"Breadth-First Search, Depth-First Search",Medium
Microsoft,Number of enclaves,"Array, Breadth-First Search",Medium
Microsoft,Number of islands,"Array, Breadth-First Search",Medium
Microsoft,Number of provinces,"Breadth-First Search, Depth-First Search",Medium
Microsoft,Rotten Oranges,"Array, Breadth-First Search",Medium
Microsoft,Surrounded Regions,"Array, Breadth-First Search",Medium
Microsoft,Assign Cookies,"Array, Greedy",Easy
Microsoft,Jump Game - I,"Array, Dynamic Programming",Easy
Microsoft,Lemonade Change,"Array, Greedy",Easy
Microsoft,Candy,"Array, Greedy",Hard
Microsoft,Valid Paranthesis Checker,"String, Stack",Hard
Microsoft,Insert Interval,Array,Medium
Microsoft,Job sequencing Problem,"Dynamic Programming, Greedy",Medium
Microsoft,Minimum number of platforms required for a railway,"Greedy, Sorting",Medium
Microsoft,N meetings in one room,"Greedy, Sorting",Medium
Microsoft,Non-overlapping Intervals,"Greedy, Sorting",Medium
Microsoft,Shortest Job First,"Greedy, Sorting",Medium
Microsoft,Count subarrays with given xor K,"Array, Hash Table",Hard
Microsoft,Longest subarray with sum K,- Medium,Medium
Microsoft,Design Twitter,"Design, Hash Table",Medium
Microsoft,Find Median from Data Stream,"Data Stream, Design",Hard
Microsoft,Kth largest element in a stream of running integers,"Binary Search Tree, Binary Tree",Hard
Microsoft,Maximum Sum Combination,"Array, Sorting",Hard
Microsoft,Merge K sorted Lists,"Divide and Conquer, Heap (Priority Queue)",Hard
Microsoft,Build heap from a given Array,"Array, Heap (Priority Queue)",Medium
Microsoft,Check if an array represents a min heap,"Array, Heap (Priority Queue)",Medium
Microsoft,Convert Min Heap to Max Heap,"Array, Heap (Priority Queue)",Medium
Microsoft,Heapify Algorithm,"Array, Heap (Priority Queue)",Medium
Microsoft,Heap Sort,"Array, Heap (Priority Queue)",Medium
Microsoft,Implement Max Heap,"Array, Heap (Priority Queue)",Medium
Microsoft,Implement Min Heap,"Array, Heap (Priority Queue)",Medium
Microsoft,Implement PQ using Heaps,"Array, Heap (Priority Queue)",Medium
Microsoft,K-th Largest element in an array,"Array, Divide and Conquer",Medium
Microsoft,Implement Trie II (Prefix Tree),"Design, Hash Table",Medium
Microsoft,Inorder Successor in BST,"Binary Search Tree, Binary Tree",Medium
Microsoft,Inorder Successor in BST II,"Binary Search Tree, Binary Tree",Medium
Microsoft,Largest BST Subtree,"Binary Search Tree, Binary Tree",Medium
Microsoft,Largest Subarray with Sum 0,"Array, Hash Table",Medium
Microsoft,Delete all occurrences of a key in DLL,"Doubly-Linked List, Linked List",Hard
Microsoft,Remove duplicates from sorted DLL,"Doubly-Linked List, Linked List",Hard
Microsoft,Clone a LL with random and next pointer,Linked List,Hard
Microsoft,Flattening of LL,"-, - Hard",Hard
Microsoft,Merge two Sorted Lists,"Linked List, Two Pointers",Hard
Microsoft,Reverse LL in group of given size K,"Linked List, Recursion",Hard
Microsoft,Rotate a LL,"Linked List, Two Pointers",Hard
Microsoft,Sort LL,"Divide and Conquer, Linked List",Hard
Microsoft,Add one to a number represented by LL,Linked List,Medium
Microsoft,Check if LL is palindrome or not,"Linked List, Recursion",Medium
Microsoft,Delete the middle node in LL,"Linked List, Two Pointers",Medium
Microsoft,Detect a loop in LL,"Hash Table, Linked List",Medium
Microsoft,Find the intersection point of Y LL,"Linked List, Two Pointers",Medium
Microsoft,Find the starting point in LL,"Linked List, Two Pointers",Medium
Microsoft,Length of loop in LL,"Linked List, Two Pointers",Medium
Microsoft,Add two numbers in Linked List,"Linked List, Math",Medium
Microsoft,Remove Nth node from the back of the LL,"Linked List, Two Pointers",Medium
Microsoft,Reverse a LL,Linked List,Medium
Microsoft,Segregate odd and even nodes in Linked List,Linked List,Medium
Microsoft,Sort a Linked List of 0's 1's and 2's,"Linked List, Sorting",Medium
Microsoft,Logger Rate Limiter,"Data Stream, Design",Easy
Microsoft,Longest Substring with At Most Two Distinct Characters,"Hash Table, Sliding Window",Medium
Microsoft,Lowest Common Ancestor of a Binary Tree II,"Binary Tree, Depth-First Search",Medium
Microsoft,Lowest Common Ancestor of a Binary Tree III,"Binary Tree, Hash Table",Medium
Microsoft,Make the Prefix Sum Non-negative,"Array, Greedy",Medium
Microsoft,Count primes in range L to R,Math,Hard
Microsoft,Prime factorisation of a Number,Math,Hard
Microsoft,Print all primes till N,Math,Hard
Microsoft,Maximum Number of Intersections on the Chart,"Array, Binary Indexed Tree",Hard
Microsoft,Maximum Number of Potholes That Can Be Fixed,"Greedy, Sorting",Medium
Microsoft,Maximum Price to Fill a Bag,"Array, Greedy",Medium
Microsoft,Maximum Size Subarray Sum Equals k,"Array, Hash Table",Medium
Microsoft,Maximum Subtree of the Same Color,"Array, Depth-First Search",Medium
Microsoft,Meeting Rooms,"Array, Sorting",Easy
Microsoft,Meeting Rooms II,"Array, Greedy",Medium
Microsoft,Meeting Scheduler,"Array, Hash Table",Medium
Microsoft,Merge Overlapping Subintervals,"Sorting, Two Pointers",Medium
Microsoft,Minimum Cost to Separate Sentence Into Rows,"Array, Dynamic Programming",Medium
Microsoft,Minimum Swaps to Group All 1’s Together,"Array, Sliding Window",Easy
Microsoft,Minimum Knight Moves,Breadth-First Search,Medium
Microsoft,Number of Distinct Binary Strings After Applying Operations,"Array, Bit Manipulation",Medium
Microsoft,Number of Unique Flavors After Sharing K Candies,"Array, Hash Table",Medium
Microsoft,Optimal Account Balancing,"Array, Backtracking",Hard
Microsoft,Palindrome Permutation,"Bit Manipulation, Hash Table",Easy
Microsoft,Palindrome Removal,"Array, Dynamic Programming",Hard
Microsoft,Combination Sum,"Array, Backtracking",Medium
Microsoft,Combination Sum II,"Array, Backtracking",Medium
Microsoft,Combination Sum III,"Array, Backtracking",Medium
Microsoft,Subsets I,"Recursion, Backtracking",Medium
Microsoft,Subsets II,"Array, Backtracking",Medium
Microsoft,M Coloring Problem,"Recursion, Backtracking",Hard
Microsoft,N Queen,"Recursion, Backtracking",Hard
Microsoft,Palindrome partitioning,"Backtracking, Dynamic Programming",Hard
Microsoft,Rat in a Maze,"Recursion, Backtracking",Hard
Microsoft,Sudoku Solver,"Array, Backtracking",Hard
Microsoft,Word Search,"Array, Backtracking",Hard
Microsoft,Letter Combinations of a Phone Number,"Backtracking, Hash Table",Hard
Microsoft,Remove Duplicates From an Unsorted Linked List,"Hash Table, Linked List",Medium
Microsoft,Reverse Words in a String II,"String, Two Pointers",Medium
Microsoft,Set Matrix Zeroes,"Array, Matrix",Medium
Microsoft,Shortest Distance from All Buildings,"Array, Breadth-First Search",Hard
Microsoft,Shortest Word Distance,"Array, String",Easy
Microsoft,Maximum Points You Can Obtain from Cards,"Array, Prefix Sum",Medium
Microsoft,Binary Subarrays With Sum,"Array, Hash Table",Hard
Microsoft,Count number of Nice subarrays,"Array, Hash Table",Hard
Microsoft,Number of Substrings Containing All Three Characters,"Hash Table, Sliding Window",Hard
Microsoft,Fruit Into Baskets,"Array, Hash Table",Medium
Microsoft,Longest Repeating Character Replacement,"Hash Table, Sliding Window",Hard
Microsoft,Longest Substring With At Most K Distinct Characters,"Hash Table, Sliding Window",Hard
Microsoft,Longest Substring Without Repeating Characters,"Hash Table, Sliding Window",Medium
Microsoft,Max Consecutive Ones III,"Array, Binary Search",Medium
Microsoft,Minimum Window Substring,"Hash Table, Sliding Window",Hard
Microsoft,Smallest Number With Given Digit Product,"Enumeration, Math",Medium
Microsoft,Celebrity Problem,"Graph, Greedy",Hard
Microsoft,Implement Min Stack,"Design, Stack",Hard
Microsoft,Largest rectangle in a histogram,"Array, Monotonic Stack",Hard
Microsoft,LFU Cache,"Design, Doubly-Linked List",Hard
Microsoft,LRU Cache,"Design, Doubly-Linked List",Medium
Microsoft,Maximum Rectangles,"Array, Dynamic Programming. Stack",Hard
Microsoft,Sliding Window Maximum,"Array, Heap (Priority Queue)",Hard
Microsoft,Stock span problem,"Array, Stack",Hard
Microsoft,Trapping Rainwater,"Array, Dynamic Programming",Hard
Microsoft,Balanced Paranthesis,"String, Greedy",Easy
Microsoft,Asteroid Collision,"Array, Simulation",Medium
Microsoft,Next Greater Element,"Array, Hash Table",Medium
Microsoft,Next Greater Element - 2,"Array, Monotonic Stack",Medium
Microsoft,Remove K Digits,"Greedy, Monotonic Stack",Medium
Microsoft,Sum of Subarray Minimums,"Array, Dynamic Programming",Medium
Microsoft,Sum of Subarray Ranges,"Array, Monotonic Stack",Medium
Microsoft,String to Integer (atoi),String,Medium
Microsoft,KMP Algorithm or LPS array,"String, Rolling Hash",Hard
Microsoft,Longest happy prefix,"Hash Function, Rolling Hash",Hard
Microsoft,Rabin Karp Algorithm,"String, String Matching",Hard
Microsoft,Shortest Palindrome,"Hash Function, Rolling Hash",Hard
Microsoft,Z function,Math,Hard
Microsoft,Count and say,String,Hard
Microsoft,Minimum number of bracket reversals to make an expression balanced,"String, Stack",Hard
Microsoft,Reverse every word in a string,String,Medium
Microsoft,Subsequence of Size K With the Largest Even Sum,"Array, Dynamic Programming",Medium
Microsoft,The Knight's Tour,"Array, Breadth-First Search",Easy
Microsoft,Maximum XOR of two numbers in an array,"Array, Bit Manipulation",Hard
Microsoft,Maximum Xor with an element from an array,"Array, Bit Manipulation",Hard
Microsoft,Number of distinct substrings in a string,"Hash Function, Rolling Hash",Medium
Microsoft,Trie Implementation and Advanced Operations,"Trie, Implementation",Hard
Microsoft,Trie Implementation and Operations,"Trie, Implementation",Hard
Microsoft,Widest Pair of Indices With Equal Range Sum,"Array, Hash Table",Medium
Microstrategy,Number of Ways to Build Sturdy Brick Wall,"Array, Bit Manipulation",Hard
MindTree,Check if the Array is Sorted I,"Array, Sorting",Easy
MindTree,Count of odd numbers in array,"Array, Math",Easy
MindTree,Reverse an array,Array,Easy
MindTree,Highest Occurring Element in an Array,Array,Easy
MindTree,Second Highest Occurring Element,"Array, Hash Table",Easy
MindTree,Sum of Highest and Lowest Frequency,"Array, Hash Table",Easy
MindTree,Check for Perfect Number,Math,Easy
MindTree,Check for Prime Number,Math,Easy
MindTree,Check if the Number is Armstrong,Math,Easy
MindTree,Count all Digits of a Number,"Math, Counting",Easy
MindTree,Count number of odd digits in a number,"Math, Counting",Easy
MindTree,Count of Prime Numbers till N,"Math, Counting",Easy
MindTree,Divisors of a Number,Math,Easy
MindTree,Factorial of a given number,Math,Easy
MindTree,GCD of Two Numbers,Math,Easy
MindTree,LCM of two numbers,Math,Easy
MindTree,Palindrome Number,Math,Easy
MindTree,Return the Largest Digit in a Number,Math,Easy
MindTree,Reverse a number,Math,Easy
MindTree,Check if a Number is Prime or Not,Math,Easy
MindTree,Check if String is Palindrome or Not,String,Easy
MindTree,Check if the Array is Sorted II,"Array, Sorting",Easy
MindTree,Factorial of a Given Number,Math,Easy
MindTree,Fibonacci Number,"Dynamic Programming, Math",Easy
MindTree,Reverse a String I,String,Easy
MindTree,Sum of Array Elements II,"Array, Math",Easy
MindTree,Sum of Digits in a Given Number,Math,Easy
MindTree,Sum of First N Numbers,Math,Easy
MindTree,Isomorphic String,"Hash Table, String",Easy
MindTree,Longest Common Prefix,"String, Trie",Easy
MindTree,Palindrome Check,"String, Two Pointers",Easy
MindTree,Reverse a String II,String,Easy
MindTree,Rotate String,"String, String Matching",Easy
MindTree,Sort Characters by Frequency,"Bucket Sort, Counting",Easy
MindTree,Valid Anagram,"Hash Table, Sorting",Easy
MindTree,Pattern 1,"Pattern Printing, Implementation",Easy
MindTree,Pattern 10,"Pattern Printing, Implementation",Easy
MindTree,Pattern 11,"Pattern Printing, Implementation",Easy
MindTree,Pattern 12,"Pattern Printing, Implementation",Easy
MindTree,Pattern 13,"Pattern Printing, Implementation",Easy
MindTree,Pattern 14,"Pattern Printing, Implementation",Easy
MindTree,Pattern 15,"Pattern Printing, Implementation",Easy
MindTree,Pattern 16,"Pattern Printing, Implementation",Easy
MindTree,Pattern 17,"Pattern Printing, Implementation",Easy
MindTree,Pattern 18,"Pattern Printing, Implementation",Easy
MindTree,Pattern 19,"Pattern Printing, Implementation",Easy
MindTree,Pattern 20,"Pattern Printing, Implementation",Medium
MindTree,Pattern 21,"Pattern Printing, Implementation",Medium
MindTree,Pattern 22,"Pattern Printing, Implementation",Medium
MindTree,Pattern 4,"Pattern Printing, Implementation",Easy
MindTree,Pattern 5,"Pattern Printing, Implementation",Easy
MindTree,Pattern 6,"Pattern Printing, Implementation",Easy
MindTree,Pattern 7,"Pattern Printing, Implementation",Easy
MindTree,Pattern 8,"Pattern Printing, Implementation",Easy
MindTree,Pattern 9,"Pattern Printing, Implementation",Easy
MindTree,If Else Adult Teen Problem,Implementation,Easy
MindTree,If ElseIf,Implementation,Easy
MindTree,Input Output,Implementation,Easy
MindTree,Print last character of string,"String, Implementation",Easy
MindTree,Print X N numbers of times,"Implementation, Simulation",Easy
MindTree,Sum of first last element in array,"Array, Math",Easy
MindTree,Switch Case,"Implementation, Simulation",Easy
MongoDB,Count Inversions,"Array, Divide and Conquer",Hard
MongoDB,Find the repeating and missing number,"Array, Math",Hard
MongoDB,Majority Element-I,"Array, Counting",Easy
MongoDB,Majority Element-II,"Array, Counting",Hard
MongoDB,Merge two sorted arrays without extra space,"Linked List, Recursion",Medium
MongoDB,3 Sum,"Array, Sorting",Medium
MongoDB,Sort an array of 0's 1's and 2's,"Array, Sorting",Medium
MongoDB,Two Sum,"Array, Hash Table",Easy
MongoDB,Left Rotate Array by One,"Array, Implementation",Easy
MongoDB,Find Peak Element - II,"Array, Binary Search",Medium
MongoDB,Aggressive Cows,Binary Search,Hard
MongoDB,Split array - largest sum,"Array, Binary Search",Hard
MongoDB,First and last occurrence,"Array, Binary Search",Easy
MongoDB,Search in rotated sorted array-I,"Array, Binary Search",Medium
MongoDB,Search in rotated sorted array-II,"Array, Binary Search",Medium
MongoDB,Search insert position,"Array, Binary Search",Easy
MongoDB,Koko eating bananas,"Array, Binary Search",Medium
MongoDB,Inorder successor and predecessor in BST,"Binary Search Tree, Tree",Medium
MongoDB,Floor and Ceil in a BST,"Binary Search Tree, Data Structures",Easy
MongoDB,Serialize and De-serialize BT,"Binary Tree, Breadth-First Search",Hard
MongoDB,LCA in BT,"Binary Tree, Depth-First Search",Hard
MongoDB,Print all nodes at a distance of K in BT,"Hash Table, Tree",Hard
MongoDB,Check for symmetrical BTs,"Tree, Depth-First Search",Medium
MongoDB,Inorder Traversal,"Binary Tree, Depth-First Search",Easy
MongoDB,Level Order Traversal,"Binary Tree, Breadth-First Search",Easy
MongoDB,Postorder Traversal,"Binary Tree, Depth-First Search",Easy
MongoDB,Morris Inorder Traversal,"Stack, Tree",Hard
MongoDB,Minimum Bit Flips to Convert Number,Bit Manipulation,Medium
MongoDB,Single Number - III,"Array, Bit Manipulation",Medium
MongoDB,XOR of numbers in a given range,Brute,Medium
MongoDB,Frog Jump,"Array, Dynamic Programming",Medium
MongoDB,Maximum sum of non adjacent elements,"Array, Divide and Conquer",Medium
MongoDB,Ninja's training,Dynamic Programming,Medium
MongoDB,Best time to buy and sell stock,"Array, Dynamic Programming",Medium
MongoDB,Best time to buy and sell stock with transaction fees,"Array, Dynamic Programming",Medium
MongoDB,Shortest common supersequence,"Dynamic Programming, String",Hard
MongoDB,Wildcard matching,"Dynamic Programming, Greedy",Hard
MongoDB,Convert Array to Doubly Linked List,"Doubly-Linked List, Hash Table",Easy
MongoDB,Delete head of Doubly Linked List,"Doubly-Linked List, Hash Table",Easy
MongoDB,Deletion of the head of LL,Linked List,Easy
MongoDB,Insertion at the head of Linked List,Linked List,Easy
MongoDB,Insertion at the Kth position of Linked List,Linked List,Easy
MongoDB,Insertion before the value X in Linked List,Linked List,Easy
MongoDB,Implement Stack using Arrays,"Array, Stack",Easy
MongoDB,Implement Stack using Queue,"Design, Queue",Easy
MongoDB,Articulation point in graph,"Graph, Depth-First Search",Hard
MongoDB,Kosaraju's algorithm,"Graph, Depth-First Search",Hard
MongoDB,Bipartite graph,"Breadth-First Search, Depth-First Search",Hard
MongoDB,Topological sort or Kahn's algorithm,"Graph, Depth-First Search",Hard
MongoDB,Alien Dictionary,"Array, Breadth-First Search",Hard
MongoDB,Word ladder II,"Backtracking, Breadth-First Search",Hard
MongoDB,Making a large island,"Array, Breadth-First Search",Hard
MongoDB,Most stones removed with same row or column,"Depth-First Search, Graph",Medium
MongoDB,Number of operations to make network connected,"Depth-First Search, Breadth-First Search",Hard
MongoDB,Bellman ford algorithm,"Dynamic Programming, Graph",Hard
MongoDB,Number of ways to arrive at destination,"Dynamic Programming, Graph",Hard
MongoDB,Path with minimum effort,"Array, Binary Search",Hard
MongoDB,Traversal Techniques,"Depth-First Search, Breadth-First Search",Medium
MongoDB,Number of enclaves,"Array, Breadth-First Search",Medium
MongoDB,Number of provinces,"Breadth-First Search, Depth-First Search",Medium
MongoDB,Jump Game - I,"Array, Dynamic Programming",Easy
MongoDB,Valid Paranthesis Checker,"String, Stack",Hard
MongoDB,Shortest Job First,"Greedy, Sorting",Medium
MongoDB,Design Twitter,"Design, Hash Table",Medium
MongoDB,Find Median from Data Stream,"Data Stream, Design",Hard
MongoDB,Check if an array represents a min heap,"Array, Heap (Priority Queue)",Medium
MongoDB,Heap Sort,"Array, Heap (Priority Queue)",Medium
MongoDB,Implement Max Heap,"Array, Heap (Priority Queue)",Medium
MongoDB,Implement Min Heap,"Array, Heap (Priority Queue)",Medium
MongoDB,Delete all occurrences of a key in DLL,"Doubly-Linked List, Linked List",Hard
MongoDB,Remove duplicates from sorted DLL,"Doubly-Linked List, Linked List",Hard
MongoDB,Rotate a LL,"Linked List, Two Pointers",Hard
MongoDB,Sort LL,"Divide and Conquer, Linked List",Hard
MongoDB,Check if LL is palindrome or not,"Linked List, Recursion",Medium
MongoDB,Find the intersection point of Y LL,"Linked List, Two Pointers",Medium
MongoDB,Find the starting point in LL,"Linked List, Two Pointers",Medium
MongoDB,Traversal in Linked List,Linked List,Easy
MongoDB,Add two numbers in Linked List,"Linked List, Math",Medium
MongoDB,Combination Sum II,"Array, Backtracking",Medium
MongoDB,Combination Sum III,"Array, Backtracking",Medium
MongoDB,Rat in a Maze,"Recursion, Backtracking",Hard
MongoDB,Word Search,"Array, Backtracking",Hard
MongoDB,Letter Combinations of a Phone Number,"Backtracking, Hash Table",Hard
MongoDB,Power Set,"Recursion, Backtracking",Medium
MongoDB,Check if there exists a subsequence with sum K,"Array, Dynamic Programming",Easy
MongoDB,Count all subsequences with sum K,Recursion,Easy
MongoDB,Maximum Points You Can Obtain from Cards,"Array, Prefix Sum",Medium
MongoDB,Fruit Into Baskets,"Array, Hash Table",Medium
MongoDB,Minimum Window Substring,"Hash Table, Sliding Window",Hard
MongoDB,Selection Sort,"Array, Sorting",Easy
MongoDB,Celebrity Problem,"Graph, Greedy",Hard
MongoDB,Implement Min Stack,"Design, Stack",Hard
MongoDB,Next Greater Element - 2,"Array, Monotonic Stack",Medium
MongoDB,KMP Algorithm or LPS array,"String, Rolling Hash",Hard
MongoDB,Minimum number of bracket reversals to make an expression balanced,"String, Stack",Hard
MongoDB,Maximum XOR of two numbers in an array,"Array, Bit Manipulation",Hard
MongoDB,Number of distinct substrings in a string,"Hash Function, Rolling Hash",Medium
MongoDB,Trie Implementation and Operations,"Trie, Implementation",Hard
Morgan Stanley,Sort an array of 0's 1's and 2's,"Array, Sorting",Medium
Morgan Stanley,Two Sum,"Array, Hash Table",Easy
Morgan Stanley,Maximum Consecutive Ones,Array,Easy
Morgan Stanley,Intersection of two sorted arrays,"Array, Sorting",Easy
Morgan Stanley,Union of two sorted arrays,"Array, Two Pointers",Easy
Morgan Stanley,Aggressive Cows,Binary Search,Hard
Morgan Stanley,Find peak element,"Array, Binary Search",Medium
Morgan Stanley,Lower Bound,"Array, Binary Search",Easy
Morgan Stanley,Search X in sorted array,"Array, Binary Search",Easy
Morgan Stanley,Find minimum in Rotated Sorted Array,"Array, Binary Search",Easy
Morgan Stanley,Search insert position,"Array, Binary Search",Easy
Morgan Stanley,Single element in sorted array,"Array, Binary Search",Medium
Morgan Stanley,Find Nth root of a number,"Array, Binary Search",Medium
Morgan Stanley,Koko eating bananas,"Array, Binary Search",Medium
Morgan Stanley,Check if a tree is a BST or not,"Tree, Depth-First Search",Medium
Morgan Stanley,Construct a BST from a preorder traversal,"Array, Binary Search Tree",Medium
Morgan Stanley,Delete a node in BST,"Tree, Binary Search Tree",Medium
Morgan Stanley,Inorder successor and predecessor in BST,"Binary Search Tree, Tree",Medium
Morgan Stanley,Floor and Ceil in a BST,"Binary Search Tree, Data Structures",Easy
Morgan Stanley,Construct a BT from Preorder and Inorder,"Array, Binary Tree",Hard
Morgan Stanley,Boundary Traversal,"Tree, Data Structures",Medium
Morgan Stanley,Right/Left View of BT,"Tree, Depth-First Search",Medium
Morgan Stanley,Check for balanced binary tree,"Tree, Data Structures",Medium
Morgan Stanley,Maximum path sum,"Binary Tree, Depth-First Search",Medium
Morgan Stanley,Inorder Traversal,"Binary Tree, Depth-First Search",Easy
Morgan Stanley,Level Order Traversal,"Binary Tree, Breadth-First Search",Easy
Morgan Stanley,Morris Preorder Traversal,"Stack, Tree",Hard
Morgan Stanley,Morris Inorder Traversal,"Stack, Tree",Hard
Morgan Stanley,Minimum Bit Flips to Convert Number,Bit Manipulation,Medium
Morgan Stanley,Power Set Bit Manipulation,"Math, Bit Manipulation",Medium
Morgan Stanley,Single Number - III,"Array, Bit Manipulation",Medium
Morgan Stanley,Climbing stairs,"Dynamic Programming, Math",Medium
Morgan Stanley,Triangle,"Array, Dynamic Programming",Medium
Morgan Stanley,Best time to buy and sell stock II,"Array, Dynamic Programming",Medium
Morgan Stanley,Best time to buy and sell stock with transaction fees,"Array, Dynamic Programming",Medium
Morgan Stanley,Longest palindromic subsequence,"Dynamic Programming, String",Hard
Morgan Stanley,Minimum insertions to make string palindrome,"Dynamic Programming, String",Hard
Morgan Stanley,0 and 1 Knapsack,Dynamic Programming,Hard
Morgan Stanley,Coin change II,"Array, Dynamic Programming",Hard
Morgan Stanley,Partition a set into two subsets with minimum absolute sum difference,Dynamic Programming,Hard
Morgan Stanley,Rod cutting problem,"Array, Dynamic Programming",Hard
Morgan Stanley,Target sum,"Array, Backtracking",Hard
Morgan Stanley,Minimum cost to cut the stick,"Array, Dynamic Programming",Hard
Morgan Stanley,Convert Array to Doubly Linked List,"Doubly-Linked List, Hash Table",Easy
Morgan Stanley,Delete Tail of Doubly Linked List,"Doubly-Linked List, Hash Table",Easy
Morgan Stanley,Deletion of the head of LL,Linked List,Easy
Morgan Stanley,Deletion of the Kth element of Linked List,Linked List,Easy
Morgan Stanley,Insert node before head in Doubly Linked List,"Doubly-Linked List, Linked List",Easy
Morgan Stanley,Insert node before tail in Doubly Linked List,"Doubly-Linked List, Linked List",Easy
Morgan Stanley,Implement Queue using Arrays,"Queue, Data Structures",Easy
Morgan Stanley,Articulation point in graph,"Graph, Depth-First Search",Hard
Morgan Stanley,Detect a cycle in a directed graph,"Graph, Depth-First Search",Hard
Morgan Stanley,Detect a cycle in an undirected graph,"Graph, Depth-First Search",Hard
Morgan Stanley,Course Schedule I,"Breadth-First Search, Depth-First Search",Hard
Morgan Stanley,Shortest path in DAG,"Graph, Topological Sort",Hard
Morgan Stanley,Most stones removed with same row or column,"Depth-First Search, Graph",Medium
Morgan Stanley,Find the city with the smallest number of neighbors,"Dynamic Programming, Graph",Hard
Morgan Stanley,Shortest Distance in a Binary Maze,"Array, Breadth-First Search",Hard
Morgan Stanley,Number of enclaves,"Array, Breadth-First Search",Medium
Morgan Stanley,Surrounded Regions,"Array, Breadth-First Search",Medium
Morgan Stanley,Candy,"Array, Greedy",Hard
Morgan Stanley,Valid Paranthesis Checker,"String, Stack",Hard
Morgan Stanley,Job sequencing Problem,"Dynamic Programming, Greedy",Medium
Morgan Stanley,Non-overlapping Intervals,"Greedy, Sorting",Medium
Morgan Stanley,Kth largest element in a stream of running integers,"Binary Search Tree, Binary Tree",Hard
Morgan Stanley,Maximum Sum Combination,"Array, Sorting",Hard
Morgan Stanley,Merge K sorted Lists,"Divide and Conquer, Heap (Priority Queue)",Hard
Morgan Stanley,Build heap from a given Array,"Array, Heap (Priority Queue)",Medium
Morgan Stanley,Implement Min Heap,"Array, Heap (Priority Queue)",Medium
Morgan Stanley,K-th Largest element in an array,"Array, Divide and Conquer",Medium
Morgan Stanley,Remove duplicates from sorted DLL,"Doubly-Linked List, Linked List",Hard
Morgan Stanley,Clone a LL with random and next pointer,Linked List,Hard
Morgan Stanley,Flattening of LL,"-, - Hard",Hard
Morgan Stanley,Merge two Sorted Lists,"Linked List, Two Pointers",Hard
Morgan Stanley,Reverse LL in group of given size K,"Linked List, Recursion",Hard
Morgan Stanley,Check if LL is palindrome or not,"Linked List, Recursion",Medium
Morgan Stanley,Detect a loop in LL,"Hash Table, Linked List",Medium
Morgan Stanley,Find the intersection point of Y LL,"Linked List, Two Pointers",Medium
Morgan Stanley,Add two numbers in Linked List,"Linked List, Math",Medium
Morgan Stanley,Remove Nth node from the back of the LL,"Linked List, Two Pointers",Medium
Morgan Stanley,Segregate odd and even nodes in Linked List,Linked List,Medium
Morgan Stanley,Prime factorisation of a Number,Math,Hard
Morgan Stanley,Combination Sum,"Array, Backtracking",Medium
Morgan Stanley,Combination Sum II,"Array, Backtracking",Medium
Morgan Stanley,Combination Sum III,"Array, Backtracking",Medium
Morgan Stanley,M Coloring Problem,"Recursion, Backtracking",Hard
Morgan Stanley,N Queen,"Recursion, Backtracking",Hard
Morgan Stanley,Palindrome partitioning,"Backtracking, Dynamic Programming",Hard
Morgan Stanley,Word Search,"Array, Backtracking",Hard
Morgan Stanley,Letter Combinations of a Phone Number,"Backtracking, Hash Table",Hard
Morgan Stanley,"Pow(x,n)","Math, Recursion",Medium
Morgan Stanley,Power Set,"Recursion, Backtracking",Medium
Morgan Stanley,Maximum Points You Can Obtain from Cards,"Array, Prefix Sum",Medium
Morgan Stanley,Binary Subarrays With Sum,"Array, Hash Table",Hard
Morgan Stanley,Fruit Into Baskets,"Array, Hash Table",Medium
Morgan Stanley,Max Consecutive Ones III,"Array, Binary Search",Medium
Morgan Stanley,Minimum Window Substring,"Hash Table, Sliding Window",Hard
Morgan Stanley,Bubble Sort,"Array, Sorting",Easy
Morgan Stanley,Quick Sorting,"Array, Sorting",Easy
Morgan Stanley,Selection Sort,"Array, Sorting",Easy
Morgan Stanley,Implement Min Stack,"Design, Stack",Hard
Morgan Stanley,Next Greater Element,"Array, Hash Table",Medium
Morgan Stanley,KMP Algorithm or LPS array,"String, Rolling Hash",Hard
Morgan Stanley,Rabin Karp Algorithm,"String, String Matching",Hard
Morgan Stanley,Count and say,String,Hard
Morgan Stanley,Minimum number of bracket reversals to make an expression balanced,"String, Stack",Hard
Morgan Stanley,Reverse every word in a string,String,Medium
Morgan Stanley,Number of distinct substrings in a string,"Hash Function, Rolling Hash",Medium
Morgan Stanley,Trie Implementation and Advanced Operations,"Trie, Implementation",Hard
Moveworks,Synonymous Sentences,"Array, Backtracking",Medium
Myntra,Wiggle Sort,"Array, Greedy",Medium
Netflix,Count Inversions,"Array, Divide and Conquer",Hard
Netflix,Find the repeating and missing number,"Array, Math",Hard
Netflix,Majority Element-I,"Array, Counting",Easy
Netflix,Majority Element-II,"Array, Counting",Hard
Netflix,Maximum Product Subarray in an Array,"Array, Dynamic Programming",Hard
Netflix,Merge two sorted arrays without extra space,"Linked List, Recursion",Medium
Netflix,Reverse Pairs,"Array, Binary Indexed Tree",Hard
Netflix,3 Sum,"Array, Sorting",Medium
Netflix,Kadane's Algorithm,"Array, Dynamic Programming",Medium
Netflix,Next Permutation,"Array, Two Pointers",Medium
Netflix,Sort an array of 0's 1's and 2's,"Array, Sorting",Medium
Netflix,Two Sum,"Array, Hash Table",Easy
Netflix,Find Peak Element - II,"Array, Binary Search",Medium
Netflix,Find row with maximum 1's,"Array, Matrix",Easy
Netflix,Matrix Median,"Matrix, Binary Search",Hard
Netflix,Search in 2D matrix - II,"Array, Binary Search",Hard
Netflix,Search in a 2D matrix,"Array, Binary Search",Hard
Netflix,Aggressive Cows,Binary Search,Hard
Netflix,Book Allocation Problem,Binary Search,Hard
Netflix,Find peak element,"Array, Binary Search",Medium
Netflix,Kth element of 2 sorted arrays,"Array, Divide and Conquer",Medium
Netflix,Median of 2 sorted arrays,"Array, Binary Search",Hard
Netflix,Split array - largest sum,"Array, Binary Search",Hard
Netflix,Find the smallest divisor,"Array, Binary Search",Medium
Netflix,Koko eating bananas,"Array, Binary Search",Medium
Netflix,Minimum days to make M bouquets,"Array, Binary Search",Medium
Netflix,BST iterator,"Stack, Tree",Hard
Netflix,Correct BST with two nodes swapped,"Tree, Depth-First Search",Hard
Netflix,Largest BST in Binary Tree,"Binary Search, Binary Search Tree",Hard
Netflix,Two sum in BST,"Binary Search Tree, Binary Tree",Hard
Netflix,Check if a tree is a BST or not,"Tree, Depth-First Search",Medium
Netflix,Construct a BST from a preorder traversal,"Array, Binary Search Tree",Medium
Netflix,Delete a node in BST,"Tree, Binary Search Tree",Medium
Netflix,Inorder successor and predecessor in BST,"Binary Search Tree, Tree",Medium
Netflix,Insert a given node in BST,"Tree, Binary Search Tree",Medium
Netflix,Kth Smallest and Largest element in BST,"Binary Search Tree, Binary Tree",Medium
Netflix,LCA in BST,"Binary Search Tree, Binary Tree",Medium
Netflix,Floor and Ceil in a BST,"Binary Search Tree, Data Structures",Easy
Netflix,Search in BST,"Tree, Depth-First Search",Easy
Netflix,Construct a BT from Postorder and Inorder,"Array, Hash Table",Hard
Netflix,Construct a BT from Preorder and Inorder,"Array, Binary Tree",Hard
Netflix,Requirements needed to construct a unique BT,"Traversal, Algorithms",Medium
Netflix,Serialize and De-serialize BT,"Binary Tree, Breadth-First Search",Hard
Netflix,Bottom view of BT,"Tree, Data Structures",Medium
Netflix,Boundary Traversal,"Tree, Data Structures",Medium
Netflix,Count total nodes in a complete BT,"Binary Search, Bit Manipulation",Easy
Netflix,LCA in BT,"Binary Tree, Depth-First Search",Hard
Netflix,Maximum Width of BT,"Binary Tree, Breadth-First Search",Medium
Netflix,Minimum time taken to burn the BT from a given Node,"Hash Table, Tree",Hard
Netflix,Print all nodes at a distance of K in BT,"Hash Table, Tree",Hard
Netflix,Print root to leaf path in BT,"String, Backtracking",Medium
Netflix,Right/Left View of BT,"Tree, Depth-First Search",Medium
Netflix,Top View of BT,"Binary Search Tree, Tree",Medium
Netflix,Vertical Order Traversal,"Binary Tree, Breadth-First Search",Medium
Netflix,Check for balanced binary tree,"Tree, Data Structures",Medium
Netflix,Check for symmetrical BTs,"Tree, Depth-First Search",Medium
Netflix,Check if two trees are identical or not,"Tree, Depth-First Search",Medium
Netflix,Diameter of Binary Tree,"Binary Tree, Depth-First Search",Easy
Netflix,Maximum Depth in BT,"Binary Tree, Breadth-First Search",Medium
Netflix,Maximum path sum,"Binary Tree, Depth-First Search",Medium
Netflix,Inorder Traversal,"Binary Tree, Depth-First Search",Easy
Netflix,Level Order Traversal,"Binary Tree, Breadth-First Search",Easy
Netflix,Postorder Traversal,"Binary Tree, Depth-First Search",Easy
Netflix,"Pre, Post, Inorder in one traversal","Stack, Tree",Easy
Netflix,Preorder Traversal,"Binary Tree, Depth-First Search",Easy
Netflix,Morris Preorder Traversal,"Stack, Tree",Hard
Netflix,Morris Inorder Traversal,"Stack, Tree",Hard
Netflix,Divide two numbers without multiplication and division,"Bit Manipulation, Math",Medium
Netflix,Minimum Bit Flips to Convert Number,Bit Manipulation,Medium
Netflix,Power Set Bit Manipulation,"Math, Bit Manipulation",Medium
Netflix,Single Number - II,"Array, Bit Manipulation",Medium
Netflix,Single Number - III,"Array, Bit Manipulation",Medium
Netflix,XOR of numbers in a given range,Brute,Medium
Netflix,Climbing stairs,"Dynamic Programming, Math",Medium
Netflix,Frog Jump,"Array, Dynamic Programming",Medium
Netflix,Frog jump with K distances,Dynamic Programming,Medium
Netflix,House robber,"Array, Dynamic Programming",Medium
Netflix,Maximum sum of non adjacent elements,"Array, Divide and Conquer",Medium
Netflix,Ninja's training,Dynamic Programming,Medium
Netflix,Cherry pickup II,"Array, Dynamic Programming",Hard
Netflix,Grid unique paths,"Math, Dynamic Programming",Medium
Netflix,Minimum Falling Path Sum,"Array, Dynamic Programming",Medium
Netflix,Triangle,"Array, Dynamic Programming",Medium
Netflix,Unique paths II,"Array, Dynamic Programming",Medium
Netflix,Best time to buy and sell stock,"Array, Dynamic Programming",Medium
Netflix,Best time to buy and sell stock II,"Array, Dynamic Programming",Medium
Netflix,Best time to buy and sell stock III,"Array, Dynamic Programming",Medium
Netflix,Best time to buy and sell stock IV,"Array, Dynamic Programming",Medium
Netflix,Best time to buy and sell stock with transaction fees,"Array, Dynamic Programming",Medium
Netflix,Distinct subsequences,"Dynamic Programming, String",Hard
Netflix,Edit distance,"Dynamic Programming, String",Hard
Netflix,Longest common subsequence,"Dynamic Programming, String",Hard
Netflix,Longest common substring,"String, Dynamic Programming",Hard
Netflix,Longest palindromic subsequence,"Dynamic Programming, String",Hard
Netflix,Minimum insertions or deletions to convert string A to B,Dynamic Programming,Hard
Netflix,Minimum insertions to make string palindrome,"Dynamic Programming, String",Hard
Netflix,Shortest common supersequence,"Dynamic Programming, String",Hard
Netflix,Wildcard matching,"Dynamic Programming, Greedy",Hard
Netflix,0 and 1 Knapsack,Dynamic Programming,Hard
Netflix,Coin change II,"Array, Dynamic Programming",Hard
Netflix,Count partitions with given difference,"Array, Math",Hard
Netflix,Count subsets with sum K,Dynamic Programming,Hard
Netflix,Minimum coins,Dynamic Programming,Hard
Netflix,Partition a set into two subsets with minimum absolute sum difference,Dynamic Programming,Hard
Netflix,Partition equal subset sum,"Array, Dynamic Programming",Hard
Netflix,Rod cutting problem,"Array, Dynamic Programming",Hard
Netflix,Subset sum equals to target,"Array, Dynamic Programming",Hard
Netflix,Target sum,"Array, Backtracking",Hard
Netflix,Unbounded knapsack,Dynamic Programming,Hard
Netflix,Burst balloons,"Array, Dynamic Programming",Hard
Netflix,Matrix chain multiplication,"Array, Dynamic Programming",Hard
Netflix,Minimum cost to cut the stick,"Array, Dynamic Programming",Hard
Netflix,Palindrome partitioning II,"String, Dynamic Programming",Hard
Netflix,Implement Queue using Arrays,"Queue, Data Structures",Easy
Netflix,Implement queue using Linkedlist,"Queue, Linked List",Easy
Netflix,Implement Queue using Stack,"Design, Queue",Easy
Netflix,Implement Stack using Arrays,"Array, Stack",Easy
Netflix,Implement stack using Linkedlist,"Stack, Linked List",Easy
Netflix,Implement Stack using Queue,"Design, Queue",Easy
Netflix,Articulation point in graph,"Graph, Depth-First Search",Hard
Netflix,Bridges in graph,"Biconnected Component, Depth-First Search",Hard
Netflix,Kosaraju's algorithm,"Graph, Depth-First Search",Hard
Netflix,Bipartite graph,"Breadth-First Search, Depth-First Search",Hard
Netflix,Detect a cycle in a directed graph,"Graph, Depth-First Search",Hard
Netflix,Detect a cycle in an undirected graph,"Graph, Depth-First Search",Hard
Netflix,Topological sort or Kahn's algorithm,"Graph, Depth-First Search",Hard
Netflix,Alien Dictionary,"Array, Breadth-First Search",Hard
Netflix,Course Schedule I,"Breadth-First Search, Depth-First Search",Hard
Netflix,Course Schedule II,"Breadth-First Search, Depth-First Search",Medium
Netflix,Find eventual safe states,"Breadth-First Search, Depth-First Search",Hard
Netflix,Shortest path in DAG,"Graph, Topological Sort",Hard
Netflix,Shortest path in undirected graph with unit weights,"Graph, Breadth-First Search",Hard
Netflix,Word ladder I,"Breadth-First Search, Hash Table",Hard
Netflix,Word ladder II,"Backtracking, Breadth-First Search",Hard
Netflix,Accounts merge,"Array, Hash Table",Hard
Netflix,Making a large island,"Array, Breadth-First Search",Hard
Netflix,Most stones removed with same row or column,"Depth-First Search, Graph",Medium
Netflix,Number of operations to make network connected,"Depth-First Search, Breadth-First Search",Hard
Netflix,Disjoint Set,"Union Find, Algorithms",Hard
Netflix,Find the MST weight,"Union Find, Graph",Hard
Netflix,Bellman ford algorithm,"Dynamic Programming, Graph",Hard
Netflix,Cheapest flight within K stops,"Breadth-First Search, Depth-First Search",Hard
Netflix,Dijkstra's algorithm,"Graph, Heap (Priority Queue)",Hard
Netflix,Find the city with the smallest number of neighbors,"Dynamic Programming, Graph",Hard
Netflix,Floyd warshall algorithm,"Dynamic Programming, Graph",Hard
Netflix,Minimum multiplications to reach end,"Array, Graph",Hard
Netflix,Number of ways to arrive at destination,"Dynamic Programming, Graph",Hard
Netflix,Path with minimum effort,"Array, Binary Search",Hard
Netflix,Print Shortest Path,"Breadth-First Search, Graph",Hard
Netflix,Shortest Distance in a Binary Maze,"Array, Breadth-First Search",Hard
Netflix,Connected Components,"Depth-First Search, Breadth-First Search",Medium
Netflix,Traversal Techniques,"Depth-First Search, Breadth-First Search",Medium
Netflix,Distance of nearest cell having one,"Array, Breadth-First Search",Medium
Netflix,Flood fill algorithm,"Array, Breadth-First Search",Medium
Netflix,Number of enclaves,"Array, Breadth-First Search",Medium
Netflix,Number of islands,"Array, Breadth-First Search",Medium
Netflix,Number of provinces,"Breadth-First Search, Depth-First Search",Medium
Netflix,Rotten Oranges,"Array, Breadth-First Search",Medium
Netflix,Surrounded Regions,"Array, Breadth-First Search",Medium
Netflix,Assign Cookies,"Array, Greedy",Easy
Netflix,Jump Game - I,"Array, Dynamic Programming",Easy
Netflix,Lemonade Change,"Array, Greedy",Easy
Netflix,Candy,"Array, Greedy",Hard
Netflix,Valid Paranthesis Checker,"String, Stack",Hard
Netflix,Insert Interval,Array,Medium
Netflix,Job sequencing Problem,"Dynamic Programming, Greedy",Medium
Netflix,Minimum number of platforms required for a railway,"Greedy, Sorting",Medium
Netflix,N meetings in one room,"Greedy, Sorting",Medium
Netflix,Non-overlapping Intervals,"Greedy, Sorting",Medium
Netflix,Shortest Job First,"Greedy, Sorting",Medium
Netflix,Count subarrays with given xor K,"Array, Hash Table",Hard
Netflix,Longest subarray with sum K,- Medium,Medium
Netflix,Design Twitter,"Design, Hash Table",Medium
Netflix,Find Median from Data Stream,"Data Stream, Design",Hard
Netflix,Kth largest element in a stream of running integers,"Binary Search Tree, Binary Tree",Hard
Netflix,Maximum Sum Combination,"Array, Sorting",Hard
Netflix,Merge K sorted Lists,"Divide and Conquer, Heap (Priority Queue)",Hard
Netflix,Build heap from a given Array,"Array, Heap (Priority Queue)",Medium
Netflix,Check if an array represents a min heap,"Array, Heap (Priority Queue)",Medium
Netflix,Convert Min Heap to Max Heap,"Array, Heap (Priority Queue)",Medium
Netflix,Heapify Algorithm,"Array, Heap (Priority Queue)",Medium
Netflix,Heap Sort,"Array, Heap (Priority Queue)",Medium
Netflix,Implement Max Heap,"Array, Heap (Priority Queue)",Medium
Netflix,Implement Min Heap,"Array, Heap (Priority Queue)",Medium
Netflix,Implement PQ using Heaps,"Array, Heap (Priority Queue)",Medium
Netflix,K-th Largest element in an array,"Array, Divide and Conquer",Medium
Netflix,Delete all occurrences of a key in DLL,"Doubly-Linked List, Linked List",Hard
Netflix,Remove duplicates from sorted DLL,"Doubly-Linked List, Linked List",Hard
Netflix,Clone a LL with random and next pointer,Linked List,Hard
Netflix,Flattening of LL,"-, - Hard",Hard
Netflix,Merge two Sorted Lists,"Linked List, Two Pointers",Hard
Netflix,Reverse LL in group of given size K,"Linked List, Recursion",Hard
Netflix,Rotate a LL,"Linked List, Two Pointers",Hard
Netflix,Sort LL,"Divide and Conquer, Linked List",Hard
Netflix,Add one to a number represented by LL,Linked List,Medium
Netflix,Check if LL is palindrome or not,"Linked List, Recursion",Medium
Netflix,Delete the middle node in LL,"Linked List, Two Pointers",Medium
Netflix,Detect a loop in LL,"Hash Table, Linked List",Medium
Netflix,Find the intersection point of Y LL,"Linked List, Two Pointers",Medium
Netflix,Find the starting point in LL,"Linked List, Two Pointers",Medium
Netflix,Length of loop in LL,"Linked List, Two Pointers",Medium
Netflix,Add two numbers in Linked List,"Linked List, Math",Medium
Netflix,Remove Nth node from the back of the LL,"Linked List, Two Pointers",Medium
Netflix,Reverse a LL,Linked List,Medium
Netflix,Segregate odd and even nodes in Linked List,Linked List,Medium
Netflix,Sort a Linked List of 0's 1's and 2's,"Linked List, Sorting",Medium
Netflix,Logger Rate Limiter,"Data Stream, Design",Easy
Netflix,Count primes in range L to R,Math,Hard
Netflix,Prime factorisation of a Number,Math,Hard
Netflix,Print all primes till N,Math,Hard
Netflix,Meeting Rooms II,"Array, Greedy",Medium
Netflix,Combination Sum,"Array, Backtracking",Medium
Netflix,Combination Sum II,"Array, Backtracking",Medium
Netflix,Combination Sum III,"Array, Backtracking",Medium
Netflix,Subsets I,"Recursion, Backtracking",Medium
Netflix,Subsets II,"Array, Backtracking",Medium
Netflix,M Coloring Problem,"Recursion, Backtracking",Hard
Netflix,N Queen,"Recursion, Backtracking",Hard
Netflix,Palindrome partitioning,"Backtracking, Dynamic Programming",Hard
Netflix,Rat in a Maze,"Recursion, Backtracking",Hard
Netflix,Sudoku Solver,"Array, Backtracking",Hard
Netflix,Word Search,"Array, Backtracking",Hard
Netflix,Letter Combinations of a Phone Number,"Backtracking, Hash Table",Hard
Netflix,Maximum Points You Can Obtain from Cards,"Array, Prefix Sum",Medium
Netflix,Binary Subarrays With Sum,"Array, Hash Table",Hard
Netflix,Count number of Nice subarrays,"Array, Hash Table",Hard
Netflix,Number of Substrings Containing All Three Characters,"Hash Table, Sliding Window",Hard
Netflix,Fruit Into Baskets,"Array, Hash Table",Medium
Netflix,Longest Repeating Character Replacement,"Hash Table, Sliding Window",Hard
Netflix,Longest Substring Without Repeating Characters,"Hash Table, Sliding Window",Medium
Netflix,Max Consecutive Ones III,"Array, Binary Search",Medium
Netflix,Minimum Window Substring,"Hash Table, Sliding Window",Hard
Netflix,Celebrity Problem,"Graph, Greedy",Hard
Netflix,Implement Min Stack,"Design, Stack",Hard
Netflix,Largest rectangle in a histogram,"Array, Monotonic Stack",Hard
Netflix,LFU Cache,"Design, Doubly-Linked List",Hard
Netflix,LRU Cache,"Design, Doubly-Linked List",Medium
Netflix,Maximum Rectangles,"Array, Dynamic Programming. Stack",Hard
Netflix,Sliding Window Maximum,"Array, Heap (Priority Queue)",Hard
Netflix,Stock span problem,"Array, Stack",Hard
Netflix,Trapping Rainwater,"Array, Dynamic Programming",Hard
Netflix,Balanced Paranthesis,"String, Greedy",Easy
Netflix,Asteroid Collision,"Array, Simulation",Medium
Netflix,Next Greater Element,"Array, Hash Table",Medium
Netflix,Next Greater Element - 2,"Array, Monotonic Stack",Medium
Netflix,Remove K Digits,"Greedy, Monotonic Stack",Medium
Netflix,Sum of Subarray Minimums,"Array, Dynamic Programming",Medium
Netflix,Sum of Subarray Ranges,"Array, Monotonic Stack",Medium
Netflix,KMP Algorithm or LPS array,"String, Rolling Hash",Hard
Netflix,Longest happy prefix,"Hash Function, Rolling Hash",Hard
Netflix,Rabin Karp Algorithm,"String, String Matching",Hard
Netflix,Shortest Palindrome,"Hash Function, Rolling Hash",Hard
Netflix,Z function,Math,Hard
Netflix,Count and say,String,Hard
Netflix,Minimum number of bracket reversals to make an expression balanced,"String, Stack",Hard
Netflix,Reverse every word in a string,String,Medium
Netflix,Maximum XOR of two numbers in an array,"Array, Bit Manipulation",Hard
Netflix,Maximum Xor with an element from an array,"Array, Bit Manipulation",Hard
Netflix,Number of distinct substrings in a string,"Hash Function, Rolling Hash",Medium
Netflix,Trie Implementation and Advanced Operations,"Trie, Implementation",Hard
Netflix,Trie Implementation and Operations,"Trie, Implementation",Hard
Nordstrom,Palindrome Permutation,"Bit Manipulation, Hash Table",Easy
Nutanix,Find the repeating and missing number,"Array, Math",Hard
Nutanix,Merge two sorted arrays without extra space,"Linked List, Recursion",Medium
Nutanix,3 Sum,"Array, Sorting",Medium
Nutanix,Leaders in an Array,Array,Medium
Nutanix,Next Permutation,"Array, Two Pointers",Medium
Nutanix,Pascal's Triangle III,"Array, Dynamic Programming",Medium
Nutanix,Print the matrix in spiral manner,"Array, Matrix",Medium
Nutanix,Maximum Consecutive Ones,Array,Easy
Nutanix,Find Peak Element - II,"Array, Binary Search",Medium
Nutanix,Search in 2D matrix - II,"Array, Binary Search",Hard
Nutanix,Aggressive Cows,Binary Search,Hard
Nutanix,Book Allocation Problem,Binary Search,Hard
Nutanix,Find peak element,"Array, Binary Search",Medium
Nutanix,Kth element of 2 sorted arrays,"Array, Divide and Conquer",Medium
Nutanix,Find minimum in Rotated Sorted Array,"Array, Binary Search",Easy
Nutanix,Find out how many times the array is rotated,"Array, Binary Search",Easy
Nutanix,Floor and Ceil in Sorted Array,"Array, Binary Search",Easy
Nutanix,Search in rotated sorted array-I,"Array, Binary Search",Medium
Nutanix,Search in rotated sorted array-II,"Array, Binary Search",Medium
Nutanix,Find Nth root of a number,"Array, Binary Search",Medium
Nutanix,Find square root of a number,"Array, Binary Search",Medium
Nutanix,Koko eating bananas,"Array, Binary Search",Medium
Nutanix,Check if a tree is a BST or not,"Tree, Depth-First Search",Medium
Nutanix,Delete a node in BST,"Tree, Binary Search Tree",Medium
Nutanix,Boundary Traversal,"Tree, Data Structures",Medium
Nutanix,Minimum time taken to burn the BT from a given Node,"Hash Table, Tree",Hard
Nutanix,Maximum Depth in BT,"Binary Tree, Breadth-First Search",Medium
Nutanix,Level Order Traversal,"Binary Tree, Breadth-First Search",Easy
Nutanix,"Pre, Post, Inorder in one traversal","Stack, Tree",Easy
Nutanix,Preorder Traversal,"Binary Tree, Depth-First Search",Easy
Nutanix,Divide two numbers without multiplication and division,"Bit Manipulation, Math",Medium
Nutanix,Single Number - II,"Array, Bit Manipulation",Medium
Nutanix,XOR of numbers in a given range,Brute,Medium
Nutanix,Boundary of Binary Tree,"Binary Tree, Breadth-First Search",Medium
Nutanix,Climbing stairs,"Dynamic Programming, Math",Medium
Nutanix,Frog Jump,"Array, Dynamic Programming",Medium
Nutanix,Minimum Falling Path Sum,"Array, Dynamic Programming",Medium
Nutanix,Best time to buy and sell stock II,"Array, Dynamic Programming",Medium
Nutanix,Best time to buy and sell stock III,"Array, Dynamic Programming",Medium
Nutanix,Distinct subsequences,"Dynamic Programming, String",Hard
Nutanix,Edit distance,"Dynamic Programming, String",Hard
Nutanix,Longest common subsequence,"Dynamic Programming, String",Hard
Nutanix,Minimum insertions or deletions to convert string A to B,Dynamic Programming,Hard
Nutanix,0 and 1 Knapsack,Dynamic Programming,Hard
Nutanix,Count subsets with sum K,Dynamic Programming,Hard
Nutanix,Partition a set into two subsets with minimum absolute sum difference,Dynamic Programming,Hard
Nutanix,Deletion of the head of LL,Linked List,Easy
Nutanix,Insertion at the tail of Linked List,Linked List,Easy
Nutanix,Implement Queue using Arrays,"Queue, Data Structures",Easy
Nutanix,Implement queue using Linkedlist,"Queue, Linked List",Easy
Nutanix,Implement stack using Linkedlist,"Stack, Linked List",Easy
Nutanix,Kosaraju's algorithm,"Graph, Depth-First Search",Hard
Nutanix,Course Schedule II,"Breadth-First Search, Depth-First Search",Medium
Nutanix,Find eventual safe states,"Breadth-First Search, Depth-First Search",Hard
Nutanix,Shortest path in undirected graph with unit weights,"Graph, Breadth-First Search",Hard
Nutanix,Word ladder II,"Backtracking, Breadth-First Search",Hard
Nutanix,Number of enclaves,"Array, Breadth-First Search",Medium
Nutanix,Surrounded Regions,"Array, Breadth-First Search",Medium
Nutanix,Non-overlapping Intervals,"Greedy, Sorting",Medium
Nutanix,Longest subarray with sum K,- Medium,Medium
Nutanix,Design Twitter,"Design, Hash Table",Medium
Nutanix,Find Median from Data Stream,"Data Stream, Design",Hard
Nutanix,Implement Max Heap,"Array, Heap (Priority Queue)",Medium
Nutanix,Clone a LL with random and next pointer,Linked List,Hard
Nutanix,Add one to a number represented by LL,Linked List,Medium
Nutanix,Find the starting point in LL,"Linked List, Two Pointers",Medium
Nutanix,Traversal in Linked List,Linked List,Easy
Nutanix,Add two numbers in Linked List,"Linked List, Math",Medium
Nutanix,Combination Sum III,"Array, Backtracking",Medium
Nutanix,Rat in a Maze,"Recursion, Backtracking",Hard
Nutanix,Letter Combinations of a Phone Number,"Backtracking, Hash Table",Hard
Nutanix,Power Set,"Recursion, Backtracking",Medium
Nutanix,Binary Subarrays With Sum,"Array, Hash Table",Hard
Nutanix,Bubble Sort,"Array, Sorting",Easy
Nutanix,Merge Sorting,"Array, Sorting",Medium
Nutanix,Selection Sort,"Array, Sorting",Easy
Nutanix,Celebrity Problem,"Graph, Greedy",Hard
Nutanix,Trapping Rainwater,"Array, Dynamic Programming",Hard
Nutanix,Sum of Subarray Minimums,"Array, Dynamic Programming",Medium
Nutanix,Sum of Subarray Ranges,"Array, Monotonic Stack",Medium
Nutanix,Rabin Karp Algorithm,"String, String Matching",Hard
Nutanix,Z function,Math,Hard
Nutanix,Reverse every word in a string,String,Medium
NVIDIA,Count Inversions,"Array, Divide and Conquer",Hard
NVIDIA,Maximum Product Subarray in an Array,"Array, Dynamic Programming",Hard
NVIDIA,Merge two sorted arrays without extra space,"Linked List, Recursion",Medium
NVIDIA,3 Sum,"Array, Sorting",Medium
NVIDIA,Next Permutation,"Array, Two Pointers",Medium
NVIDIA,Pascal's Triangle III,"Array, Dynamic Programming",Medium
NVIDIA,Sort an array of 0's 1's and 2's,"Array, Sorting",Medium
NVIDIA,Left Rotate Array by One,"Array, Implementation",Easy
NVIDIA,Find missing number,"Array, Bit Manipulation",Easy
NVIDIA,Matrix Median,"Matrix, Binary Search",Hard
NVIDIA,Split array - largest sum,"Array, Binary Search",Hard
NVIDIA,Search X in sorted array,"Array, Binary Search",Easy
NVIDIA,Upper Bound,"Array, Binary Search",Easy
NVIDIA,First and last occurrence,"Array, Binary Search",Easy
NVIDIA,Search in rotated sorted array-I,"Array, Binary Search",Medium
NVIDIA,Search in rotated sorted array-II,"Array, Binary Search",Medium
NVIDIA,Find the smallest divisor,"Array, Binary Search",Medium
NVIDIA,Koko eating bananas,"Array, Binary Search",Medium
NVIDIA,BST iterator,"Stack, Tree",Hard
NVIDIA,Construct a BST from a preorder traversal,"Array, Binary Search Tree",Medium
NVIDIA,Delete a node in BST,"Tree, Binary Search Tree",Medium
NVIDIA,Inorder successor and predecessor in BST,"Binary Search Tree, Tree",Medium
NVIDIA,Construct a BT from Postorder and Inorder,"Array, Hash Table",Hard
NVIDIA,Requirements needed to construct a unique BT,"Traversal, Algorithms",Medium
NVIDIA,Minimum time taken to burn the BT from a given Node,"Hash Table, Tree",Hard
NVIDIA,Right/Left View of BT,"Tree, Depth-First Search",Medium
NVIDIA,Top View of BT,"Binary Search Tree, Tree",Medium
NVIDIA,Vertical Order Traversal,"Binary Tree, Breadth-First Search",Medium
NVIDIA,Check for symmetrical BTs,"Tree, Depth-First Search",Medium
NVIDIA,Check if two trees are identical or not,"Tree, Depth-First Search",Medium
NVIDIA,Diameter of Binary Tree,"Binary Tree, Depth-First Search",Easy
NVIDIA,Maximum Depth in BT,"Binary Tree, Breadth-First Search",Medium
NVIDIA,Minimum Bit Flips to Convert Number,Bit Manipulation,Medium
NVIDIA,Power Set Bit Manipulation,"Math, Bit Manipulation",Medium
NVIDIA,Single Number - III,"Array, Bit Manipulation",Medium
NVIDIA,Convert Binary Search Tree to Sorted Doubly Linked List,"Binary Search Tree, Binary Tree",Hard
NVIDIA,Count the Number of Good Subsequences,"Combinatorics, Counting",Medium
NVIDIA,Count the Number of Set Bits,"Bit Manipulation, Math",Easy
NVIDIA,Dot Product of Two Sparse Vectors,"Array, Design",Medium
NVIDIA,Climbing stairs,"Dynamic Programming, Math",Medium
NVIDIA,House robber,"Array, Dynamic Programming",Medium
NVIDIA,Maximum sum of non adjacent elements,"Array, Divide and Conquer",Medium
NVIDIA,Ninja's training,Dynamic Programming,Medium
NVIDIA,Minimum Falling Path Sum,"Array, Dynamic Programming",Medium
NVIDIA,Triangle,"Array, Dynamic Programming",Medium
NVIDIA,Best time to buy and sell stock,"Array, Dynamic Programming",Medium
NVIDIA,Best time to buy and sell stock IV,"Array, Dynamic Programming",Medium
NVIDIA,Best time to buy and sell stock with transaction fees,"Array, Dynamic Programming",Medium
NVIDIA,Minimum insertions or deletions to convert string A to B,Dynamic Programming,Hard
NVIDIA,Minimum insertions to make string palindrome,"Dynamic Programming, String",Hard
NVIDIA,Wildcard matching,"Dynamic Programming, Greedy",Hard
NVIDIA,Partition a set into two subsets with minimum absolute sum difference,Dynamic Programming,Hard
NVIDIA,Unbounded knapsack,Dynamic Programming,Hard
NVIDIA,Delete Kth Element of Doubly Linked List,"Doubly-Linked List, Hash Table",Easy
NVIDIA,Deletion of the tail of Linked List,"Linked List, Hash Table",Easy
NVIDIA,Insertion at the Kth position of Linked List,Linked List,Easy
NVIDIA,Insert node before (kth node) in Doubly Linked List,"Doubly-Linked List, Linked List",Easy
NVIDIA,Insert node before tail in Doubly Linked List,"Doubly-Linked List, Linked List",Easy
NVIDIA,Implement Queue using Arrays,"Queue, Data Structures",Easy
NVIDIA,Articulation point in graph,"Graph, Depth-First Search",Hard
NVIDIA,Kosaraju's algorithm,"Graph, Depth-First Search",Hard
NVIDIA,Bipartite graph,"Breadth-First Search, Depth-First Search",Hard
NVIDIA,Alien Dictionary,"Array, Breadth-First Search",Hard
NVIDIA,Shortest path in undirected graph with unit weights,"Graph, Breadth-First Search",Hard
NVIDIA,Word ladder II,"Backtracking, Breadth-First Search",Hard
NVIDIA,Making a large island,"Array, Breadth-First Search",Hard
NVIDIA,Disjoint Set,"Union Find, Algorithms",Hard
NVIDIA,Cheapest flight within K stops,"Breadth-First Search, Depth-First Search",Hard
NVIDIA,Floyd warshall algorithm,"Dynamic Programming, Graph",Hard
NVIDIA,Path with minimum effort,"Array, Binary Search",Hard
NVIDIA,Print Shortest Path,"Breadth-First Search, Graph",Hard
NVIDIA,Shortest Distance in a Binary Maze,"Array, Breadth-First Search",Hard
NVIDIA,Connected Components,"Depth-First Search, Breadth-First Search",Medium
NVIDIA,Distance of nearest cell having one,"Array, Breadth-First Search",Medium
NVIDIA,Flood fill algorithm,"Array, Breadth-First Search",Medium
NVIDIA,Candy,"Array, Greedy",Hard
NVIDIA,Valid Paranthesis Checker,"String, Stack",Hard
NVIDIA,Insert Interval,Array,Medium
NVIDIA,Non-overlapping Intervals,"Greedy, Sorting",Medium
NVIDIA,Shortest Job First,"Greedy, Sorting",Medium
NVIDIA,Longest subarray with sum K,- Medium,Medium
NVIDIA,Heapify Algorithm,"Array, Heap (Priority Queue)",Medium
NVIDIA,Merge two Sorted Lists,"Linked List, Two Pointers",Hard
NVIDIA,Reverse LL in group of given size K,"Linked List, Recursion",Hard
NVIDIA,Find the starting point in LL,"Linked List, Two Pointers",Medium
NVIDIA,Segregate odd and even nodes in Linked List,Linked List,Medium
NVIDIA,Minimum Knight Moves,Breadth-First Search,Medium
NVIDIA,Combination Sum II,"Array, Backtracking",Medium
NVIDIA,Combination Sum III,"Array, Backtracking",Medium
NVIDIA,N Queen,"Recursion, Backtracking",Hard
NVIDIA,Maximum Points You Can Obtain from Cards,"Array, Prefix Sum",Medium
NVIDIA,Number of Substrings Containing All Three Characters,"Hash Table, Sliding Window",Hard
NVIDIA,Longest Repeating Character Replacement,"Hash Table, Sliding Window",Hard
NVIDIA,Longest Substring Without Repeating Characters,"Hash Table, Sliding Window",Medium
NVIDIA,Max Consecutive Ones III,"Array, Binary Search",Medium
NVIDIA,Insertion Sorting,"Array, Sorting",Easy
NVIDIA,Largest rectangle in a histogram,"Array, Monotonic Stack",Hard
NVIDIA,Maximum Rectangles,"Array, Dynamic Programming. Stack",Hard
NVIDIA,Sliding Window Maximum,"Array, Heap (Priority Queue)",Hard
NVIDIA,Trapping Rainwater,"Array, Dynamic Programming",Hard
NVIDIA,Next Greater Element,"Array, Hash Table",Medium
NVIDIA,Next Greater Element - 2,"Array, Monotonic Stack",Medium
NVIDIA,Sum of Subarray Ranges,"Array, Monotonic Stack",Medium
NVIDIA,Count and say,String,Hard
NVIDIA,The Maze,"Array, Breadth-First Search",Medium
NVIDIA,Verify Preorder Sequence in Binary Search Tree,"Array, Binary Search Tree",Hard
Optum,Majority Element-I,"Array, Counting",Easy
Optum,3 Sum,"Array, Sorting",Medium
Optum,Kadane's Algorithm,"Array, Dynamic Programming",Medium
Optum,Next Permutation,"Array, Two Pointers",Medium
Optum,Rearrange array elements by sign,"Array, Simulation",Medium
Optum,Maximum Consecutive Ones,Array,Easy
Optum,Find Peak Element - II,"Array, Binary Search",Medium
Optum,Find row with maximum 1's,"Array, Matrix",Easy
Optum,Matrix Median,"Matrix, Binary Search",Hard
Optum,Search in 2D matrix - II,"Array, Binary Search",Hard
Optum,Find peak element,"Array, Binary Search",Medium
Optum,Split array - largest sum,"Array, Binary Search",Hard
Optum,Lower Bound,"Array, Binary Search",Easy
Optum,Upper Bound,"Array, Binary Search",Easy
Optum,Find minimum in Rotated Sorted Array,"Array, Binary Search",Easy
Optum,Search insert position,"Array, Binary Search",Easy
Optum,Minimum days to make M bouquets,"Array, Binary Search",Medium
Optum,BST iterator,"Stack, Tree",Hard
Optum,Correct BST with two nodes swapped,"Tree, Depth-First Search",Hard
Optum,Largest BST in Binary Tree,"Binary Search, Binary Search Tree",Hard
Optum,Two sum in BST,"Binary Search Tree, Binary Tree",Hard
Optum,Insert a given node in BST,"Tree, Binary Search Tree",Medium
Optum,Construct a BT from Preorder and Inorder,"Array, Binary Tree",Hard
Optum,Count total nodes in a complete BT,"Binary Search, Bit Manipulation",Easy
Optum,Maximum Width of BT,"Binary Tree, Breadth-First Search",Medium
Optum,Minimum time taken to burn the BT from a given Node,"Hash Table, Tree",Hard
Optum,Print all nodes at a distance of K in BT,"Hash Table, Tree",Hard
Optum,Top View of BT,"Binary Search Tree, Tree",Medium
Optum,Vertical Order Traversal,"Binary Tree, Breadth-First Search",Medium
Optum,Check for balanced binary tree,"Tree, Data Structures",Medium
Optum,Check for symmetrical BTs,"Tree, Depth-First Search",Medium
Optum,Check if two trees are identical or not,"Tree, Depth-First Search",Medium
Optum,Diameter of Binary Tree,"Binary Tree, Depth-First Search",Easy
Optum,Level Order Traversal,"Binary Tree, Breadth-First Search",Easy
Optum,"Pre, Post, Inorder in one traversal","Stack, Tree",Easy
Optum,Divide two numbers without multiplication and division,"Bit Manipulation, Math",Medium
Optum,Minimum Bit Flips to Convert Number,Bit Manipulation,Medium
Optum,Single Number - II,"Array, Bit Manipulation",Medium
Optum,XOR of numbers in a given range,Brute,Medium
Optum,Climbing stairs,"Dynamic Programming, Math",Medium
Optum,House robber,"Array, Dynamic Programming",Medium
Optum,Ninja's training,Dynamic Programming,Medium
Optum,Grid unique paths,"Math, Dynamic Programming",Medium
Optum,Distinct subsequences,"Dynamic Programming, String",Hard
Optum,Edit distance,"Dynamic Programming, String",Hard
Optum,Longest common substring,"String, Dynamic Programming",Hard
Optum,Partition equal subset sum,"Array, Dynamic Programming",Hard
Optum,Target sum,"Array, Backtracking",Hard
Optum,Unbounded knapsack,Dynamic Programming,Hard
Optum,Burst balloons,"Array, Dynamic Programming",Hard
Optum,Delete Kth Element of Doubly Linked List,"Doubly-Linked List, Hash Table",Easy
Optum,Insertion at the head of Linked List,Linked List,Easy
Optum,Insertion before the value X in Linked List,Linked List,Easy
Optum,Kosaraju's algorithm,"Graph, Depth-First Search",Hard
Optum,Course Schedule I,"Breadth-First Search, Depth-First Search",Hard
Optum,Course Schedule II,"Breadth-First Search, Depth-First Search",Medium
Optum,Shortest path in DAG,"Graph, Topological Sort",Hard
Optum,Shortest path in undirected graph with unit weights,"Graph, Breadth-First Search",Hard
Optum,Accounts merge,"Array, Hash Table",Hard
Optum,Disjoint Set,"Union Find, Algorithms",Hard
Optum,Find the MST weight,"Union Find, Graph",Hard
Optum,Find the city with the smallest number of neighbors,"Dynamic Programming, Graph",Hard
Optum,Connected Components,"Depth-First Search, Breadth-First Search",Medium
Optum,Number of islands,"Array, Breadth-First Search",Medium
Optum,Jump Game - I,"Array, Dynamic Programming",Easy
Optum,Lemonade Change,"Array, Greedy",Easy
Optum,Valid Paranthesis Checker,"String, Stack",Hard
Optum,N meetings in one room,"Greedy, Sorting",Medium
Optum,Design Twitter,"Design, Hash Table",Medium
Optum,Merge K sorted Lists,"Divide and Conquer, Heap (Priority Queue)",Hard
Optum,Build heap from a given Array,"Array, Heap (Priority Queue)",Medium
Optum,Check if an array represents a min heap,"Array, Heap (Priority Queue)",Medium
Optum,Implement Max Heap,"Array, Heap (Priority Queue)",Medium
Optum,K-th Largest element in an array,"Array, Divide and Conquer",Medium
Optum,Flattening of LL,"-, - Hard",Hard
Optum,Sort LL,"Divide and Conquer, Linked List",Hard
Optum,Check if LL is palindrome or not,"Linked List, Recursion",Medium
Optum,Delete the middle node in LL,"Linked List, Two Pointers",Medium
Optum,Find the intersection point of Y LL,"Linked List, Two Pointers",Medium
Optum,Segregate odd and even nodes in Linked List,Linked List,Medium
Optum,Count primes in range L to R,Math,Hard
Optum,Print all primes till N,Math,Hard
Optum,Combination Sum,"Array, Backtracking",Medium
Optum,Subsets I,"Recursion, Backtracking",Medium
Optum,Subsets II,"Array, Backtracking",Medium
Optum,Sudoku Solver,"Array, Backtracking",Hard
Optum,Power Set,"Recursion, Backtracking",Medium
Optum,Check if there exists a subsequence with sum K,"Array, Dynamic Programming",Easy
Optum,Count all subsequences with sum K,Recursion,Easy
Optum,Number of Substrings Containing All Three Characters,"Hash Table, Sliding Window",Hard
Optum,Fruit Into Baskets,"Array, Hash Table",Medium
Optum,Insertion Sorting,"Array, Sorting",Easy
Optum,Merge Sorting,"Array, Sorting",Medium
Optum,Selection Sort,"Array, Sorting",Easy
Optum,Largest rectangle in a histogram,"Array, Monotonic Stack",Hard
Optum,Sliding Window Maximum,"Array, Heap (Priority Queue)",Hard
Optum,Sum of Subarray Ranges,"Array, Monotonic Stack",Medium
Optum,KMP Algorithm or LPS array,"String, Rolling Hash",Hard
Optum,Shortest Palindrome,"Hash Function, Rolling Hash",Hard
Oracle,Majority Element-II,"Array, Counting",Hard
Oracle,Merge two sorted arrays without extra space,"Linked List, Recursion",Medium
Oracle,3 Sum,"Array, Sorting",Medium
Oracle,Kadane's Algorithm,"Array, Dynamic Programming",Medium
Oracle,Print the matrix in spiral manner,"Array, Matrix",Medium
Oracle,Linear Search,"Array, Searching",Easy
Oracle,Maximum Consecutive Ones,Array,Easy
Oracle,Search in 2D matrix - II,"Array, Binary Search",Hard
Oracle,Aggressive Cows,Binary Search,Hard
Oracle,Book Allocation Problem,Binary Search,Hard
Oracle,Find peak element,"Array, Binary Search",Medium
Oracle,Find out how many times the array is rotated,"Array, Binary Search",Easy
Oracle,Search insert position,"Array, Binary Search",Easy
Oracle,Find square root of a number,"Array, Binary Search",Medium
Oracle,Construct a BST from a preorder traversal,"Array, Binary Search Tree",Medium
Oracle,Floor and Ceil in a BST,"Binary Search Tree, Data Structures",Easy
Oracle,Construct a BT from Preorder and Inorder,"Array, Binary Tree",Hard
Oracle,Requirements needed to construct a unique BT,"Traversal, Algorithms",Medium
Oracle,Maximum Width of BT,"Binary Tree, Breadth-First Search",Medium
Oracle,Print root to leaf path in BT,"String, Backtracking",Medium
Oracle,Check for symmetrical BTs,"Tree, Depth-First Search",Medium
Oracle,Morris Inorder Traversal,"Stack, Tree",Hard
Oracle,Power Set Bit Manipulation,"Math, Bit Manipulation",Medium
Oracle,XOR of numbers in a given range,Brute,Medium
Oracle,Count the Number of Good Subsequences,"Combinatorics, Counting",Medium
Oracle,Frog jump with K distances,Dynamic Programming,Medium
Oracle,Maximum sum of non adjacent elements,"Array, Divide and Conquer",Medium
Oracle,Best time to buy and sell stock II,"Array, Dynamic Programming",Medium
Oracle,Best time to buy and sell stock III,"Array, Dynamic Programming",Medium
Oracle,Best time to buy and sell stock with transaction fees,"Array, Dynamic Programming",Medium
Oracle,Longest common substring,"String, Dynamic Programming",Hard
Oracle,Minimum insertions to make string palindrome,"Dynamic Programming, String",Hard
Oracle,Shortest common supersequence,"Dynamic Programming, String",Hard
Oracle,Wildcard matching,"Dynamic Programming, Greedy",Hard
Oracle,Coin change II,"Array, Dynamic Programming",Hard
Oracle,Count subsets with sum K,Dynamic Programming,Hard
Oracle,Rod cutting problem,"Array, Dynamic Programming",Hard
Oracle,Palindrome partitioning II,"String, Dynamic Programming",Hard
Oracle,Convert Array to Doubly Linked List,"Doubly-Linked List, Hash Table",Easy
Oracle,Delete head of Doubly Linked List,"Doubly-Linked List, Hash Table",Easy
Oracle,Delete Kth Element of Doubly Linked List,"Doubly-Linked List, Hash Table",Easy
Oracle,Deletion of the head of LL,Linked List,Easy
Oracle,Deletion of the tail of Linked List,"Linked List, Hash Table",Easy
Oracle,Insertion at the head of Linked List,Linked List,Easy
Oracle,Insert node before tail in Doubly Linked List,"Doubly-Linked List, Linked List",Easy
Oracle,Implement Queue using Stack,"Design, Queue",Easy
Oracle,Articulation point in graph,"Graph, Depth-First Search",Hard
Oracle,Topological sort or Kahn's algorithm,"Graph, Depth-First Search",Hard
Oracle,Alien Dictionary,"Array, Breadth-First Search",Hard
Oracle,Shortest path in DAG,"Graph, Topological Sort",Hard
Oracle,Word ladder II,"Backtracking, Breadth-First Search",Hard
Oracle,Making a large island,"Array, Breadth-First Search",Hard
Oracle,Floyd warshall algorithm,"Dynamic Programming, Graph",Hard
Oracle,Minimum multiplications to reach end,"Array, Graph",Hard
Oracle,Number of ways to arrive at destination,"Dynamic Programming, Graph",Hard
Oracle,Path with minimum effort,"Array, Binary Search",Hard
Oracle,Shortest Distance in a Binary Maze,"Array, Breadth-First Search",Hard
Oracle,Traversal Techniques,"Depth-First Search, Breadth-First Search",Medium
Oracle,Number of distinct islands,"Breadth-First Search, Depth-First Search",Medium
Oracle,Number of enclaves,"Array, Breadth-First Search",Medium
Oracle,Surrounded Regions,"Array, Breadth-First Search",Medium
Oracle,Assign Cookies,"Array, Greedy",Easy
Oracle,Valid Paranthesis Checker,"String, Stack",Hard
Oracle,Insert Interval,Array,Medium
Oracle,Minimum number of platforms required for a railway,"Greedy, Sorting",Medium
Oracle,N meetings in one room,"Greedy, Sorting",Medium
Oracle,Longest subarray with sum K,- Medium,Medium
Oracle,Design Twitter,"Design, Hash Table",Medium
Oracle,Heap Sort,"Array, Heap (Priority Queue)",Medium
Oracle,Kill Process,"Array, Breadth-First Search",Medium
Oracle,Merge two Sorted Lists,"Linked List, Two Pointers",Hard
Oracle,Check if LL is palindrome or not,"Linked List, Recursion",Medium
Oracle,Find the starting point in LL,"Linked List, Two Pointers",Medium
Oracle,Length of loop in LL,"Linked List, Two Pointers",Medium
Oracle,Remove Nth node from the back of the LL,"Linked List, Two Pointers",Medium
Oracle,Segregate odd and even nodes in Linked List,Linked List,Medium
Oracle,Sort a Linked List of 0's 1's and 2's,"Linked List, Sorting",Medium
Oracle,Logger Rate Limiter,"Data Stream, Design",Easy
Oracle,Longest Substring with At Most Two Distinct Characters,"Hash Table, Sliding Window",Medium
Oracle,Make Array Non decreasing or Non increasing,"Dynamic Programming, Greedy",Easy
Oracle,Max Stack,"Design, Doubly-Linked List",Hard
Oracle,Meeting Rooms,"Array, Sorting",Easy
Oracle,Meeting Rooms II,"Array, Greedy",Medium
Oracle,Merge Operations to Turn Array Into a Palindrome,"Array, Greedy",Medium
Oracle,Subsets II,"Array, Backtracking",Medium
Oracle,Rat in a Maze,"Recursion, Backtracking",Hard
Oracle,Word Search,"Array, Backtracking",Hard
Oracle,Count all subsequences with sum K,Recursion,Easy
Oracle,Count number of Nice subarrays,"Array, Hash Table",Hard
Oracle,Fruit Into Baskets,"Array, Hash Table",Medium
Oracle,Longest Repeating Character Replacement,"Hash Table, Sliding Window",Hard
Oracle,Longest Substring With At Most K Distinct Characters,"Hash Table, Sliding Window",Hard
Oracle,Insertion Sorting,"Array, Sorting",Easy
Oracle,Merge Sorting,"Array, Sorting",Medium
Oracle,LRU Cache,"Design, Doubly-Linked List",Medium
Oracle,Balanced Paranthesis,"String, Greedy",Easy
Oracle,Next Greater Element - 2,"Array, Monotonic Stack",Medium
Oracle,Shortest Palindrome,"Hash Function, Rolling Hash",Hard
Oracle,Count and say,String,Hard
Oracle,Maximum XOR of two numbers in an array,"Array, Bit Manipulation",Hard
Oracle,Word Pattern II,"Hash Table, String",Hard
Oscar Health,Design Hit Counter,"Array, Binary Search",Medium
OYO Rooms,Count Inversions,"Array, Divide and Conquer",Hard
OYO Rooms,Majority Element-I,"Array, Counting",Easy
OYO Rooms,Reverse Pairs,"Array, Binary Indexed Tree",Hard
OYO Rooms,Next Permutation,"Array, Two Pointers",Medium
OYO Rooms,Rearrange array elements by sign,"Array, Simulation",Medium
OYO Rooms,Rotate matrix by 90 degrees,"Array, Math",Medium
OYO Rooms,Left Rotate Array by One,"Array, Implementation",Easy
OYO Rooms,Maximum Consecutive Ones,Array,Easy
OYO Rooms,Kth element of 2 sorted arrays,"Array, Divide and Conquer",Medium
OYO Rooms,Search X in sorted array,"Array, Binary Search",Easy
OYO Rooms,Find minimum in Rotated Sorted Array,"Array, Binary Search",Easy
OYO Rooms,Search insert position,"Array, Binary Search",Easy
OYO Rooms,Single element in sorted array,"Array, Binary Search",Medium
OYO Rooms,Find Nth root of a number,"Array, Binary Search",Medium
OYO Rooms,Minimum days to make M bouquets,"Array, Binary Search",Medium
OYO Rooms,Correct BST with two nodes swapped,"Tree, Depth-First Search",Hard
OYO Rooms,Largest BST in Binary Tree,"Binary Search, Binary Search Tree",Hard
OYO Rooms,Check if a tree is a BST or not,"Tree, Depth-First Search",Medium
OYO Rooms,Inorder successor and predecessor in BST,"Binary Search Tree, Tree",Medium
OYO Rooms,Floor and Ceil in a BST,"Binary Search Tree, Data Structures",Easy
OYO Rooms,Search in BST,"Tree, Depth-First Search",Easy
OYO Rooms,Construct a BT from Postorder and Inorder,"Array, Hash Table",Hard
OYO Rooms,Bottom view of BT,"Tree, Data Structures",Medium
OYO Rooms,Boundary Traversal,"Tree, Data Structures",Medium
OYO Rooms,Maximum Width of BT,"Binary Tree, Breadth-First Search",Medium
OYO Rooms,Minimum time taken to burn the BT from a given Node,"Hash Table, Tree",Hard
OYO Rooms,Print root to leaf path in BT,"String, Backtracking",Medium
OYO Rooms,Right/Left View of BT,"Tree, Depth-First Search",Medium
OYO Rooms,Top View of BT,"Binary Search Tree, Tree",Medium
OYO Rooms,Diameter of Binary Tree,"Binary Tree, Depth-First Search",Easy
OYO Rooms,Maximum Depth in BT,"Binary Tree, Breadth-First Search",Medium
OYO Rooms,Single Number - III,"Array, Bit Manipulation",Medium
OYO Rooms,Frog Jump,"Array, Dynamic Programming",Medium
OYO Rooms,Frog jump with K distances,Dynamic Programming,Medium
OYO Rooms,House robber,"Array, Dynamic Programming",Medium
OYO Rooms,Ninja's training,Dynamic Programming,Medium
OYO Rooms,Cherry pickup II,"Array, Dynamic Programming",Hard
OYO Rooms,Triangle,"Array, Dynamic Programming",Medium
OYO Rooms,Best time to buy and sell stock IV,"Array, Dynamic Programming",Medium
OYO Rooms,Best time to buy and sell stock with transaction fees,"Array, Dynamic Programming",Medium
OYO Rooms,Longest common subsequence,"Dynamic Programming, String",Hard
OYO Rooms,Longest palindromic subsequence,"Dynamic Programming, String",Hard
OYO Rooms,Shortest common supersequence,"Dynamic Programming, String",Hard
OYO Rooms,Wildcard matching,"Dynamic Programming, Greedy",Hard
OYO Rooms,Coin change II,"Array, Dynamic Programming",Hard
OYO Rooms,Count subsets with sum K,Dynamic Programming,Hard
OYO Rooms,Partition equal subset sum,"Array, Dynamic Programming",Hard
OYO Rooms,Subset sum equals to target,"Array, Dynamic Programming",Hard
OYO Rooms,Matrix chain multiplication,"Array, Dynamic Programming",Hard
OYO Rooms,Delete Kth Element of Doubly Linked List,"Doubly-Linked List, Hash Table",Easy
OYO Rooms,Delete Tail of Doubly Linked List,"Doubly-Linked List, Hash Table",Easy
OYO Rooms,Delete the element with value X,"Linked List, Hash Table",Easy
OYO Rooms,Deletion of the Kth element of Linked List,Linked List,Easy
OYO Rooms,Insert before given node in Doubly Linked List,"Doubly-Linked List, Linked List",Easy
OYO Rooms,Insertion at the tail of Linked List,Linked List,Easy
OYO Rooms,Insertion before the value X in Linked List,Linked List,Easy
OYO Rooms,Articulation point in graph,"Graph, Depth-First Search",Hard
OYO Rooms,Topological sort or Kahn's algorithm,"Graph, Depth-First Search",Hard
OYO Rooms,Shortest path in undirected graph with unit weights,"Graph, Breadth-First Search",Hard
OYO Rooms,Accounts merge,"Array, Hash Table",Hard
OYO Rooms,Most stones removed with same row or column,"Depth-First Search, Graph",Medium
OYO Rooms,Cheapest flight within K stops,"Breadth-First Search, Depth-First Search",Hard
OYO Rooms,Minimum multiplications to reach end,"Array, Graph",Hard
OYO Rooms,Path with minimum effort,"Array, Binary Search",Hard
OYO Rooms,Connected Components,"Depth-First Search, Breadth-First Search",Medium
OYO Rooms,Distance of nearest cell having one,"Array, Breadth-First Search",Medium
OYO Rooms,Number of enclaves,"Array, Breadth-First Search",Medium
OYO Rooms,Lemonade Change,"Array, Greedy",Easy
OYO Rooms,Valid Paranthesis Checker,"String, Stack",Hard
OYO Rooms,Count subarrays with given xor K,"Array, Hash Table",Hard
OYO Rooms,Check if an array represents a min heap,"Array, Heap (Priority Queue)",Medium
OYO Rooms,Heap Sort,"Array, Heap (Priority Queue)",Medium
OYO Rooms,Merge two Sorted Lists,"Linked List, Two Pointers",Hard
OYO Rooms,Sort LL,"Divide and Conquer, Linked List",Hard
OYO Rooms,Add one to a number represented by LL,Linked List,Medium
OYO Rooms,Find the intersection point of Y LL,"Linked List, Two Pointers",Medium
OYO Rooms,Find the starting point in LL,"Linked List, Two Pointers",Medium
OYO Rooms,Traversal in Linked List,Linked List,Easy
OYO Rooms,Reverse a LL,Linked List,Medium
OYO Rooms,Segregate odd and even nodes in Linked List,Linked List,Medium
OYO Rooms,Subsets II,"Array, Backtracking",Medium
OYO Rooms,Rat in a Maze,"Recursion, Backtracking",Hard
OYO Rooms,Word Search,"Array, Backtracking",Hard
OYO Rooms,Letter Combinations of a Phone Number,"Backtracking, Hash Table",Hard
OYO Rooms,Count all subsequences with sum K,Recursion,Easy
OYO Rooms,Maximum Points You Can Obtain from Cards,"Array, Prefix Sum",Medium
OYO Rooms,Binary Subarrays With Sum,"Array, Hash Table",Hard
OYO Rooms,Fruit Into Baskets,"Array, Hash Table",Medium
OYO Rooms,Bubble Sort,"Array, Sorting",Easy
OYO Rooms,Selection Sort,"Array, Sorting",Easy
OYO Rooms,Implement Min Stack,"Design, Stack",Hard
OYO Rooms,Largest rectangle in a histogram,"Array, Monotonic Stack",Hard
OYO Rooms,Maximum Rectangles,"Array, Dynamic Programming. Stack",Hard
OYO Rooms,Trapping Rainwater,"Array, Dynamic Programming",Hard
OYO Rooms,Next Greater Element,"Array, Hash Table",Medium
OYO Rooms,Next Greater Element - 2,"Array, Monotonic Stack",Medium
OYO Rooms,Sum of Subarray Ranges,"Array, Monotonic Stack",Medium
OYO Rooms,KMP Algorithm or LPS array,"String, Rolling Hash",Hard
OYO Rooms,Rabin Karp Algorithm,"String, String Matching",Hard
OYO Rooms,Z function,Math,Hard
OYO Rooms,Minimum number of bracket reversals to make an expression balanced,"String, Stack",Hard
OYO Rooms,Number of distinct substrings in a string,"Hash Function, Rolling Hash",Medium
OYO Rooms,Trie Implementation and Advanced Operations,"Trie, Implementation",Hard
Palantir Technologies,Count the Number of Good Subsequences,"Combinatorics, Counting",Medium
Palantir Technologies,Maximum Size Subarray Sum Equals k,"Array, Hash Table",Medium
Palantir Technologies,Number of Divisible Triplet Sums,"Array, Hash Table",Medium
Palantir Technologies,Shortest Word Distance III,"Array, String",Easy
Palo Auto Networks,Meeting Rooms,"Array, Sorting",Easy
Patreon,Logger Rate Limiter,"Data Stream, Design",Easy
PayPal,Maximum Product Subarray in an Array,"Array, Dynamic Programming",Hard
PayPal,Two Sum,"Array, Hash Table",Easy
PayPal,Left Rotate Array by One,"Array, Implementation",Easy
PayPal,Find missing number,"Array, Bit Manipulation",Easy
PayPal,Move Zeros to End,"Array, Two Pointers",Easy
PayPal,Matrix Median,"Matrix, Binary Search",Hard
PayPal,Search in a 2D matrix,"Array, Binary Search",Hard
PayPal,First and last occurrence,"Array, Binary Search",Easy
PayPal,Floor and Ceil in Sorted Array,"Array, Binary Search",Easy
PayPal,Find Nth root of a number,"Array, Binary Search",Medium
PayPal,BST iterator,"Stack, Tree",Hard
PayPal,Check if a tree is a BST or not,"Tree, Depth-First Search",Medium
PayPal,Construct a BST from a preorder traversal,"Array, Binary Search Tree",Medium
PayPal,Kth Smallest and Largest element in BST,"Binary Search Tree, Binary Tree",Medium
PayPal,LCA in BST,"Binary Search Tree, Binary Tree",Medium
PayPal,Search in BST,"Tree, Depth-First Search",Easy
PayPal,Serialize and De-serialize BT,"Binary Tree, Breadth-First Search",Hard
PayPal,Bottom view of BT,"Tree, Data Structures",Medium
PayPal,Boundary Traversal,"Tree, Data Structures",Medium
PayPal,Check for balanced binary tree,"Tree, Data Structures",Medium
PayPal,Check for symmetrical BTs,"Tree, Depth-First Search",Medium
PayPal,Check if two trees are identical or not,"Tree, Depth-First Search",Medium
PayPal,Diameter of Binary Tree,"Binary Tree, Depth-First Search",Easy
PayPal,Inorder Traversal,"Binary Tree, Depth-First Search",Easy
PayPal,Postorder Traversal,"Binary Tree, Depth-First Search",Easy
PayPal,Morris Preorder Traversal,"Stack, Tree",Hard
PayPal,House robber,"Array, Dynamic Programming",Medium
PayPal,Ninja's training,Dynamic Programming,Medium
PayPal,Minimum Falling Path Sum,"Array, Dynamic Programming",Medium
PayPal,Triangle,"Array, Dynamic Programming",Medium
PayPal,Best time to buy and sell stock,"Array, Dynamic Programming",Medium
PayPal,Best time to buy and sell stock III,"Array, Dynamic Programming",Medium
PayPal,Distinct subsequences,"Dynamic Programming, String",Hard
PayPal,Edit distance,"Dynamic Programming, String",Hard
PayPal,Minimum insertions to make string palindrome,"Dynamic Programming, String",Hard
PayPal,Subset sum equals to target,"Array, Dynamic Programming",Hard
PayPal,Target sum,"Array, Backtracking",Hard
PayPal,Delete head of Doubly Linked List,"Doubly-Linked List, Hash Table",Easy
PayPal,Insertion before the value X in Linked List,Linked List,Easy
PayPal,Insert node before (kth node) in Doubly Linked List,"Doubly-Linked List, Linked List",Easy
PayPal,Insert node before head in Doubly Linked List,"Doubly-Linked List, Linked List",Easy
PayPal,Implement Queue using Arrays,"Queue, Data Structures",Easy
PayPal,Implement queue using Linkedlist,"Queue, Linked List",Easy
PayPal,Implement Queue using Stack,"Design, Queue",Easy
PayPal,Implement Stack using Arrays,"Array, Stack",Easy
PayPal,Implement stack using Linkedlist,"Stack, Linked List",Easy
PayPal,Bridges in graph,"Biconnected Component, Depth-First Search",Hard
PayPal,Bipartite graph,"Breadth-First Search, Depth-First Search",Hard
PayPal,Detect a cycle in a directed graph,"Graph, Depth-First Search",Hard
PayPal,Alien Dictionary,"Array, Breadth-First Search",Hard
PayPal,Word ladder I,"Breadth-First Search, Hash Table",Hard
PayPal,Word ladder II,"Backtracking, Breadth-First Search",Hard
PayPal,Accounts merge,"Array, Hash Table",Hard
PayPal,Making a large island,"Array, Breadth-First Search",Hard
PayPal,Number of operations to make network connected,"Depth-First Search, Breadth-First Search",Hard
PayPal,Disjoint Set,"Union Find, Algorithms",Hard
PayPal,Find the city with the smallest number of neighbors,"Dynamic Programming, Graph",Hard
PayPal,Path with minimum effort,"Array, Binary Search",Hard
PayPal,Connected Components,"Depth-First Search, Breadth-First Search",Medium
PayPal,Lemonade Change,"Array, Greedy",Easy
PayPal,Valid Paranthesis Checker,"String, Stack",Hard
PayPal,Job sequencing Problem,"Dynamic Programming, Greedy",Medium
PayPal,Shortest Job First,"Greedy, Sorting",Medium
PayPal,Count subarrays with given xor K,"Array, Hash Table",Hard
PayPal,Longest subarray with sum K,- Medium,Medium
PayPal,Kth largest element in a stream of running integers,"Binary Search Tree, Binary Tree",Hard
PayPal,Build heap from a given Array,"Array, Heap (Priority Queue)",Medium
PayPal,Convert Min Heap to Max Heap,"Array, Heap (Priority Queue)",Medium
PayPal,Heap Sort,"Array, Heap (Priority Queue)",Medium
PayPal,Implement Max Heap,"Array, Heap (Priority Queue)",Medium
PayPal,Check if LL is palindrome or not,"Linked List, Recursion",Medium
PayPal,Delete the middle node in LL,"Linked List, Two Pointers",Medium
PayPal,Detect a loop in LL,"Hash Table, Linked List",Medium
PayPal,Find the intersection point of Y LL,"Linked List, Two Pointers",Medium
PayPal,Remove Nth node from the back of the LL,"Linked List, Two Pointers",Medium
PayPal,Reverse a LL,Linked List,Medium
PayPal,Segregate odd and even nodes in Linked List,Linked List,Medium
PayPal,Maximum Frequency Score of a Subarray,"Array, Hash Table",Hard
PayPal,Maximum Number of Integers to Choose From a Range II,"Array, Binary Search",Medium
PayPal,Meeting Scheduler,"Array, Hash Table",Medium
PayPal,Combination Sum,"Array, Backtracking",Medium
PayPal,Palindrome partitioning,"Backtracking, Dynamic Programming",Hard
PayPal,Generate Parentheses,"Backtracking, Dynamic Programming",Medium
PayPal,Count all subsequences with sum K,Recursion,Easy
PayPal,Fruit Into Baskets,"Array, Hash Table",Medium
PayPal,Longest Repeating Character Replacement,"Hash Table, Sliding Window",Hard
PayPal,Longest Substring Without Repeating Characters,"Hash Table, Sliding Window",Medium
PayPal,Minimum Window Substring,"Hash Table, Sliding Window",Hard
PayPal,Smallest Greater Multiple Made of Two Digits,"Enumeration, Math",Medium
PayPal,Bubble Sort,"Array, Sorting",Easy
PayPal,Insertion Sorting,"Array, Sorting",Easy
PayPal,LFU Cache,"Design, Doubly-Linked List",Hard
PayPal,LRU Cache,"Design, Doubly-Linked List",Medium
PayPal,Sum of Subarray Ranges,"Array, Monotonic Stack",Medium
PayPal,Longest happy prefix,"Hash Function, Rolling Hash",Hard
PayPal,Z function,Math,Hard
PayPal,Reverse every word in a string,String,Medium
PayPal,Maximum XOR of two numbers in an array,"Array, Bit Manipulation",Hard
Paytm,Number of Divisible Substrings,"Counting, Hash Table",Medium
Philips Healthcare,Kadane's Algorithm,"Array, Dynamic Programming",Medium
Philips Healthcare,Leaders in an Array,Array,Medium
Philips Healthcare,Next Permutation,"Array, Two Pointers",Medium
Philips Healthcare,Pascal's Triangle III,"Array, Dynamic Programming",Medium
Philips Healthcare,Print the matrix in spiral manner,"Array, Matrix",Medium
Philips Healthcare,Rotate matrix by 90 degrees,"Array, Math",Medium
Philips Healthcare,Maximum Consecutive Ones,Array,Easy
Philips Healthcare,Find missing number,"Array, Bit Manipulation",Easy
Philips Healthcare,Find row with maximum 1's,"Array, Matrix",Easy
Philips Healthcare,Matrix Median,"Matrix, Binary Search",Hard
Philips Healthcare,Search in 2D matrix - II,"Array, Binary Search",Hard
Philips Healthcare,Find peak element,"Array, Binary Search",Medium
Philips Healthcare,Find minimum in Rotated Sorted Array,"Array, Binary Search",Easy
Philips Healthcare,Find out how many times the array is rotated,"Array, Binary Search",Easy
Philips Healthcare,First and last occurrence,"Array, Binary Search",Easy
Philips Healthcare,Find Nth root of a number,"Array, Binary Search",Medium
Philips Healthcare,Minimum days to make M bouquets,"Array, Binary Search",Medium
Philips Healthcare,Largest BST in Binary Tree,"Binary Search, Binary Search Tree",Hard
Philips Healthcare,Construct a BST from a preorder traversal,"Array, Binary Search Tree",Medium
Philips Healthcare,Inorder successor and predecessor in BST,"Binary Search Tree, Tree",Medium
Philips Healthcare,Insert a given node in BST,"Tree, Binary Search Tree",Medium
Philips Healthcare,Construct a BT from Preorder and Inorder,"Array, Binary Tree",Hard
Philips Healthcare,Bottom view of BT,"Tree, Data Structures",Medium
Philips Healthcare,Count total nodes in a complete BT,"Binary Search, Bit Manipulation",Easy
Philips Healthcare,LCA in BT,"Binary Tree, Depth-First Search",Hard
Philips Healthcare,Print all nodes at a distance of K in BT,"Hash Table, Tree",Hard
Philips Healthcare,Postorder Traversal,"Binary Tree, Depth-First Search",Easy
Philips Healthcare,"Pre, Post, Inorder in one traversal","Stack, Tree",Easy
Philips Healthcare,Morris Preorder Traversal,"Stack, Tree",Hard
Philips Healthcare,Divide two numbers without multiplication and division,"Bit Manipulation, Math",Medium
Philips Healthcare,XOR of numbers in a given range,Brute,Medium
Philips Healthcare,Frog jump with K distances,Dynamic Programming,Medium
Philips Healthcare,Ninja's training,Dynamic Programming,Medium
Philips Healthcare,Cherry pickup II,"Array, Dynamic Programming",Hard
Philips Healthcare,Minimum Falling Path Sum,"Array, Dynamic Programming",Medium
Philips Healthcare,Best time to buy and sell stock IV,"Array, Dynamic Programming",Medium
Philips Healthcare,Minimum insertions to make string palindrome,"Dynamic Programming, String",Hard
Philips Healthcare,0 and 1 Knapsack,Dynamic Programming,Hard
Philips Healthcare,Coin change II,"Array, Dynamic Programming",Hard
Philips Healthcare,Count partitions with given difference,"Array, Math",Hard
Philips Healthcare,Palindrome partitioning II,"String, Dynamic Programming",Hard
Philips Healthcare,Delete Tail of Doubly Linked List,"Doubly-Linked List, Hash Table",Easy
Philips Healthcare,Deletion of the Kth element of Linked List,Linked List,Easy
Philips Healthcare,Deletion of the tail of Linked List,"Linked List, Hash Table",Easy
Philips Healthcare,Insertion at the Kth position of Linked List,Linked List,Easy
Philips Healthcare,Insert node before (kth node) in Doubly Linked List,"Doubly-Linked List, Linked List",Easy
Philips Healthcare,Removing given node in Doubly Linked List,"Doubly-Linked List, Linked List",Easy
Philips Healthcare,Articulation point in graph,"Graph, Depth-First Search",Hard
Philips Healthcare,Kosaraju's algorithm,"Graph, Depth-First Search",Hard
Philips Healthcare,Shortest path in DAG,"Graph, Topological Sort",Hard
Philips Healthcare,Find the MST weight,"Union Find, Graph",Hard
Philips Healthcare,Dijkstra's algorithm,"Graph, Heap (Priority Queue)",Hard
Philips Healthcare,Find the city with the smallest number of neighbors,"Dynamic Programming, Graph",Hard
Philips Healthcare,Minimum multiplications to reach end,"Array, Graph",Hard
Philips Healthcare,Number of ways to arrive at destination,"Dynamic Programming, Graph",Hard
Philips Healthcare,Distance of nearest cell having one,"Array, Breadth-First Search",Medium
Philips Healthcare,Number of enclaves,"Array, Breadth-First Search",Medium
Philips Healthcare,Number of islands,"Array, Breadth-First Search",Medium
Philips Healthcare,Rotten Oranges,"Array, Breadth-First Search",Medium
Philips Healthcare,Candy,"Array, Greedy",Hard
Philips Healthcare,Valid Paranthesis Checker,"String, Stack",Hard
Philips Healthcare,Insert Interval,Array,Medium
Philips Healthcare,N meetings in one room,"Greedy, Sorting",Medium
Philips Healthcare,Longest subarray with sum K,- Medium,Medium
Philips Healthcare,Find Median from Data Stream,"Data Stream, Design",Hard
Philips Healthcare,Kth largest element in a stream of running integers,"Binary Search Tree, Binary Tree",Hard
Philips Healthcare,Merge K sorted Lists,"Divide and Conquer, Heap (Priority Queue)",Hard
Philips Healthcare,Build heap from a given Array,"Array, Heap (Priority Queue)",Medium
Philips Healthcare,Check if an array represents a min heap,"Array, Heap (Priority Queue)",Medium
Philips Healthcare,Merge two Sorted Lists,"Linked List, Two Pointers",Hard
Philips Healthcare,Sort LL,"Divide and Conquer, Linked List",Hard
Philips Healthcare,Traversal in Linked List,Linked List,Easy
Philips Healthcare,Reverse a LL,Linked List,Medium
Philips Healthcare,Segregate odd and even nodes in Linked List,Linked List,Medium
Philips Healthcare,Print all primes till N,Math,Hard
Philips Healthcare,Combination Sum,"Array, Backtracking",Medium
Philips Healthcare,Combination Sum II,"Array, Backtracking",Medium
Philips Healthcare,M Coloring Problem,"Recursion, Backtracking",Hard
Philips Healthcare,N Queen,"Recursion, Backtracking",Hard
Philips Healthcare,Generate Parentheses,"Backtracking, Dynamic Programming",Medium
Philips Healthcare,"Pow(x,n)","Math, Recursion",Medium
Philips Healthcare,Power Set,"Recursion, Backtracking",Medium
Philips Healthcare,Number of Substrings Containing All Three Characters,"Hash Table, Sliding Window",Hard
Philips Healthcare,Fruit Into Baskets,"Array, Hash Table",Medium
Philips Healthcare,Longest Repeating Character Replacement,"Hash Table, Sliding Window",Hard
Philips Healthcare,Minimum Window Substring,"Hash Table, Sliding Window",Hard
Philips Healthcare,Bubble Sort,"Array, Sorting",Easy
Philips Healthcare,Largest rectangle in a histogram,"Array, Monotonic Stack",Hard
Philips Healthcare,LFU Cache,"Design, Doubly-Linked List",Hard
Philips Healthcare,Sliding Window Maximum,"Array, Heap (Priority Queue)",Hard
Philips Healthcare,Longest happy prefix,"Hash Function, Rolling Hash",Hard
Philips Healthcare,Shortest Palindrome,"Hash Function, Rolling Hash",Hard
Philips Healthcare,Count and say,String,Hard
Philips Healthcare,Maximum Xor with an element from an array,"Array, Bit Manipulation",Hard
Phonepe,Find the Celebrity,"Graph, Interactive",Medium
Phonepe,Number of islands II,"Array, Hash Table",Hard
Pinterest,Majority Element-II,"Array, Counting",Hard
Pinterest,Merge two sorted arrays without extra space,"Linked List, Recursion",Medium
Pinterest,Reverse Pairs,"Array, Binary Indexed Tree",Hard
Pinterest,Kadane's Algorithm,"Array, Dynamic Programming",Medium
Pinterest,Rearrange array elements by sign,"Array, Simulation",Medium
Pinterest,Rotate matrix by 90 degrees,"Array, Math",Medium
Pinterest,Maximum Consecutive Ones,Array,Easy
Pinterest,Move Zeros to End,"Array, Two Pointers",Easy
Pinterest,Union of two sorted arrays,"Array, Two Pointers",Easy
Pinterest,Search in a 2D matrix,"Array, Binary Search",Hard
Pinterest,Median of 2 sorted arrays,"Array, Binary Search",Hard
Pinterest,Upper Bound,"Array, Binary Search",Easy
Pinterest,Find out how many times the array is rotated,"Array, Binary Search",Easy
Pinterest,Find Nth root of a number,"Array, Binary Search",Medium
Pinterest,Find the smallest divisor,"Array, Binary Search",Medium
Pinterest,Largest BST in Binary Tree,"Binary Search, Binary Search Tree",Hard
Pinterest,Check if a tree is a BST or not,"Tree, Depth-First Search",Medium
Pinterest,Insert a given node in BST,"Tree, Binary Search Tree",Medium
Pinterest,LCA in BST,"Binary Search Tree, Binary Tree",Medium
Pinterest,Bottom view of BT,"Tree, Data Structures",Medium
Pinterest,Count total nodes in a complete BT,"Binary Search, Bit Manipulation",Easy
Pinterest,Print all nodes at a distance of K in BT,"Hash Table, Tree",Hard
Pinterest,Right/Left View of BT,"Tree, Depth-First Search",Medium
Pinterest,Top View of BT,"Binary Search Tree, Tree",Medium
Pinterest,Level Order Traversal,"Binary Tree, Breadth-First Search",Easy
Pinterest,Climbing stairs,"Dynamic Programming, Math",Medium
Pinterest,Frog jump with K distances,Dynamic Programming,Medium
Pinterest,Grid unique paths,"Math, Dynamic Programming",Medium
Pinterest,Minimum Falling Path Sum,"Array, Dynamic Programming",Medium
Pinterest,Triangle,"Array, Dynamic Programming",Medium
Pinterest,Unique paths II,"Array, Dynamic Programming",Medium
Pinterest,Best time to buy and sell stock II,"Array, Dynamic Programming",Medium
Pinterest,Best time to buy and sell stock with transaction fees,"Array, Dynamic Programming",Medium
Pinterest,Distinct subsequences,"Dynamic Programming, String",Hard
Pinterest,Longest common subsequence,"Dynamic Programming, String",Hard
Pinterest,Longest palindromic subsequence,"Dynamic Programming, String",Hard
Pinterest,Minimum insertions or deletions to convert string A to B,Dynamic Programming,Hard
Pinterest,0 and 1 Knapsack,Dynamic Programming,Hard
Pinterest,Burst balloons,"Array, Dynamic Programming",Hard
Pinterest,Minimum cost to cut the stick,"Array, Dynamic Programming",Hard
Pinterest,Palindrome partitioning II,"String, Dynamic Programming",Hard
Pinterest,Delete the element with value X,"Linked List, Hash Table",Easy
Pinterest,Deletion of the head of LL,Linked List,Easy
Pinterest,Insert before given node in Doubly Linked List,"Doubly-Linked List, Linked List",Easy
Pinterest,Insertion at the Kth position of Linked List,Linked List,Easy
Pinterest,Insertion at the tail of Linked List,Linked List,Easy
Pinterest,Insertion before the value X in Linked List,Linked List,Easy
Pinterest,Implement Queue using Arrays,"Queue, Data Structures",Easy
Pinterest,Implement stack using Linkedlist,"Stack, Linked List",Easy
Pinterest,Implement Stack using Queue,"Design, Queue",Easy
Pinterest,Bridges in graph,"Biconnected Component, Depth-First Search",Hard
Pinterest,Kosaraju's algorithm,"Graph, Depth-First Search",Hard
Pinterest,Bipartite graph,"Breadth-First Search, Depth-First Search",Hard
Pinterest,Detect a cycle in a directed graph,"Graph, Depth-First Search",Hard
Pinterest,Course Schedule I,"Breadth-First Search, Depth-First Search",Hard
Pinterest,Most stones removed with same row or column,"Depth-First Search, Graph",Medium
Pinterest,Bellman ford algorithm,"Dynamic Programming, Graph",Hard
Pinterest,Cheapest flight within K stops,"Breadth-First Search, Depth-First Search",Hard
Pinterest,Minimum multiplications to reach end,"Array, Graph",Hard
Pinterest,Path with minimum effort,"Array, Binary Search",Hard
Pinterest,Number of enclaves,"Array, Breadth-First Search",Medium
Pinterest,Number of islands,"Array, Breadth-First Search",Medium
Pinterest,Jump Game - I,"Array, Dynamic Programming",Easy
Pinterest,Candy,"Array, Greedy",Hard
Pinterest,Count subarrays with given xor K,"Array, Hash Table",Hard
Pinterest,Convert Min Heap to Max Heap,"Array, Heap (Priority Queue)",Medium
Pinterest,K-th Largest element in an array,"Array, Divide and Conquer",Medium
Pinterest,Remove duplicates from sorted DLL,"Doubly-Linked List, Linked List",Hard
Pinterest,Reverse LL in group of given size K,"Linked List, Recursion",Hard
Pinterest,Rotate a LL,"Linked List, Two Pointers",Hard
Pinterest,Delete the middle node in LL,"Linked List, Two Pointers",Medium
Pinterest,Find the intersection point of Y LL,"Linked List, Two Pointers",Medium
Pinterest,Sort a Linked List of 0's 1's and 2's,"Linked List, Sorting",Medium
Pinterest,Prime factorisation of a Number,Math,Hard
Pinterest,Print all primes till N,Math,Hard
Pinterest,Meeting Rooms II,"Array, Greedy",Medium
Pinterest,Optimal Account Balancing,"Array, Backtracking",Hard
Pinterest,Combination Sum,"Array, Backtracking",Medium
Pinterest,Palindrome partitioning,"Backtracking, Dynamic Programming",Hard
Pinterest,Shortest Way to Form String,"Binary Search, Greedy",Medium
Pinterest,Longest Repeating Character Replacement,"Hash Table, Sliding Window",Hard
Pinterest,Insertion Sorting,"Array, Sorting",Easy
Pinterest,Merge Sorting,"Array, Sorting",Medium
Pinterest,Quick Sorting,"Array, Sorting",Easy
Pinterest,Selection Sort,"Array, Sorting",Easy
Pinterest,Sparse Matrix Multiplication,"Array, Hash Table",Medium
Pinterest,Asteroid Collision,"Array, Simulation",Medium
Pinterest,Next Greater Element - 2,"Array, Monotonic Stack",Medium
Pinterest,Remove K Digits,"Greedy, Monotonic Stack",Medium
Pinterest,The Maze,"Array, Breadth-First Search",Medium
Pinterest,Trie Implementation and Advanced Operations,"Trie, Implementation",Hard
Pocket Gems,Basic Calculator III,"Math, Recursion",Hard
Pocket Gems,Inorder Successor in BST,"Binary Search Tree, Binary Tree",Medium
PwC,Majority Element-I,"Array, Counting",Easy
PwC,Maximum Product Subarray in an Array,"Array, Dynamic Programming",Hard
PwC,Reverse Pairs,"Array, Binary Indexed Tree",Hard
PwC,Kadane's Algorithm,"Array, Dynamic Programming",Medium
PwC,Print the matrix in spiral manner,"Array, Matrix",Medium
PwC,Sort an array of 0's 1's and 2's,"Array, Sorting",Medium
PwC,Find row with maximum 1's,"Array, Matrix",Easy
PwC,Find peak element,"Array, Binary Search",Medium
PwC,Kth element of 2 sorted arrays,"Array, Divide and Conquer",Medium
PwC,Search X in sorted array,"Array, Binary Search",Easy
PwC,Find out how many times the array is rotated,"Array, Binary Search",Easy
PwC,Floor and Ceil in Sorted Array,"Array, Binary Search",Easy
PwC,Find square root of a number,"Array, Binary Search",Medium
PwC,Find the smallest divisor,"Array, Binary Search",Medium
PwC,Check if a tree is a BST or not,"Tree, Depth-First Search",Medium
PwC,Construct a BST from a preorder traversal,"Array, Binary Search Tree",Medium
PwC,Insert a given node in BST,"Tree, Binary Search Tree",Medium
PwC,Search in BST,"Tree, Depth-First Search",Easy
PwC,Construct a BT from Postorder and Inorder,"Array, Hash Table",Hard
PwC,Check for symmetrical BTs,"Tree, Depth-First Search",Medium
PwC,Maximum path sum,"Binary Tree, Depth-First Search",Medium
PwC,Postorder Traversal,"Binary Tree, Depth-First Search",Easy
PwC,Divide two numbers without multiplication and division,"Bit Manipulation, Math",Medium
PwC,Power Set Bit Manipulation,"Math, Bit Manipulation",Medium
PwC,Ninja's training,Dynamic Programming,Medium
PwC,Cherry pickup II,"Array, Dynamic Programming",Hard
PwC,Grid unique paths,"Math, Dynamic Programming",Medium
PwC,Edit distance,"Dynamic Programming, String",Hard
PwC,Longest common subsequence,"Dynamic Programming, String",Hard
PwC,Minimum insertions or deletions to convert string A to B,Dynamic Programming,Hard
PwC,Wildcard matching,"Dynamic Programming, Greedy",Hard
PwC,Partition a set into two subsets with minimum absolute sum difference,Dynamic Programming,Hard
PwC,Matrix chain multiplication,"Array, Dynamic Programming",Hard
PwC,Delete Kth Element of Doubly Linked List,"Doubly-Linked List, Hash Table",Easy
PwC,Delete the element with value X,"Linked List, Hash Table",Easy
PwC,Deletion of the head of LL,Linked List,Easy
PwC,Deletion of the tail of Linked List,"Linked List, Hash Table",Easy
PwC,Insertion at the tail of Linked List,Linked List,Easy
PwC,Insert node before head in Doubly Linked List,"Doubly-Linked List, Linked List",Easy
PwC,Removing given node in Doubly Linked List,"Doubly-Linked List, Linked List",Easy
PwC,Implement stack using Linkedlist,"Stack, Linked List",Easy
PwC,Topological sort or Kahn's algorithm,"Graph, Depth-First Search",Hard
PwC,Alien Dictionary,"Array, Breadth-First Search",Hard
PwC,Course Schedule I,"Breadth-First Search, Depth-First Search",Hard
PwC,Find eventual safe states,"Breadth-First Search, Depth-First Search",Hard
PwC,Shortest path in undirected graph with unit weights,"Graph, Breadth-First Search",Hard
PwC,Making a large island,"Array, Breadth-First Search",Hard
PwC,Most stones removed with same row or column,"Depth-First Search, Graph",Medium
PwC,Disjoint Set,"Union Find, Algorithms",Hard
PwC,Cheapest flight within K stops,"Breadth-First Search, Depth-First Search",Hard
PwC,Floyd warshall algorithm,"Dynamic Programming, Graph",Hard
PwC,Path with minimum effort,"Array, Binary Search",Hard
PwC,Number of provinces,"Breadth-First Search, Depth-First Search",Medium
PwC,Assign Cookies,"Array, Greedy",Easy
PwC,Jump Game - I,"Array, Dynamic Programming",Easy
PwC,Lemonade Change,"Array, Greedy",Easy
PwC,Shortest Job First,"Greedy, Sorting",Medium
PwC,Longest subarray with sum K,- Medium,Medium
PwC,Design Twitter,"Design, Hash Table",Medium
PwC,Find Median from Data Stream,"Data Stream, Design",Hard
PwC,Kth largest element in a stream of running integers,"Binary Search Tree, Binary Tree",Hard
PwC,Merge K sorted Lists,"Divide and Conquer, Heap (Priority Queue)",Hard
PwC,Build heap from a given Array,"Array, Heap (Priority Queue)",Medium
PwC,Check if an array represents a min heap,"Array, Heap (Priority Queue)",Medium
PwC,Heapify Algorithm,"Array, Heap (Priority Queue)",Medium
PwC,Heap Sort,"Array, Heap (Priority Queue)",Medium
PwC,Delete all occurrences of a key in DLL,"Doubly-Linked List, Linked List",Hard
PwC,Clone a LL with random and next pointer,Linked List,Hard
PwC,Flattening of LL,"-, - Hard",Hard
PwC,Sort LL,"Divide and Conquer, Linked List",Hard
PwC,Add one to a number represented by LL,Linked List,Medium
PwC,Check if LL is palindrome or not,"Linked List, Recursion",Medium
PwC,Traversal in Linked List,Linked List,Easy
PwC,Count primes in range L to R,Math,Hard
PwC,M Coloring Problem,"Recursion, Backtracking",Hard
PwC,N Queen,"Recursion, Backtracking",Hard
PwC,Palindrome partitioning,"Backtracking, Dynamic Programming",Hard
PwC,Rat in a Maze,"Recursion, Backtracking",Hard
PwC,"Pow(x,n)","Math, Recursion",Medium
PwC,Fruit Into Baskets,"Array, Hash Table",Medium
PwC,Longest Repeating Character Replacement,"Hash Table, Sliding Window",Hard
PwC,Selection Sort,"Array, Sorting",Easy
PwC,Largest rectangle in a histogram,"Array, Monotonic Stack",Hard
PwC,LRU Cache,"Design, Doubly-Linked List",Medium
PwC,Maximum Rectangles,"Array, Dynamic Programming. Stack",Hard
PwC,Balanced Paranthesis,"String, Greedy",Easy
PwC,Sum of Subarray Minimums,"Array, Dynamic Programming",Medium
PwC,Rabin Karp Algorithm,"String, String Matching",Hard
PwC,Count and say,String,Hard
PwC,Minimum number of bracket reversals to make an expression balanced,"String, Stack",Hard
PwC,Maximum XOR of two numbers in an array,"Array, Bit Manipulation",Hard
PwC,Trie Implementation and Advanced Operations,"Trie, Implementation",Hard
Qualcomm,Majority Element-II,"Array, Counting",Hard
Qualcomm,Merge two sorted arrays without extra space,"Linked List, Recursion",Medium
Qualcomm,Kadane's Algorithm,"Array, Dynamic Programming",Medium
Qualcomm,Leaders in an Array,Array,Medium
Qualcomm,Sort an array of 0's 1's and 2's,"Array, Sorting",Medium
Qualcomm,Two Sum,"Array, Hash Table",Easy
Qualcomm,Linear Search,"Array, Searching",Easy
Qualcomm,Union of two sorted arrays,"Array, Two Pointers",Easy
Qualcomm,Find peak element,"Array, Binary Search",Medium
Qualcomm,Split array - largest sum,"Array, Binary Search",Hard
Qualcomm,Lower Bound,"Array, Binary Search",Easy
Qualcomm,First and last occurrence,"Array, Binary Search",Easy
Qualcomm,Search in rotated sorted array-I,"Array, Binary Search",Medium
Qualcomm,Search in rotated sorted array-II,"Array, Binary Search",Medium
Qualcomm,Find Nth root of a number,"Array, Binary Search",Medium
Qualcomm,Minimum days to make M bouquets,"Array, Binary Search",Medium
Qualcomm,Largest BST in Binary Tree,"Binary Search, Binary Search Tree",Hard
Qualcomm,Check if a tree is a BST or not,"Tree, Depth-First Search",Medium
Qualcomm,Inorder successor and predecessor in BST,"Binary Search Tree, Tree",Medium
Qualcomm,Construct a BT from Postorder and Inorder,"Array, Hash Table",Hard
Qualcomm,Construct a BT from Preorder and Inorder,"Array, Binary Tree",Hard
Qualcomm,LCA in BT,"Binary Tree, Depth-First Search",Hard
Qualcomm,Vertical Order Traversal,"Binary Tree, Breadth-First Search",Medium
Qualcomm,Diameter of Binary Tree,"Binary Tree, Depth-First Search",Easy
Qualcomm,Maximum Depth in BT,"Binary Tree, Breadth-First Search",Medium
Qualcomm,"Pre, Post, Inorder in one traversal","Stack, Tree",Easy
Qualcomm,Morris Preorder Traversal,"Stack, Tree",Hard
Qualcomm,Morris Inorder Traversal,"Stack, Tree",Hard
Qualcomm,Divide two numbers without multiplication and division,"Bit Manipulation, Math",Medium
Qualcomm,Power Set Bit Manipulation,"Math, Bit Manipulation",Medium
Qualcomm,Single Number - III,"Array, Bit Manipulation",Medium
Qualcomm,Check if a Number is Power of 2 or Not,Math,Easy
Qualcomm,Count the Number of Set Bits,"Bit Manipulation, Math",Easy
Qualcomm,Frog jump with K distances,Dynamic Programming,Medium
Qualcomm,Maximum sum of non adjacent elements,"Array, Divide and Conquer",Medium
Qualcomm,Ninja's training,Dynamic Programming,Medium
Qualcomm,Cherry pickup II,"Array, Dynamic Programming",Hard
Qualcomm,Best time to buy and sell stock,"Array, Dynamic Programming",Medium
Qualcomm,Best time to buy and sell stock III,"Array, Dynamic Programming",Medium
Qualcomm,Edit distance,"Dynamic Programming, String",Hard
Qualcomm,Shortest common supersequence,"Dynamic Programming, String",Hard
Qualcomm,Wildcard matching,"Dynamic Programming, Greedy",Hard
Qualcomm,0 and 1 Knapsack,Dynamic Programming,Hard
Qualcomm,Convert Array to Doubly Linked List,"Doubly-Linked List, Hash Table",Easy
Qualcomm,Delete the element with value X,"Linked List, Hash Table",Easy
Qualcomm,Insertion at the head of Linked List,Linked List,Easy
Qualcomm,Insert node before tail in Doubly Linked List,"Doubly-Linked List, Linked List",Easy
Qualcomm,Implement Stack using Queue,"Design, Queue",Easy
Qualcomm,Kosaraju's algorithm,"Graph, Depth-First Search",Hard
Qualcomm,Alien Dictionary,"Array, Breadth-First Search",Hard
Qualcomm,Accounts merge,"Array, Hash Table",Hard
Qualcomm,Find the MST weight,"Union Find, Graph",Hard
Qualcomm,Find the city with the smallest number of neighbors,"Dynamic Programming, Graph",Hard
Qualcomm,Floyd warshall algorithm,"Dynamic Programming, Graph",Hard
Qualcomm,Traversal Techniques,"Depth-First Search, Breadth-First Search",Medium
Qualcomm,Flood fill algorithm,"Array, Breadth-First Search",Medium
Qualcomm,Number of enclaves,"Array, Breadth-First Search",Medium
Qualcomm,Number of islands,"Array, Breadth-First Search",Medium
Qualcomm,Minimum number of platforms required for a railway,"Greedy, Sorting",Medium
Qualcomm,Count subarrays with given xor K,"Array, Hash Table",Hard
Qualcomm,K-th Largest element in an array,"Array, Divide and Conquer",Medium
Qualcomm,Remove duplicates from sorted DLL,"Doubly-Linked List, Linked List",Hard
Qualcomm,Reverse LL in group of given size K,"Linked List, Recursion",Hard
Qualcomm,Rotate a LL,"Linked List, Two Pointers",Hard
Qualcomm,Length of loop in LL,"Linked List, Two Pointers",Medium
Qualcomm,Add two numbers in Linked List,"Linked List, Math",Medium
Qualcomm,Remove Nth node from the back of the LL,"Linked List, Two Pointers",Medium
Qualcomm,Maximum Number of Ones,"Greedy, Heap (Priority Queue)",Medium
Qualcomm,M Coloring Problem,"Recursion, Backtracking",Hard
Qualcomm,N Queen,"Recursion, Backtracking",Hard
Qualcomm,Palindrome partitioning,"Backtracking, Dynamic Programming",Hard
Qualcomm,Letter Combinations of a Phone Number,"Backtracking, Hash Table",Hard
Qualcomm,Longest Substring Without Repeating Characters,"Hash Table, Sliding Window",Medium
Qualcomm,Selection Sort,"Array, Sorting",Easy
Qualcomm,Implement Min Stack,"Design, Stack",Hard
Qualcomm,Sliding Window Maximum,"Array, Heap (Priority Queue)",Hard
Qualcomm,Trapping Rainwater,"Array, Dynamic Programming",Hard
Qualcomm,Shortest Palindrome,"Hash Function, Rolling Hash",Hard
Qualcomm,Count and say,String,Hard
Qualcomm,Minimum number of bracket reversals to make an expression balanced,"String, Stack",Hard
Qualcomm,Maximum Xor with an element from an array,"Array, Bit Manipulation",Hard
Quora,Encode Number,"Bit Manipulation, Math",Medium
Rakuten,Find the repeating and missing number,"Array, Math",Hard
Rakuten,Maximum Product Subarray in an Array,"Array, Dynamic Programming",Hard
Rakuten,3 Sum,"Array, Sorting",Medium
Rakuten,Leaders in an Array,Array,Medium
Rakuten,Rearrange array elements by sign,"Array, Simulation",Medium
Rakuten,Sort an array of 0's 1's and 2's,"Array, Sorting",Medium
Rakuten,Two Sum,"Array, Hash Table",Easy
Rakuten,Left Rotate Array by One,"Array, Implementation",Easy
Rakuten,Find missing number,"Array, Bit Manipulation",Easy
Rakuten,Find Peak Element - II,"Array, Binary Search",Medium
Rakuten,Matrix Median,"Matrix, Binary Search",Hard
Rakuten,Search in 2D matrix - II,"Array, Binary Search",Hard
Rakuten,Split array - largest sum,"Array, Binary Search",Hard
Rakuten,Search insert position,"Array, Binary Search",Easy
Rakuten,Find the smallest divisor,"Array, Binary Search",Medium
Rakuten,Minimum days to make M bouquets,"Array, Binary Search",Medium
Rakuten,BST iterator,"Stack, Tree",Hard
Rakuten,Two sum in BST,"Binary Search Tree, Binary Tree",Hard
Rakuten,Insert a given node in BST,"Tree, Binary Search Tree",Medium
Rakuten,LCA in BST,"Binary Search Tree, Binary Tree",Medium
Rakuten,Floor and Ceil in a BST,"Binary Search Tree, Data Structures",Easy
Rakuten,Construct a BT from Preorder and Inorder,"Array, Binary Tree",Hard
Rakuten,Count total nodes in a complete BT,"Binary Search, Bit Manipulation",Easy
Rakuten,LCA in BT,"Binary Tree, Depth-First Search",Hard
Rakuten,Print all nodes at a distance of K in BT,"Hash Table, Tree",Hard
Rakuten,Print root to leaf path in BT,"String, Backtracking",Medium
Rakuten,Check if two trees are identical or not,"Tree, Depth-First Search",Medium
Rakuten,Diameter of Binary Tree,"Binary Tree, Depth-First Search",Easy
Rakuten,Maximum path sum,"Binary Tree, Depth-First Search",Medium
Rakuten,Power Set Bit Manipulation,"Math, Bit Manipulation",Medium
Rakuten,Frog Jump,"Array, Dynamic Programming",Medium
Rakuten,Ninja's training,Dynamic Programming,Medium
Rakuten,Cherry pickup II,"Array, Dynamic Programming",Hard
Rakuten,Minimum Falling Path Sum,"Array, Dynamic Programming",Medium
Rakuten,Best time to buy and sell stock II,"Array, Dynamic Programming",Medium
Rakuten,Best time to buy and sell stock III,"Array, Dynamic Programming",Medium
Rakuten,Best time to buy and sell stock IV,"Array, Dynamic Programming",Medium
Rakuten,Longest common subsequence,"Dynamic Programming, String",Hard
Rakuten,Longest common substring,"String, Dynamic Programming",Hard
Rakuten,Longest palindromic subsequence,"Dynamic Programming, String",Hard
Rakuten,Minimum insertions to make string palindrome,"Dynamic Programming, String",Hard
Rakuten,Shortest common supersequence,"Dynamic Programming, String",Hard
Rakuten,0 and 1 Knapsack,Dynamic Programming,Hard
Rakuten,Count partitions with given difference,"Array, Math",Hard
Rakuten,Partition equal subset sum,"Array, Dynamic Programming",Hard
Rakuten,Target sum,"Array, Backtracking",Hard
Rakuten,Delete Kth Element of Doubly Linked List,"Doubly-Linked List, Hash Table",Easy
Rakuten,Deletion of the Kth element of Linked List,Linked List,Easy
Rakuten,Insert before given node in Doubly Linked List,"Doubly-Linked List, Linked List",Easy
Rakuten,Insertion at the head of Linked List,Linked List,Easy
Rakuten,Insertion before the value X in Linked List,Linked List,Easy
Rakuten,Insert node before (kth node) in Doubly Linked List,"Doubly-Linked List, Linked List",Easy
Rakuten,Insert node before head in Doubly Linked List,"Doubly-Linked List, Linked List",Easy
Rakuten,Removing given node in Doubly Linked List,"Doubly-Linked List, Linked List",Easy
Rakuten,Implement queue using Linkedlist,"Queue, Linked List",Easy
Rakuten,Articulation point in graph,"Graph, Depth-First Search",Hard
Rakuten,Kosaraju's algorithm,"Graph, Depth-First Search",Hard
Rakuten,Topological sort or Kahn's algorithm,"Graph, Depth-First Search",Hard
Rakuten,Course Schedule I,"Breadth-First Search, Depth-First Search",Hard
Rakuten,Course Schedule II,"Breadth-First Search, Depth-First Search",Medium
Rakuten,Word ladder I,"Breadth-First Search, Hash Table",Hard
Rakuten,Disjoint Set,"Union Find, Algorithms",Hard
Rakuten,Find the MST weight,"Union Find, Graph",Hard
Rakuten,Find the city with the smallest number of neighbors,"Dynamic Programming, Graph",Hard
Rakuten,Minimum multiplications to reach end,"Array, Graph",Hard
Rakuten,Path with minimum effort,"Array, Binary Search",Hard
Rakuten,Distance of nearest cell having one,"Array, Breadth-First Search",Medium
Rakuten,Number of provinces,"Breadth-First Search, Depth-First Search",Medium
Rakuten,Surrounded Regions,"Array, Breadth-First Search",Medium
Rakuten,Assign Cookies,"Array, Greedy",Easy
Rakuten,Lemonade Change,"Array, Greedy",Easy
Rakuten,Minimum number of platforms required for a railway,"Greedy, Sorting",Medium
Rakuten,N meetings in one room,"Greedy, Sorting",Medium
Rakuten,Find Median from Data Stream,"Data Stream, Design",Hard
Rakuten,Maximum Sum Combination,"Array, Sorting",Hard
Rakuten,Remove duplicates from sorted DLL,"Doubly-Linked List, Linked List",Hard
Rakuten,Reverse LL in group of given size K,"Linked List, Recursion",Hard
Rakuten,Delete the middle node in LL,"Linked List, Two Pointers",Medium
Rakuten,Detect a loop in LL,"Hash Table, Linked List",Medium
Rakuten,Find the intersection point of Y LL,"Linked List, Two Pointers",Medium
Rakuten,Prime factorisation of a Number,Math,Hard
Rakuten,Print all primes till N,Math,Hard
Rakuten,Subsets I,"Recursion, Backtracking",Medium
Rakuten,Subsets II,"Array, Backtracking",Medium
Rakuten,M Coloring Problem,"Recursion, Backtracking",Hard
Rakuten,Word Search,"Array, Backtracking",Hard
Rakuten,Generate Parentheses,"Backtracking, Dynamic Programming",Medium
Rakuten,Count all subsequences with sum K,Recursion,Easy
Rakuten,Maximum Points You Can Obtain from Cards,"Array, Prefix Sum",Medium
Rakuten,Longest Substring Without Repeating Characters,"Hash Table, Sliding Window",Medium
Rakuten,Minimum Window Substring,"Hash Table, Sliding Window",Hard
Rakuten,Insertion Sorting,"Array, Sorting",Easy
Rakuten,Quick Sorting,"Array, Sorting",Easy
Rakuten,Selection Sort,"Array, Sorting",Easy
Rakuten,Largest rectangle in a histogram,"Array, Monotonic Stack",Hard
Rakuten,LRU Cache,"Design, Doubly-Linked List",Medium
Rakuten,Stock span problem,"Array, Stack",Hard
Rakuten,Trapping Rainwater,"Array, Dynamic Programming",Hard
Rakuten,Next Greater Element,"Array, Hash Table",Medium
Rakuten,Next Greater Element - 2,"Array, Monotonic Stack",Medium
Rakuten,Remove K Digits,"Greedy, Monotonic Stack",Medium
Rakuten,Sum of Subarray Minimums,"Array, Dynamic Programming",Medium
Rakuten,Maximum Xor with an element from an array,"Array, Bit Manipulation",Hard
Rakuten,Trie Implementation and Operations,"Trie, Implementation",Hard
Red Hat,Find the repeating and missing number,"Array, Math",Hard
Red Hat,Majority Element-I,"Array, Counting",Easy
Red Hat,Majority Element-II,"Array, Counting",Hard
Red Hat,Maximum Product Subarray in an Array,"Array, Dynamic Programming",Hard
Red Hat,Merge two sorted arrays without extra space,"Linked List, Recursion",Medium
Red Hat,Kadane's Algorithm,"Array, Dynamic Programming",Medium
Red Hat,Rearrange array elements by sign,"Array, Simulation",Medium
Red Hat,Sort an array of 0's 1's and 2's,"Array, Sorting",Medium
Red Hat,Left Rotate Array by One,"Array, Implementation",Easy
Red Hat,Linear Search,"Array, Searching",Easy
Red Hat,Find Peak Element - II,"Array, Binary Search",Medium
Red Hat,Search in 2D matrix - II,"Array, Binary Search",Hard
Red Hat,Book Allocation Problem,Binary Search,Hard
Red Hat,Kth element of 2 sorted arrays,"Array, Divide and Conquer",Medium
Red Hat,Search X in sorted array,"Array, Binary Search",Easy
Red Hat,Upper Bound,"Array, Binary Search",Easy
Red Hat,Find minimum in Rotated Sorted Array,"Array, Binary Search",Easy
Red Hat,Floor and Ceil in Sorted Array,"Array, Binary Search",Easy
Red Hat,Find square root of a number,"Array, Binary Search",Medium
Red Hat,Check if a tree is a BST or not,"Tree, Depth-First Search",Medium
Red Hat,Kth Smallest and Largest element in BST,"Binary Search Tree, Binary Tree",Medium
Red Hat,Floor and Ceil in a BST,"Binary Search Tree, Data Structures",Easy
Red Hat,Construct a BT from Postorder and Inorder,"Array, Hash Table",Hard
Red Hat,Boundary Traversal,"Tree, Data Structures",Medium
Red Hat,LCA in BT,"Binary Tree, Depth-First Search",Hard
Red Hat,Top View of BT,"Binary Search Tree, Tree",Medium
Red Hat,Vertical Order Traversal,"Binary Tree, Breadth-First Search",Medium
Red Hat,Maximum Depth in BT,"Binary Tree, Breadth-First Search",Medium
Red Hat,"Pre, Post, Inorder in one traversal","Stack, Tree",Easy
Red Hat,Morris Preorder Traversal,"Stack, Tree",Hard
Red Hat,Climbing stairs,"Dynamic Programming, Math",Medium
Red Hat,Maximum sum of non adjacent elements,"Array, Divide and Conquer",Medium
Red Hat,Cherry pickup II,"Array, Dynamic Programming",Hard
Red Hat,Minimum Falling Path Sum,"Array, Dynamic Programming",Medium
Red Hat,Unique paths II,"Array, Dynamic Programming",Medium
Red Hat,Best time to buy and sell stock with transaction fees,"Array, Dynamic Programming",Medium
Red Hat,Minimum insertions to make string palindrome,"Dynamic Programming, String",Hard
Red Hat,Wildcard matching,"Dynamic Programming, Greedy",Hard
Red Hat,Coin change II,"Array, Dynamic Programming",Hard
Red Hat,Rod cutting problem,"Array, Dynamic Programming",Hard
Red Hat,Burst balloons,"Array, Dynamic Programming",Hard
Red Hat,Delete head of Doubly Linked List,"Doubly-Linked List, Hash Table",Easy
Red Hat,Delete Kth Element of Doubly Linked List,"Doubly-Linked List, Hash Table",Easy
Red Hat,Deletion of the Kth element of Linked List,Linked List,Easy
Red Hat,Deletion of the tail of Linked List,"Linked List, Hash Table",Easy
Red Hat,Insert node before head in Doubly Linked List,"Doubly-Linked List, Linked List",Easy
Red Hat,Insert node before tail in Doubly Linked List,"Doubly-Linked List, Linked List",Easy
Red Hat,Implement Queue using Stack,"Design, Queue",Easy
Red Hat,Implement Stack using Arrays,"Array, Stack",Easy
Red Hat,Bridges in graph,"Biconnected Component, Depth-First Search",Hard
Red Hat,Course Schedule I,"Breadth-First Search, Depth-First Search",Hard
Red Hat,Shortest path in undirected graph with unit weights,"Graph, Breadth-First Search",Hard
Red Hat,Word ladder I,"Breadth-First Search, Hash Table",Hard
Red Hat,Accounts merge,"Array, Hash Table",Hard
Red Hat,Making a large island,"Array, Breadth-First Search",Hard
Red Hat,Disjoint Set,"Union Find, Algorithms",Hard
Red Hat,Bellman ford algorithm,"Dynamic Programming, Graph",Hard
Red Hat,Path with minimum effort,"Array, Binary Search",Hard
Red Hat,Shortest Distance in a Binary Maze,"Array, Breadth-First Search",Hard
Red Hat,Connected Components,"Depth-First Search, Breadth-First Search",Medium
Red Hat,Distance of nearest cell having one,"Array, Breadth-First Search",Medium
Red Hat,Lemonade Change,"Array, Greedy",Easy
Red Hat,Non-overlapping Intervals,"Greedy, Sorting",Medium
Red Hat,Design Twitter,"Design, Hash Table",Medium
Red Hat,Find Median from Data Stream,"Data Stream, Design",Hard
Red Hat,Kth largest element in a stream of running integers,"Binary Search Tree, Binary Tree",Hard
Red Hat,Build heap from a given Array,"Array, Heap (Priority Queue)",Medium
Red Hat,Find the starting point in LL,"Linked List, Two Pointers",Medium
Red Hat,Combination Sum II,"Array, Backtracking",Medium
Red Hat,Subsets I,"Recursion, Backtracking",Medium
Red Hat,Power Set,"Recursion, Backtracking",Medium
Red Hat,Binary Subarrays With Sum,"Array, Hash Table",Hard
Red Hat,Max Consecutive Ones III,"Array, Binary Search",Medium
Red Hat,Merge Sorting,"Array, Sorting",Medium
Red Hat,Selection Sort,"Array, Sorting",Easy
Red Hat,Celebrity Problem,"Graph, Greedy",Hard
Red Hat,LRU Cache,"Design, Doubly-Linked List",Medium
Red Hat,Stock span problem,"Array, Stack",Hard
Red Hat,Balanced Paranthesis,"String, Greedy",Easy
Red Hat,Asteroid Collision,"Array, Simulation",Medium
Red Hat,Next Greater Element,"Array, Hash Table",Medium
Red Hat,Remove K Digits,"Greedy, Monotonic Stack",Medium
Red Hat,Longest happy prefix,"Hash Function, Rolling Hash",Hard
Red Hat,Minimum number of bracket reversals to make an expression balanced,"String, Stack",Hard
Reddit,Majority Element-II,"Array, Counting",Hard
Reddit,Print the matrix in spiral manner,"Array, Matrix",Medium
Reddit,Rearrange array elements by sign,"Array, Simulation",Medium
Reddit,Sort an array of 0's 1's and 2's,"Array, Sorting",Medium
Reddit,Left Rotate Array by One,"Array, Implementation",Easy
Reddit,Linear Search,"Array, Searching",Easy
Reddit,Maximum Consecutive Ones,Array,Easy
Reddit,Intersection of two sorted arrays,"Array, Sorting",Easy
Reddit,Find Peak Element - II,"Array, Binary Search",Medium
Reddit,Aggressive Cows,Binary Search,Hard
Reddit,Book Allocation Problem,Binary Search,Hard
Reddit,Median of 2 sorted arrays,"Array, Binary Search",Hard
Reddit,Split array - largest sum,"Array, Binary Search",Hard
Reddit,Find minimum in Rotated Sorted Array,"Array, Binary Search",Easy
Reddit,Search in rotated sorted array-I,"Array, Binary Search",Medium
Reddit,Check if a tree is a BST or not,"Tree, Depth-First Search",Medium
Reddit,Construct a BST from a preorder traversal,"Array, Binary Search Tree",Medium
Reddit,Kth Smallest and Largest element in BST,"Binary Search Tree, Binary Tree",Medium
Reddit,Floor and Ceil in a BST,"Binary Search Tree, Data Structures",Easy
Reddit,Construct a BT from Preorder and Inorder,"Array, Binary Tree",Hard
Reddit,Bottom view of BT,"Tree, Data Structures",Medium
Reddit,Boundary Traversal,"Tree, Data Structures",Medium
Reddit,Count total nodes in a complete BT,"Binary Search, Bit Manipulation",Easy
Reddit,Maximum Width of BT,"Binary Tree, Breadth-First Search",Medium
Reddit,Top View of BT,"Binary Search Tree, Tree",Medium
Reddit,Diameter of Binary Tree,"Binary Tree, Depth-First Search",Easy
Reddit,Maximum path sum,"Binary Tree, Depth-First Search",Medium
Reddit,Inorder Traversal,"Binary Tree, Depth-First Search",Easy
Reddit,Postorder Traversal,"Binary Tree, Depth-First Search",Easy
Reddit,Morris Preorder Traversal,"Stack, Tree",Hard
Reddit,Minimum Bit Flips to Convert Number,Bit Manipulation,Medium
Reddit,Design Hit Counter,"Array, Binary Search",Medium
Reddit,Minimum Falling Path Sum,"Array, Dynamic Programming",Medium
Reddit,Triangle,"Array, Dynamic Programming",Medium
Reddit,Best time to buy and sell stock,"Array, Dynamic Programming",Medium
Reddit,Minimum cost to cut the stick,"Array, Dynamic Programming",Hard
Reddit,Delete head of Doubly Linked List,"Doubly-Linked List, Hash Table",Easy
Reddit,Delete Tail of Doubly Linked List,"Doubly-Linked List, Hash Table",Easy
Reddit,Delete the element with value X,"Linked List, Hash Table",Easy
Reddit,Deletion of the Kth element of Linked List,Linked List,Easy
Reddit,Insert node before head in Doubly Linked List,"Doubly-Linked List, Linked List",Easy
Reddit,Implement Stack using Queue,"Design, Queue",Easy
Reddit,Detect a cycle in an undirected graph,"Graph, Depth-First Search",Hard
Reddit,Topological sort or Kahn's algorithm,"Graph, Depth-First Search",Hard
Reddit,Alien Dictionary,"Array, Breadth-First Search",Hard
Reddit,Disjoint Set,"Union Find, Algorithms",Hard
Reddit,Shortest Distance in a Binary Maze,"Array, Breadth-First Search",Hard
Reddit,Connected Components,"Depth-First Search, Breadth-First Search",Medium
Reddit,Flood fill algorithm,"Array, Breadth-First Search",Medium
Reddit,Surrounded Regions,"Array, Breadth-First Search",Medium
Reddit,Minimum number of platforms required for a railway,"Greedy, Sorting",Medium
Reddit,Non-overlapping Intervals,"Greedy, Sorting",Medium
Reddit,Count subarrays with given xor K,"Array, Hash Table",Hard
Reddit,Heap Sort,"Array, Heap (Priority Queue)",Medium
Reddit,Implement Max Heap,"Array, Heap (Priority Queue)",Medium
Reddit,Implement Min Heap,"Array, Heap (Priority Queue)",Medium
Reddit,Delete all occurrences of a key in DLL,"Doubly-Linked List, Linked List",Hard
Reddit,Remove duplicates from sorted DLL,"Doubly-Linked List, Linked List",Hard
Reddit,Clone a LL with random and next pointer,Linked List,Hard
Reddit,Sort LL,"Divide and Conquer, Linked List",Hard
Reddit,Delete the middle node in LL,"Linked List, Two Pointers",Medium
Reddit,Find the starting point in LL,"Linked List, Two Pointers",Medium
Reddit,Remove Nth node from the back of the LL,"Linked List, Two Pointers",Medium
Reddit,Reverse a LL,Linked List,Medium
Reddit,Segregate odd and even nodes in Linked List,Linked List,Medium
Reddit,Sort a Linked List of 0's 1's and 2's,"Linked List, Sorting",Medium
Reddit,Count primes in range L to R,Math,Hard
Reddit,Print all primes till N,Math,Hard
Reddit,M Coloring Problem,"Recursion, Backtracking",Hard
Reddit,Rat in a Maze,"Recursion, Backtracking",Hard
Reddit,Generate Parentheses,"Backtracking, Dynamic Programming",Medium
Reddit,Count number of Nice subarrays,"Array, Hash Table",Hard
Reddit,Max Consecutive Ones III,"Array, Binary Search",Medium
Reddit,Minimum Window Substring,"Hash Table, Sliding Window",Hard
Reddit,Selection Sort,"Array, Sorting",Easy
Reddit,Maximum Rectangles,"Array, Dynamic Programming. Stack",Hard
Reddit,Sliding Window Maximum,"Array, Heap (Priority Queue)",Hard
Reddit,Stock span problem,"Array, Stack",Hard
Reddit,Asteroid Collision,"Array, Simulation",Medium
Reddit,Next Greater Element,"Array, Hash Table",Medium
Reddit,Next Greater Element - 2,"Array, Monotonic Stack",Medium
Reddit,Sum of Subarray Minimums,"Array, Dynamic Programming",Medium
Reddit,KMP Algorithm or LPS array,"String, Rolling Hash",Hard
Reddit,Longest happy prefix,"Hash Function, Rolling Hash",Hard
Reddit,Rabin Karp Algorithm,"String, String Matching",Hard
Reddit,Reverse every word in a string,String,Medium
RetailMeNot,Subsequence of Size K With the Largest Even Sum,"Array, Dynamic Programming",Medium
Riot Games,Count Inversions,"Array, Divide and Conquer",Hard
Riot Games,Find the repeating and missing number,"Array, Math",Hard
Riot Games,Maximum Product Subarray in an Array,"Array, Dynamic Programming",Hard
Riot Games,Reverse Pairs,"Array, Binary Indexed Tree",Hard
Riot Games,Leaders in an Array,Array,Medium
Riot Games,Two Sum,"Array, Hash Table",Easy
Riot Games,Union of two sorted arrays,"Array, Two Pointers",Easy
Riot Games,Better Compression of String,"Counting, Hash Table",Medium
Riot Games,Find Peak Element - II,"Array, Binary Search",Medium
Riot Games,Find row with maximum 1's,"Array, Matrix",Easy
Riot Games,Matrix Median,"Matrix, Binary Search",Hard
Riot Games,Search in 2D matrix - II,"Array, Binary Search",Hard
Riot Games,Median of 2 sorted arrays,"Array, Binary Search",Hard
Riot Games,Find out how many times the array is rotated,"Array, Binary Search",Easy
Riot Games,First and last occurrence,"Array, Binary Search",Easy
Riot Games,Search in rotated sorted array-II,"Array, Binary Search",Medium
Riot Games,Search insert position,"Array, Binary Search",Easy
Riot Games,Find Nth root of a number,"Array, Binary Search",Medium
Riot Games,Find square root of a number,"Array, Binary Search",Medium
Riot Games,Find the smallest divisor,"Array, Binary Search",Medium
Riot Games,Correct BST with two nodes swapped,"Tree, Depth-First Search",Hard
Riot Games,Delete a node in BST,"Tree, Binary Search Tree",Medium
Riot Games,LCA in BT,"Binary Tree, Depth-First Search",Hard
Riot Games,Maximum Width of BT,"Binary Tree, Breadth-First Search",Medium
Riot Games,Print all nodes at a distance of K in BT,"Hash Table, Tree",Hard
Riot Games,Top View of BT,"Binary Search Tree, Tree",Medium
Riot Games,Check for balanced binary tree,"Tree, Data Structures",Medium
Riot Games,Check if two trees are identical or not,"Tree, Depth-First Search",Medium
Riot Games,Postorder Traversal,"Binary Tree, Depth-First Search",Easy
Riot Games,"Pre, Post, Inorder in one traversal","Stack, Tree",Easy
Riot Games,Power Set Bit Manipulation,"Math, Bit Manipulation",Medium
Riot Games,House robber,"Array, Dynamic Programming",Medium
Riot Games,Best time to buy and sell stock IV,"Array, Dynamic Programming",Medium
Riot Games,Distinct subsequences,"Dynamic Programming, String",Hard
Riot Games,Minimum insertions to make string palindrome,"Dynamic Programming, String",Hard
Riot Games,Count subsets with sum K,Dynamic Programming,Hard
Riot Games,Partition equal subset sum,"Array, Dynamic Programming",Hard
Riot Games,Target sum,"Array, Backtracking",Hard
Riot Games,Delete the element with value X,"Linked List, Hash Table",Easy
Riot Games,Deletion of the head of LL,Linked List,Easy
Riot Games,Deletion of the Kth element of Linked List,Linked List,Easy
Riot Games,Deletion of the tail of Linked List,"Linked List, Hash Table",Easy
Riot Games,Insertion at the head of Linked List,Linked List,Easy
Riot Games,Insertion at the Kth position of Linked List,Linked List,Easy
Riot Games,Insert node before head in Doubly Linked List,"Doubly-Linked List, Linked List",Easy
Riot Games,Removing given node in Doubly Linked List,"Doubly-Linked List, Linked List",Easy
Riot Games,Implement Queue using Arrays,"Queue, Data Structures",Easy
Riot Games,Implement stack using Linkedlist,"Stack, Linked List",Easy
Riot Games,Find eventual safe states,"Breadth-First Search, Depth-First Search",Hard
Riot Games,Number of operations to make network connected,"Depth-First Search, Breadth-First Search",Hard
Riot Games,Disjoint Set,"Union Find, Algorithms",Hard
Riot Games,Floyd warshall algorithm,"Dynamic Programming, Graph",Hard
Riot Games,Number of ways to arrive at destination,"Dynamic Programming, Graph",Hard
Riot Games,Shortest Distance in a Binary Maze,"Array, Breadth-First Search",Hard
Riot Games,Distance of nearest cell having one,"Array, Breadth-First Search",Medium
Riot Games,Assign Cookies,"Array, Greedy",Easy
Riot Games,Jump Game - I,"Array, Dynamic Programming",Easy
Riot Games,Insert Interval,Array,Medium
Riot Games,Job sequencing Problem,"Dynamic Programming, Greedy",Medium
Riot Games,Shortest Job First,"Greedy, Sorting",Medium
Riot Games,Count subarrays with given xor K,"Array, Hash Table",Hard
Riot Games,Merge K sorted Lists,"Divide and Conquer, Heap (Priority Queue)",Hard
Riot Games,Convert Min Heap to Max Heap,"Array, Heap (Priority Queue)",Medium
Riot Games,Implement PQ using Heaps,"Array, Heap (Priority Queue)",Medium
Riot Games,Flattening of LL,"-, - Hard",Hard
Riot Games,Reverse LL in group of given size K,"Linked List, Recursion",Hard
Riot Games,Detect a loop in LL,"Hash Table, Linked List",Medium
Riot Games,Find the intersection point of Y LL,"Linked List, Two Pointers",Medium
Riot Games,Length of loop in LL,"Linked List, Two Pointers",Medium
Riot Games,Prime factorisation of a Number,Math,Hard
Riot Games,Combination Sum III,"Array, Backtracking",Medium
Riot Games,Sudoku Solver,"Array, Backtracking",Hard
Riot Games,Word Search,"Array, Backtracking",Hard
Riot Games,Power Set,"Recursion, Backtracking",Medium
Riot Games,Count all subsequences with sum K,Recursion,Easy
Riot Games,Count number of Nice subarrays,"Array, Hash Table",Hard
Riot Games,Longest Repeating Character Replacement,"Hash Table, Sliding Window",Hard
Riot Games,Quick Sorting,"Array, Sorting",Easy
Riot Games,LFU Cache,"Design, Doubly-Linked List",Hard
Riot Games,LRU Cache,"Design, Doubly-Linked List",Medium
Riot Games,Maximum Rectangles,"Array, Dynamic Programming. Stack",Hard
Riot Games,Stock span problem,"Array, Stack",Hard
Riot Games,Trapping Rainwater,"Array, Dynamic Programming",Hard
Riot Games,Next Greater Element,"Array, Hash Table",Medium
Riot Games,Trie Implementation and Advanced Operations,"Trie, Implementation",Hard
Rippling,Synonymous Sentences,"Array, Backtracking",Medium
Robinhood,Count Inversions,"Array, Divide and Conquer",Hard
Robinhood,Find the repeating and missing number,"Array, Math",Hard
Robinhood,Majority Element-II,"Array, Counting",Hard
Robinhood,Merge two sorted arrays without extra space,"Linked List, Recursion",Medium
Robinhood,Reverse Pairs,"Array, Binary Indexed Tree",Hard
Robinhood,3 Sum,"Array, Sorting",Medium
Robinhood,Rotate matrix by 90 degrees,"Array, Math",Medium
Robinhood,Sort an array of 0's 1's and 2's,"Array, Sorting",Medium
Robinhood,Two Sum,"Array, Hash Table",Easy
Robinhood,Left Rotate Array by One,"Array, Implementation",Easy
Robinhood,Find missing number,"Array, Bit Manipulation",Easy
Robinhood,Find row with maximum 1's,"Array, Matrix",Easy
Robinhood,Search in a 2D matrix,"Array, Binary Search",Hard
Robinhood,Kth element of 2 sorted arrays,"Array, Divide and Conquer",Medium
Robinhood,Split array - largest sum,"Array, Binary Search",Hard
Robinhood,Lower Bound,"Array, Binary Search",Easy
Robinhood,First and last occurrence,"Array, Binary Search",Easy
Robinhood,Search in rotated sorted array-II,"Array, Binary Search",Medium
Robinhood,Search insert position,"Array, Binary Search",Easy
Robinhood,Minimum days to make M bouquets,"Array, Binary Search",Medium
Robinhood,BST iterator,"Stack, Tree",Hard
Robinhood,Correct BST with two nodes swapped,"Tree, Depth-First Search",Hard
Robinhood,Check if a tree is a BST or not,"Tree, Depth-First Search",Medium
Robinhood,Construct a BST from a preorder traversal,"Array, Binary Search Tree",Medium
Robinhood,Delete a node in BST,"Tree, Binary Search Tree",Medium
Robinhood,Inorder successor and predecessor in BST,"Binary Search Tree, Tree",Medium
Robinhood,Kth Smallest and Largest element in BST,"Binary Search Tree, Binary Tree",Medium
Robinhood,LCA in BST,"Binary Search Tree, Binary Tree",Medium
Robinhood,Requirements needed to construct a unique BT,"Traversal, Algorithms",Medium
Robinhood,Serialize and De-serialize BT,"Binary Tree, Breadth-First Search",Hard
Robinhood,Bottom view of BT,"Tree, Data Structures",Medium
Robinhood,Count total nodes in a complete BT,"Binary Search, Bit Manipulation",Easy
Robinhood,LCA in BT,"Binary Tree, Depth-First Search",Hard
Robinhood,Check for symmetrical BTs,"Tree, Depth-First Search",Medium
Robinhood,Check if two trees are identical or not,"Tree, Depth-First Search",Medium
Robinhood,Diameter of Binary Tree,"Binary Tree, Depth-First Search",Easy
Robinhood,"Pre, Post, Inorder in one traversal","Stack, Tree",Easy
Robinhood,Morris Preorder Traversal,"Stack, Tree",Hard
Robinhood,Morris Inorder Traversal,"Stack, Tree",Hard
Robinhood,Brightest Position on Street,"Array, Ordered Set",Medium
Robinhood,Climbing stairs,"Dynamic Programming, Math",Medium
Robinhood,Ninja's training,Dynamic Programming,Medium
Robinhood,Cherry pickup II,"Array, Dynamic Programming",Hard
Robinhood,Minimum Falling Path Sum,"Array, Dynamic Programming",Medium
Robinhood,Unique paths II,"Array, Dynamic Programming",Medium
Robinhood,Best time to buy and sell stock,"Array, Dynamic Programming",Medium
Robinhood,Best time to buy and sell stock III,"Array, Dynamic Programming",Medium
Robinhood,Best time to buy and sell stock with transaction fees,"Array, Dynamic Programming",Medium
Robinhood,Longest common substring,"String, Dynamic Programming",Hard
Robinhood,Shortest common supersequence,"Dynamic Programming, String",Hard
Robinhood,Wildcard matching,"Dynamic Programming, Greedy",Hard
Robinhood,Count subsets with sum K,Dynamic Programming,Hard
Robinhood,Minimum coins,Dynamic Programming,Hard
Robinhood,Burst balloons,"Array, Dynamic Programming",Hard
Robinhood,Minimum cost to cut the stick,"Array, Dynamic Programming",Hard
Robinhood,Delete the element with value X,"Linked List, Hash Table",Easy
Robinhood,Insert before given node in Doubly Linked List,"Doubly-Linked List, Linked List",Easy
Robinhood,Insertion at the Kth position of Linked List,Linked List,Easy
Robinhood,Insertion at the tail of Linked List,Linked List,Easy
Robinhood,Insert node before (kth node) in Doubly Linked List,"Doubly-Linked List, Linked List",Easy
Robinhood,Insert node before tail in Doubly Linked List,"Doubly-Linked List, Linked List",Easy
Robinhood,Implement Queue using Arrays,"Queue, Data Structures",Easy
Robinhood,Implement Stack using Queue,"Design, Queue",Easy
Robinhood,Bridges in graph,"Biconnected Component, Depth-First Search",Hard
Robinhood,Detect a cycle in a directed graph,"Graph, Depth-First Search",Hard
Robinhood,Detect a cycle in an undirected graph,"Graph, Depth-First Search",Hard
Robinhood,Find eventual safe states,"Breadth-First Search, Depth-First Search",Hard
Robinhood,Shortest path in undirected graph with unit weights,"Graph, Breadth-First Search",Hard
Robinhood,Word ladder II,"Backtracking, Breadth-First Search",Hard
Robinhood,Making a large island,"Array, Breadth-First Search",Hard
Robinhood,Number of operations to make network connected,"Depth-First Search, Breadth-First Search",Hard
Robinhood,Find the city with the smallest number of neighbors,"Dynamic Programming, Graph",Hard
Robinhood,Floyd warshall algorithm,"Dynamic Programming, Graph",Hard
Robinhood,Path with minimum effort,"Array, Binary Search",Hard
Robinhood,Shortest Distance in a Binary Maze,"Array, Breadth-First Search",Hard
Robinhood,Number of islands,"Array, Breadth-First Search",Medium
Robinhood,Rotten Oranges,"Array, Breadth-First Search",Medium
Robinhood,Surrounded Regions,"Array, Breadth-First Search",Medium
Robinhood,Assign Cookies,"Array, Greedy",Easy
Robinhood,Valid Paranthesis Checker,"String, Stack",Hard
Robinhood,Job sequencing Problem,"Dynamic Programming, Greedy",Medium
Robinhood,Count subarrays with given xor K,"Array, Hash Table",Hard
Robinhood,Longest subarray with sum K,- Medium,Medium
Robinhood,Maximum Sum Combination,"Array, Sorting",Hard
Robinhood,Merge K sorted Lists,"Divide and Conquer, Heap (Priority Queue)",Hard
Robinhood,Build heap from a given Array,"Array, Heap (Priority Queue)",Medium
Robinhood,Convert Min Heap to Max Heap,"Array, Heap (Priority Queue)",Medium
Robinhood,Heapify Algorithm,"Array, Heap (Priority Queue)",Medium
Robinhood,Implement PQ using Heaps,"Array, Heap (Priority Queue)",Medium
Robinhood,Delete all occurrences of a key in DLL,"Doubly-Linked List, Linked List",Hard
Robinhood,Clone a LL with random and next pointer,Linked List,Hard
Robinhood,Flattening of LL,"-, - Hard",Hard
Robinhood,Merge two Sorted Lists,"Linked List, Two Pointers",Hard
Robinhood,Reverse LL in group of given size K,"Linked List, Recursion",Hard
Robinhood,Check if LL is palindrome or not,"Linked List, Recursion",Medium
Robinhood,Find the starting point in LL,"Linked List, Two Pointers",Medium
Robinhood,Traversal in Linked List,Linked List,Easy
Robinhood,Reverse a LL,Linked List,Medium
Robinhood,Count primes in range L to R,Math,Hard
Robinhood,Print all primes till N,Math,Hard
Robinhood,Combination Sum,"Array, Backtracking",Medium
Robinhood,Subsets I,"Recursion, Backtracking",Medium
Robinhood,N Queen,"Recursion, Backtracking",Hard
Robinhood,Palindrome partitioning,"Backtracking, Dynamic Programming",Hard
Robinhood,"Pow(x,n)","Math, Recursion",Medium
Robinhood,Check if there exists a subsequence with sum K,"Array, Dynamic Programming",Easy
Robinhood,Binary Subarrays With Sum,"Array, Hash Table",Hard
Robinhood,Quick Sorting,"Array, Sorting",Easy
Robinhood,Implement Min Stack,"Design, Stack",Hard
Robinhood,LFU Cache,"Design, Doubly-Linked List",Hard
Robinhood,Maximum Rectangles,"Array, Dynamic Programming. Stack",Hard
Robinhood,Balanced Paranthesis,"String, Greedy",Easy
Robinhood,Asteroid Collision,"Array, Simulation",Medium
Robinhood,Next Greater Element,"Array, Hash Table",Medium
Robinhood,Trie Implementation and Advanced Operations,"Trie, Implementation",Hard
Robinhood,Trie Implementation and Operations,"Trie, Implementation",Hard
Roblox,Majority Element-I,"Array, Counting",Easy
Roblox,Majority Element-II,"Array, Counting",Hard
Roblox,Next Permutation,"Array, Two Pointers",Medium
Roblox,Rotate matrix by 90 degrees,"Array, Math",Medium
Roblox,Sort an array of 0's 1's and 2's,"Array, Sorting",Medium
Roblox,Left Rotate Array by One,"Array, Implementation",Easy
Roblox,Linear Search,"Array, Searching",Easy
Roblox,Find missing number,"Array, Bit Manipulation",Easy
Roblox,Move Zeros to End,"Array, Two Pointers",Easy
Roblox,Find row with maximum 1's,"Array, Matrix",Easy
Roblox,Find peak element,"Array, Binary Search",Medium
Roblox,Upper Bound,"Array, Binary Search",Easy
Roblox,Find out how many times the array is rotated,"Array, Binary Search",Easy
Roblox,First and last occurrence,"Array, Binary Search",Easy
Roblox,Floor and Ceil in Sorted Array,"Array, Binary Search",Easy
Roblox,Search in rotated sorted array-I,"Array, Binary Search",Medium
Roblox,Find square root of a number,"Array, Binary Search",Medium
Roblox,Minimum days to make M bouquets,"Array, Binary Search",Medium
Roblox,BST iterator,"Stack, Tree",Hard
Roblox,LCA in BST,"Binary Search Tree, Binary Tree",Medium
Roblox,Search in BST,"Tree, Depth-First Search",Easy
Roblox,Bottom view of BT,"Tree, Data Structures",Medium
Roblox,Check for balanced binary tree,"Tree, Data Structures",Medium
Roblox,Maximum path sum,"Binary Tree, Depth-First Search",Medium
Roblox,Level Order Traversal,"Binary Tree, Breadth-First Search",Easy
Roblox,Preorder Traversal,"Binary Tree, Depth-First Search",Easy
Roblox,Morris Preorder Traversal,"Stack, Tree",Hard
Roblox,Power Set Bit Manipulation,"Math, Bit Manipulation",Medium
Roblox,Single Number - II,"Array, Bit Manipulation",Medium
Roblox,Design Hit Counter,"Array, Binary Search",Medium
Roblox,Ninja's training,Dynamic Programming,Medium
Roblox,Cherry pickup II,"Array, Dynamic Programming",Hard
Roblox,0 and 1 Knapsack,Dynamic Programming,Hard
Roblox,Count partitions with given difference,"Array, Math",Hard
Roblox,Partition a set into two subsets with minimum absolute sum difference,Dynamic Programming,Hard
Roblox,Partition equal subset sum,"Array, Dynamic Programming",Hard
Roblox,Rod cutting problem,"Array, Dynamic Programming",Hard
Roblox,Subset sum equals to target,"Array, Dynamic Programming",Hard
Roblox,Burst balloons,"Array, Dynamic Programming",Hard
Roblox,Minimum cost to cut the stick,"Array, Dynamic Programming",Hard
Roblox,Delete head of Doubly Linked List,"Doubly-Linked List, Hash Table",Easy
Roblox,Delete Kth Element of Doubly Linked List,"Doubly-Linked List, Hash Table",Easy
Roblox,Delete the element with value X,"Linked List, Hash Table",Easy
Roblox,Insertion at the Kth position of Linked List,Linked List,Easy
Roblox,Insert node before (kth node) in Doubly Linked List,"Doubly-Linked List, Linked List",Easy
Roblox,Implement queue using Linkedlist,"Queue, Linked List",Easy
Roblox,Implement Queue using Stack,"Design, Queue",Easy
Roblox,Implement Stack using Arrays,"Array, Stack",Easy
Roblox,Implement stack using Linkedlist,"Stack, Linked List",Easy
Roblox,Bipartite graph,"Breadth-First Search, Depth-First Search",Hard
Roblox,Alien Dictionary,"Array, Breadth-First Search",Hard
Roblox,Course Schedule II,"Breadth-First Search, Depth-First Search",Medium
Roblox,Find eventual safe states,"Breadth-First Search, Depth-First Search",Hard
Roblox,Shortest path in DAG,"Graph, Topological Sort",Hard
Roblox,Find the MST weight,"Union Find, Graph",Hard
Roblox,Bellman ford algorithm,"Dynamic Programming, Graph",Hard
Roblox,Find the city with the smallest number of neighbors,"Dynamic Programming, Graph",Hard
Roblox,Number of ways to arrive at destination,"Dynamic Programming, Graph",Hard
Roblox,Lemonade Change,"Array, Greedy",Easy
Roblox,Insert Interval,Array,Medium
Roblox,Job sequencing Problem,"Dynamic Programming, Greedy",Medium
Roblox,N meetings in one room,"Greedy, Sorting",Medium
Roblox,Count subarrays with given xor K,"Array, Hash Table",Hard
Roblox,Maximum Sum Combination,"Array, Sorting",Hard
Roblox,Heap Sort,"Array, Heap (Priority Queue)",Medium
Roblox,Reverse LL in group of given size K,"Linked List, Recursion",Hard
Roblox,Add one to a number represented by LL,Linked List,Medium
Roblox,Detect a loop in LL,"Hash Table, Linked List",Medium
Roblox,Find the starting point in LL,"Linked List, Two Pointers",Medium
Roblox,Segregate odd and even nodes in Linked List,Linked List,Medium
Roblox,Sort a Linked List of 0's 1's and 2's,"Linked List, Sorting",Medium
Roblox,Print all primes till N,Math,Hard
Roblox,Combination Sum II,"Array, Backtracking",Medium
Roblox,Subsets II,"Array, Backtracking",Medium
Roblox,N Queen,"Recursion, Backtracking",Hard
Roblox,Count all subsequences with sum K,Recursion,Easy
Roblox,Binary Subarrays With Sum,"Array, Hash Table",Hard
Roblox,Number of Substrings Containing All Three Characters,"Hash Table, Sliding Window",Hard
Roblox,Longest Substring Without Repeating Characters,"Hash Table, Sliding Window",Medium
Roblox,Bubble Sort,"Array, Sorting",Easy
Roblox,LFU Cache,"Design, Doubly-Linked List",Hard
Roblox,Sum of Subarray Minimums,"Array, Dynamic Programming",Medium
Roblox,Rabin Karp Algorithm,"String, String Matching",Hard
Roblox,Shortest Palindrome,"Hash Function, Rolling Hash",Hard
Roblox,Count and say,String,Hard
Roche,Kadane's Algorithm,"Array, Dynamic Programming",Medium
Roche,Leaders in an Array,Array,Medium
Roche,Rearrange array elements by sign,"Array, Simulation",Medium
Roche,Left Rotate Array by One,"Array, Implementation",Easy
Roche,Linear Search,"Array, Searching",Easy
Roche,Maximum Consecutive Ones,Array,Easy
Roche,Find Peak Element - II,"Array, Binary Search",Medium
Roche,Matrix Median,"Matrix, Binary Search",Hard
Roche,Aggressive Cows,Binary Search,Hard
Roche,Book Allocation Problem,Binary Search,Hard
Roche,Median of 2 sorted arrays,"Array, Binary Search",Hard
Roche,Split array - largest sum,"Array, Binary Search",Hard
Roche,First and last occurrence,"Array, Binary Search",Easy
Roche,Search insert position,"Array, Binary Search",Easy
Roche,Single element in sorted array,"Array, Binary Search",Medium
Roche,BST iterator,"Stack, Tree",Hard
Roche,Largest BST in Binary Tree,"Binary Search, Binary Search Tree",Hard
Roche,Check if a tree is a BST or not,"Tree, Depth-First Search",Medium
Roche,Kth Smallest and Largest element in BST,"Binary Search Tree, Binary Tree",Medium
Roche,Floor and Ceil in a BST,"Binary Search Tree, Data Structures",Easy
Roche,Construct a BT from Preorder and Inorder,"Array, Binary Tree",Hard
Roche,Requirements needed to construct a unique BT,"Traversal, Algorithms",Medium
Roche,Minimum time taken to burn the BT from a given Node,"Hash Table, Tree",Hard
Roche,Print all nodes at a distance of K in BT,"Hash Table, Tree",Hard
Roche,Right/Left View of BT,"Tree, Depth-First Search",Medium
Roche,Level Order Traversal,"Binary Tree, Breadth-First Search",Easy
Roche,Minimum Bit Flips to Convert Number,Bit Manipulation,Medium
Roche,Single Number - III,"Array, Bit Manipulation",Medium
Roche,Frog Jump,"Array, Dynamic Programming",Medium
Roche,Triangle,"Array, Dynamic Programming",Medium
Roche,Longest common substring,"String, Dynamic Programming",Hard
Roche,Longest palindromic subsequence,"Dynamic Programming, String",Hard
Roche,Minimum coins,Dynamic Programming,Hard
Roche,Subset sum equals to target,"Array, Dynamic Programming",Hard
Roche,Deletion of the head of LL,Linked List,Easy
Roche,Insertion at the head of Linked List,Linked List,Easy
Roche,Insertion at the tail of Linked List,Linked List,Easy
Roche,Insert node before head in Doubly Linked List,"Doubly-Linked List, Linked List",Easy
Roche,Insert node before tail in Doubly Linked List,"Doubly-Linked List, Linked List",Easy
Roche,Removing given node in Doubly Linked List,"Doubly-Linked List, Linked List",Easy
Roche,Implement Queue using Stack,"Design, Queue",Easy
Roche,Implement Stack using Queue,"Design, Queue",Easy
Roche,Bridges in graph,"Biconnected Component, Depth-First Search",Hard
Roche,Word ladder I,"Breadth-First Search, Hash Table",Hard
Roche,Bellman ford algorithm,"Dynamic Programming, Graph",Hard
Roche,Cheapest flight within K stops,"Breadth-First Search, Depth-First Search",Hard
Roche,Find the city with the smallest number of neighbors,"Dynamic Programming, Graph",Hard
Roche,Print Shortest Path,"Breadth-First Search, Graph",Hard
Roche,Connected Components,"Depth-First Search, Breadth-First Search",Medium
Roche,Traversal Techniques,"Depth-First Search, Breadth-First Search",Medium
Roche,Number of provinces,"Breadth-First Search, Depth-First Search",Medium
Roche,Rotten Oranges,"Array, Breadth-First Search",Medium
Roche,Assign Cookies,"Array, Greedy",Easy
Roche,Job sequencing Problem,"Dynamic Programming, Greedy",Medium
Roche,Shortest Job First,"Greedy, Sorting",Medium
Roche,Maximum Sum Combination,"Array, Sorting",Hard
Roche,Merge K sorted Lists,"Divide and Conquer, Heap (Priority Queue)",Hard
Roche,Build heap from a given Array,"Array, Heap (Priority Queue)",Medium
Roche,Check if an array represents a min heap,"Array, Heap (Priority Queue)",Medium
Roche,Implement Max Heap,"Array, Heap (Priority Queue)",Medium
Roche,Implement Min Heap,"Array, Heap (Priority Queue)",Medium
Roche,Implement PQ using Heaps,"Array, Heap (Priority Queue)",Medium
Roche,Remove duplicates from sorted DLL,"Doubly-Linked List, Linked List",Hard
Roche,Flattening of LL,"-, - Hard",Hard
Roche,Rotate a LL,"Linked List, Two Pointers",Hard
Roche,Check if LL is palindrome or not,"Linked List, Recursion",Medium
Roche,Find the intersection point of Y LL,"Linked List, Two Pointers",Medium
Roche,Reverse a LL,Linked List,Medium
Roche,Print all primes till N,Math,Hard
Roche,Word Search,"Array, Backtracking",Hard
Roche,"Pow(x,n)","Math, Recursion",Medium
Roche,Power Set,"Recursion, Backtracking",Medium
Roche,Check if there exists a subsequence with sum K,"Array, Dynamic Programming",Easy
Roche,Number of Substrings Containing All Three Characters,"Hash Table, Sliding Window",Hard
Roche,Fruit Into Baskets,"Array, Hash Table",Medium
Roche,Longest Repeating Character Replacement,"Hash Table, Sliding Window",Hard
Roche,Max Consecutive Ones III,"Array, Binary Search",Medium
Roche,Insertion Sorting,"Array, Sorting",Easy
Roche,Quick Sorting,"Array, Sorting",Easy
Roche,Implement Min Stack,"Design, Stack",Hard
Roche,Maximum Rectangles,"Array, Dynamic Programming. Stack",Hard
Roche,Stock span problem,"Array, Stack",Hard
Roche,Trapping Rainwater,"Array, Dynamic Programming",Hard
Roche,Remove K Digits,"Greedy, Monotonic Stack",Medium
Roche,Sum of Subarray Ranges,"Array, Monotonic Stack",Medium
Roche,Shortest Palindrome,"Hash Function, Rolling Hash",Hard
Roche,Count and say,String,Hard
Roche,Maximum XOR of two numbers in an array,"Array, Bit Manipulation",Hard
Rockstar Games,Count Inversions,"Array, Divide and Conquer",Hard
Rockstar Games,Reverse Pairs,"Array, Binary Indexed Tree",Hard
Rockstar Games,Kadane's Algorithm,"Array, Dynamic Programming",Medium
Rockstar Games,Leaders in an Array,Array,Medium
Rockstar Games,Find missing number,"Array, Bit Manipulation",Easy
Rockstar Games,Move Zeros to End,"Array, Two Pointers",Easy
Rockstar Games,Find Peak Element - II,"Array, Binary Search",Medium
Rockstar Games,Aggressive Cows,Binary Search,Hard
Rockstar Games,Kth element of 2 sorted arrays,"Array, Divide and Conquer",Medium
Rockstar Games,Split array - largest sum,"Array, Binary Search",Hard
Rockstar Games,Search X in sorted array,"Array, Binary Search",Easy
Rockstar Games,Single element in sorted array,"Array, Binary Search",Medium
Rockstar Games,Find Nth root of a number,"Array, Binary Search",Medium
Rockstar Games,BST iterator,"Stack, Tree",Hard
Rockstar Games,Correct BST with two nodes swapped,"Tree, Depth-First Search",Hard
Rockstar Games,Largest BST in Binary Tree,"Binary Search, Binary Search Tree",Hard
Rockstar Games,Insert a given node in BST,"Tree, Binary Search Tree",Medium
Rockstar Games,LCA in BST,"Binary Search Tree, Binary Tree",Medium
Rockstar Games,Construct a BT from Preorder and Inorder,"Array, Binary Tree",Hard
Rockstar Games,Serialize and De-serialize BT,"Binary Tree, Breadth-First Search",Hard
Rockstar Games,Bottom view of BT,"Tree, Data Structures",Medium
Rockstar Games,Count total nodes in a complete BT,"Binary Search, Bit Manipulation",Easy
Rockstar Games,LCA in BT,"Binary Tree, Depth-First Search",Hard
Rockstar Games,Minimum time taken to burn the BT from a given Node,"Hash Table, Tree",Hard
Rockstar Games,Print root to leaf path in BT,"String, Backtracking",Medium
Rockstar Games,Vertical Order Traversal,"Binary Tree, Breadth-First Search",Medium
Rockstar Games,Check if two trees are identical or not,"Tree, Depth-First Search",Medium
Rockstar Games,Inorder Traversal,"Binary Tree, Depth-First Search",Easy
Rockstar Games,Preorder Traversal,"Binary Tree, Depth-First Search",Easy
Rockstar Games,Maximum sum of non adjacent elements,"Array, Divide and Conquer",Medium
Rockstar Games,Triangle,"Array, Dynamic Programming",Medium
Rockstar Games,Minimum insertions or deletions to convert string A to B,Dynamic Programming,Hard
Rockstar Games,Minimum insertions to make string palindrome,"Dynamic Programming, String",Hard
Rockstar Games,Shortest common supersequence,"Dynamic Programming, String",Hard
Rockstar Games,Wildcard matching,"Dynamic Programming, Greedy",Hard
Rockstar Games,Minimum coins,Dynamic Programming,Hard
Rockstar Games,Subset sum equals to target,"Array, Dynamic Programming",Hard
Rockstar Games,Delete Tail of Doubly Linked List,"Doubly-Linked List, Hash Table",Easy
Rockstar Games,Implement Queue using Arrays,"Queue, Data Structures",Easy
Rockstar Games,Implement Stack using Arrays,"Array, Stack",Easy
Rockstar Games,Implement stack using Linkedlist,"Stack, Linked List",Easy
Rockstar Games,Find eventual safe states,"Breadth-First Search, Depth-First Search",Hard
Rockstar Games,Shortest path in undirected graph with unit weights,"Graph, Breadth-First Search",Hard
Rockstar Games,Word ladder I,"Breadth-First Search, Hash Table",Hard
Rockstar Games,Bellman ford algorithm,"Dynamic Programming, Graph",Hard
Rockstar Games,Flood fill algorithm,"Array, Breadth-First Search",Medium
Rockstar Games,Rotten Oranges,"Array, Breadth-First Search",Medium
Rockstar Games,Minimum number of platforms required for a railway,"Greedy, Sorting",Medium
Rockstar Games,Non-overlapping Intervals,"Greedy, Sorting",Medium
Rockstar Games,Count subarrays with given xor K,"Array, Hash Table",Hard
Rockstar Games,Kth largest element in a stream of running integers,"Binary Search Tree, Binary Tree",Hard
Rockstar Games,Convert Min Heap to Max Heap,"Array, Heap (Priority Queue)",Medium
Rockstar Games,Heap Sort,"Array, Heap (Priority Queue)",Medium
Rockstar Games,Implement Max Heap,"Array, Heap (Priority Queue)",Medium
Rockstar Games,Implement PQ using Heaps,"Array, Heap (Priority Queue)",Medium
Rockstar Games,K-th Largest element in an array,"Array, Divide and Conquer",Medium
Rockstar Games,Remove duplicates from sorted DLL,"Doubly-Linked List, Linked List",Hard
Rockstar Games,Flattening of LL,"-, - Hard",Hard
Rockstar Games,Add one to a number represented by LL,Linked List,Medium
Rockstar Games,Delete the middle node in LL,"Linked List, Two Pointers",Medium
Rockstar Games,Find the starting point in LL,"Linked List, Two Pointers",Medium
Rockstar Games,Length of loop in LL,"Linked List, Two Pointers",Medium
Rockstar Games,Remove Nth node from the back of the LL,"Linked List, Two Pointers",Medium
Rockstar Games,Reverse a LL,Linked List,Medium
Rockstar Games,Segregate odd and even nodes in Linked List,Linked List,Medium
Rockstar Games,Sort a Linked List of 0's 1's and 2's,"Linked List, Sorting",Medium
Rockstar Games,Print all primes till N,Math,Hard
Rockstar Games,Subsets II,"Array, Backtracking",Medium
Rockstar Games,M Coloring Problem,"Recursion, Backtracking",Hard
Rockstar Games,Count all subsequences with sum K,Recursion,Easy
Rockstar Games,Longest Substring Without Repeating Characters,"Hash Table, Sliding Window",Medium
Rockstar Games,Merge Sorting,"Array, Sorting",Medium
Rockstar Games,Quick Sorting,"Array, Sorting",Easy
Rockstar Games,Largest rectangle in a histogram,"Array, Monotonic Stack",Hard
Rockstar Games,Stock span problem,"Array, Stack",Hard
Rockstar Games,Balanced Paranthesis,"String, Greedy",Easy
Rockstar Games,Next Greater Element,"Array, Hash Table",Medium
Rockstar Games,KMP Algorithm or LPS array,"String, Rolling Hash",Hard
Rockstar Games,Longest happy prefix,"Hash Function, Rolling Hash",Hard
Rockstar Games,Rabin Karp Algorithm,"String, String Matching",Hard
Rockstar Games,Shortest Palindrome,"Hash Function, Rolling Hash",Hard
Rockstar Games,Z function,Math,Hard
Rockstar Games,Minimum number of bracket reversals to make an expression balanced,"String, Stack",Hard
Rockstar Games,Maximum XOR of two numbers in an array,"Array, Bit Manipulation",Hard
Rockstar Games,Trie Implementation and Advanced Operations,"Trie, Implementation",Hard
Rubrik,Candy Crush,"Array, Matrix",Medium
Rubrik,Distribute Candies Among Children III,"Combinatorics, Math",Hard
Salesforce,Count Inversions,"Array, Divide and Conquer",Hard
Salesforce,Majority Element-I,"Array, Counting",Easy
Salesforce,Majority Element-II,"Array, Counting",Hard
Salesforce,Merge two sorted arrays without extra space,"Linked List, Recursion",Medium
Salesforce,Kadane's Algorithm,"Array, Dynamic Programming",Medium
Salesforce,Next Permutation,"Array, Two Pointers",Medium
Salesforce,Pascal's Triangle III,"Array, Dynamic Programming",Medium
Salesforce,Find missing number,"Array, Bit Manipulation",Easy
Salesforce,Move Zeros to End,"Array, Two Pointers",Easy
Salesforce,Union of two sorted arrays,"Array, Two Pointers",Easy
Salesforce,Find row with maximum 1's,"Array, Matrix",Easy
Salesforce,Median of 2 sorted arrays,"Array, Binary Search",Hard
Salesforce,Lower Bound,"Array, Binary Search",Easy
Salesforce,Find out how many times the array is rotated,"Array, Binary Search",Easy
Salesforce,Search insert position,"Array, Binary Search",Easy
Salesforce,Single element in sorted array,"Array, Binary Search",Medium
Salesforce,Find Nth root of a number,"Array, Binary Search",Medium
Salesforce,Find square root of a number,"Array, Binary Search",Medium
Salesforce,Two sum in BST,"Binary Search Tree, Binary Tree",Hard
Salesforce,Construct a BST from a preorder traversal,"Array, Binary Search Tree",Medium
Salesforce,Inorder successor and predecessor in BST,"Binary Search Tree, Tree",Medium
Salesforce,Floor and Ceil in a BST,"Binary Search Tree, Data Structures",Easy
Salesforce,Search in BST,"Tree, Depth-First Search",Easy
Salesforce,Maximum Width of BT,"Binary Tree, Breadth-First Search",Medium
Salesforce,Print root to leaf path in BT,"String, Backtracking",Medium
Salesforce,Level Order Traversal,"Binary Tree, Breadth-First Search",Easy
Salesforce,Preorder Traversal,"Binary Tree, Depth-First Search",Easy
Salesforce,Morris Preorder Traversal,"Stack, Tree",Hard
Salesforce,Morris Inorder Traversal,"Stack, Tree",Hard
Salesforce,Divide two numbers without multiplication and division,"Bit Manipulation, Math",Medium
Salesforce,Power Set Bit Manipulation,"Math, Bit Manipulation",Medium
Salesforce,XOR of numbers in a given range,Brute,Medium
Salesforce,Check If a Number Is a Majority Element in a Sorted Array,"Array, Binary Search",Easy
Salesforce,Climbing stairs,"Dynamic Programming, Math",Medium
Salesforce,Maximum sum of non adjacent elements,"Array, Divide and Conquer",Medium
Salesforce,Ninja's training,Dynamic Programming,Medium
Salesforce,Best time to buy and sell stock,"Array, Dynamic Programming",Medium
Salesforce,Best time to buy and sell stock II,"Array, Dynamic Programming",Medium
Salesforce,Best time to buy and sell stock III,"Array, Dynamic Programming",Medium
Salesforce,Best time to buy and sell stock IV,"Array, Dynamic Programming",Medium
Salesforce,Edit distance,"Dynamic Programming, String",Hard
Salesforce,Longest palindromic subsequence,"Dynamic Programming, String",Hard
Salesforce,Minimum insertions or deletions to convert string A to B,Dynamic Programming,Hard
Salesforce,Shortest common supersequence,"Dynamic Programming, String",Hard
Salesforce,Coin change II,"Array, Dynamic Programming",Hard
Salesforce,Unbounded knapsack,Dynamic Programming,Hard
Salesforce,Burst balloons,"Array, Dynamic Programming",Hard
Salesforce,Matrix chain multiplication,"Array, Dynamic Programming",Hard
Salesforce,Equalize Strings by Adding or Removing Characters at Ends,"Binary Search, Dynamic Programming",Medium
Salesforce,Delete the element with value X,"Linked List, Hash Table",Easy
Salesforce,Deletion of the Kth element of Linked List,Linked List,Easy
Salesforce,Deletion of the tail of Linked List,"Linked List, Hash Table",Easy
Salesforce,Implement Stack using Arrays,"Array, Stack",Easy
Salesforce,Find Leaves of Binary Tree,"Binary Tree, Depth-First Search",Medium
Salesforce,Find the Celebrity,"Graph, Interactive",Medium
Salesforce,Graph Valid Tree,"Breadth-First Search, Depth-First Search",Medium
Salesforce,Course Schedule I,"Breadth-First Search, Depth-First Search",Hard
Salesforce,Course Schedule II,"Breadth-First Search, Depth-First Search",Medium
Salesforce,Shortest path in undirected graph with unit weights,"Graph, Breadth-First Search",Hard
Salesforce,Word ladder II,"Backtracking, Breadth-First Search",Hard
Salesforce,Disjoint Set,"Union Find, Algorithms",Hard
Salesforce,Bellman ford algorithm,"Dynamic Programming, Graph",Hard
Salesforce,Path with minimum effort,"Array, Binary Search",Hard
Salesforce,Shortest Distance in a Binary Maze,"Array, Breadth-First Search",Hard
Salesforce,Connected Components,"Depth-First Search, Breadth-First Search",Medium
Salesforce,Number of enclaves,"Array, Breadth-First Search",Medium
Salesforce,Number of provinces,"Breadth-First Search, Depth-First Search",Medium
Salesforce,Surrounded Regions,"Array, Breadth-First Search",Medium
Salesforce,Jump Game - I,"Array, Dynamic Programming",Easy
Salesforce,Candy,"Array, Greedy",Hard
Salesforce,Minimum number of platforms required for a railway,"Greedy, Sorting",Medium
Salesforce,Non-overlapping Intervals,"Greedy, Sorting",Medium
Salesforce,Shortest Job First,"Greedy, Sorting",Medium
Salesforce,K-th Largest element in an array,"Array, Divide and Conquer",Medium
Salesforce,Delete all occurrences of a key in DLL,"Doubly-Linked List, Linked List",Hard
Salesforce,Remove duplicates from sorted DLL,"Doubly-Linked List, Linked List",Hard
Salesforce,Merge two Sorted Lists,"Linked List, Two Pointers",Hard
Salesforce,Rotate a LL,"Linked List, Two Pointers",Hard
Salesforce,Detect a loop in LL,"Hash Table, Linked List",Medium
Salesforce,Find the starting point in LL,"Linked List, Two Pointers",Medium
Salesforce,Sort a Linked List of 0's 1's and 2's,"Linked List, Sorting",Medium
Salesforce,Count primes in range L to R,Math,Hard
Salesforce,Prime factorisation of a Number,Math,Hard
Salesforce,Maximum Number of Books You Can Take,"Array, Dynamic Programming",Hard
Salesforce,Maximum Number That Makes Result of Bitwise AND Zero,"Greedy, Sorting",Medium
Salesforce,Meeting Rooms II,"Array, Greedy",Medium
Salesforce,Range Addition,"Array, Prefix Sum",Medium
Salesforce,Subsets II,"Array, Backtracking",Medium
Salesforce,M Coloring Problem,"Recursion, Backtracking",Hard
Salesforce,Palindrome partitioning,"Backtracking, Dynamic Programming",Hard
Salesforce,Word Search,"Array, Backtracking",Hard
Salesforce,"Pow(x,n)","Math, Recursion",Medium
Salesforce,Maximum Points You Can Obtain from Cards,"Array, Prefix Sum",Medium
Salesforce,Count number of Nice subarrays,"Array, Hash Table",Hard
Salesforce,Number of Substrings Containing All Three Characters,"Hash Table, Sliding Window",Hard
Salesforce,Minimum Window Substring,"Hash Table, Sliding Window",Hard
Salesforce,Insertion Sorting,"Array, Sorting",Easy
Salesforce,Quick Sorting,"Array, Sorting",Easy
Salesforce,Largest rectangle in a histogram,"Array, Monotonic Stack",Hard
Salesforce,Sliding Window Maximum,"Array, Heap (Priority Queue)",Hard
Salesforce,Stock span problem,"Array, Stack",Hard
Salesforce,Trapping Rainwater,"Array, Dynamic Programming",Hard
Salesforce,Remove K Digits,"Greedy, Monotonic Stack",Medium
Salesforce,Maximum Xor with an element from an array,"Array, Bit Manipulation",Hard
Salesforce,Verify Preorder Sequence in Binary Search Tree,"Array, Binary Search Tree",Hard
Seagate Technology,Find the repeating and missing number,"Array, Math",Hard
Seagate Technology,Kadane's Algorithm,"Array, Dynamic Programming",Medium
Seagate Technology,Sort an array of 0's 1's and 2's,"Array, Sorting",Medium
Seagate Technology,Left Rotate Array by One,"Array, Implementation",Easy
Seagate Technology,Intersection of two sorted arrays,"Array, Sorting",Easy
Seagate Technology,Move Zeros to End,"Array, Two Pointers",Easy
Seagate Technology,Search in a 2D matrix,"Array, Binary Search",Hard
Seagate Technology,Find peak element,"Array, Binary Search",Medium
Seagate Technology,Split array - largest sum,"Array, Binary Search",Hard
Seagate Technology,Search in rotated sorted array-I,"Array, Binary Search",Medium
Seagate Technology,BST iterator,"Stack, Tree",Hard
Seagate Technology,Two sum in BST,"Binary Search Tree, Binary Tree",Hard
Seagate Technology,Construct a BST from a preorder traversal,"Array, Binary Search Tree",Medium
Seagate Technology,Construct a BT from Postorder and Inorder,"Array, Hash Table",Hard
Seagate Technology,LCA in BT,"Binary Tree, Depth-First Search",Hard
Seagate Technology,Minimum time taken to burn the BT from a given Node,"Hash Table, Tree",Hard
Seagate Technology,Right/Left View of BT,"Tree, Depth-First Search",Medium
Seagate Technology,Top View of BT,"Binary Search Tree, Tree",Medium
Seagate Technology,Maximum path sum,"Binary Tree, Depth-First Search",Medium
Seagate Technology,Inorder Traversal,"Binary Tree, Depth-First Search",Easy
Seagate Technology,Divide two numbers without multiplication and division,"Bit Manipulation, Math",Medium
Seagate Technology,Single Number - III,"Array, Bit Manipulation",Medium
Seagate Technology,Climbing stairs,"Dynamic Programming, Math",Medium
Seagate Technology,Frog jump with K distances,Dynamic Programming,Medium
Seagate Technology,Maximum sum of non adjacent elements,"Array, Divide and Conquer",Medium
Seagate Technology,Ninja's training,Dynamic Programming,Medium
Seagate Technology,Cherry pickup II,"Array, Dynamic Programming",Hard
Seagate Technology,Grid unique paths,"Math, Dynamic Programming",Medium
Seagate Technology,Minimum Falling Path Sum,"Array, Dynamic Programming",Medium
Seagate Technology,Best time to buy and sell stock III,"Array, Dynamic Programming",Medium
Seagate Technology,Best time to buy and sell stock with transaction fees,"Array, Dynamic Programming",Medium
Seagate Technology,Distinct subsequences,"Dynamic Programming, String",Hard
Seagate Technology,Minimum insertions to make string palindrome,"Dynamic Programming, String",Hard
Seagate Technology,Count partitions with given difference,"Array, Math",Hard
Seagate Technology,Count subsets with sum K,Dynamic Programming,Hard
Seagate Technology,Partition a set into two subsets with minimum absolute sum difference,Dynamic Programming,Hard
Seagate Technology,Partition equal subset sum,"Array, Dynamic Programming",Hard
Seagate Technology,Rod cutting problem,"Array, Dynamic Programming",Hard
Seagate Technology,Burst balloons,"Array, Dynamic Programming",Hard
Seagate Technology,Matrix chain multiplication,"Array, Dynamic Programming",Hard
Seagate Technology,Delete head of Doubly Linked List,"Doubly-Linked List, Hash Table",Easy
Seagate Technology,Delete Tail of Doubly Linked List,"Doubly-Linked List, Hash Table",Easy
Seagate Technology,Delete the element with value X,"Linked List, Hash Table",Easy
Seagate Technology,Deletion of the head of LL,Linked List,Easy
Seagate Technology,Insertion at the head of Linked List,Linked List,Easy
Seagate Technology,Insertion before the value X in Linked List,Linked List,Easy
Seagate Technology,Implement queue using Linkedlist,"Queue, Linked List",Easy
Seagate Technology,Implement Stack using Arrays,"Array, Stack",Easy
Seagate Technology,Implement stack using Linkedlist,"Stack, Linked List",Easy
Seagate Technology,Articulation point in graph,"Graph, Depth-First Search",Hard
Seagate Technology,Course Schedule II,"Breadth-First Search, Depth-First Search",Medium
Seagate Technology,Find eventual safe states,"Breadth-First Search, Depth-First Search",Hard
Seagate Technology,Shortest path in DAG,"Graph, Topological Sort",Hard
Seagate Technology,Shortest path in undirected graph with unit weights,"Graph, Breadth-First Search",Hard
Seagate Technology,Word ladder II,"Backtracking, Breadth-First Search",Hard
Seagate Technology,Accounts merge,"Array, Hash Table",Hard
Seagate Technology,Find the MST weight,"Union Find, Graph",Hard
Seagate Technology,Find the city with the smallest number of neighbors,"Dynamic Programming, Graph",Hard
Seagate Technology,Shortest Distance in a Binary Maze,"Array, Breadth-First Search",Hard
Seagate Technology,Distance of nearest cell having one,"Array, Breadth-First Search",Medium
Seagate Technology,Flood fill algorithm,"Array, Breadth-First Search",Medium
Seagate Technology,Number of islands,"Array, Breadth-First Search",Medium
Seagate Technology,Assign Cookies,"Array, Greedy",Easy
Seagate Technology,Jump Game - I,"Array, Dynamic Programming",Easy
Seagate Technology,Job sequencing Problem,"Dynamic Programming, Greedy",Medium
Seagate Technology,Minimum number of platforms required for a railway,"Greedy, Sorting",Medium
Seagate Technology,N meetings in one room,"Greedy, Sorting",Medium
Seagate Technology,Non-overlapping Intervals,"Greedy, Sorting",Medium
Seagate Technology,Count subarrays with given xor K,"Array, Hash Table",Hard
Seagate Technology,Find Median from Data Stream,"Data Stream, Design",Hard
Seagate Technology,Check if an array represents a min heap,"Array, Heap (Priority Queue)",Medium
Seagate Technology,Heap Sort,"Array, Heap (Priority Queue)",Medium
Seagate Technology,Delete all occurrences of a key in DLL,"Doubly-Linked List, Linked List",Hard
Seagate Technology,Remove duplicates from sorted DLL,"Doubly-Linked List, Linked List",Hard
Seagate Technology,Reverse LL in group of given size K,"Linked List, Recursion",Hard
Seagate Technology,Sort LL,"Divide and Conquer, Linked List",Hard
Seagate Technology,Check if LL is palindrome or not,"Linked List, Recursion",Medium
Seagate Technology,Add two numbers in Linked List,"Linked List, Math",Medium
Seagate Technology,Sort a Linked List of 0's 1's and 2's,"Linked List, Sorting",Medium
Seagate Technology,Prime factorisation of a Number,Math,Hard
Seagate Technology,Subsets I,"Recursion, Backtracking",Medium
Seagate Technology,M Coloring Problem,"Recursion, Backtracking",Hard
Seagate Technology,N Queen,"Recursion, Backtracking",Hard
Seagate Technology,Palindrome partitioning,"Backtracking, Dynamic Programming",Hard
Seagate Technology,Letter Combinations of a Phone Number,"Backtracking, Hash Table",Hard
Seagate Technology,Power Set,"Recursion, Backtracking",Medium
Seagate Technology,Fruit Into Baskets,"Array, Hash Table",Medium
Seagate Technology,Merge Sorting,"Array, Sorting",Medium
Seagate Technology,Selection Sort,"Array, Sorting",Easy
Seagate Technology,LFU Cache,"Design, Doubly-Linked List",Hard
Seagate Technology,LRU Cache,"Design, Doubly-Linked List",Medium
Seagate Technology,Trapping Rainwater,"Array, Dynamic Programming",Hard
Seagate Technology,Next Greater Element,"Array, Hash Table",Medium
Seagate Technology,KMP Algorithm or LPS array,"String, Rolling Hash",Hard
Seagate Technology,Maximum XOR of two numbers in an array,"Array, Bit Manipulation",Hard
Seagate Technology,Number of distinct substrings in a string,"Hash Function, Rolling Hash",Medium
Seagate Technology,Trie Implementation and Operations,"Trie, Implementation",Hard
Sentry,Design Hit Counter,"Array, Binary Search",Medium
ServiceNow,Meeting Rooms II,"Array, Greedy",Medium
ServiceNow,Reverse Words in a String II,"String, Two Pointers",Medium
Shopee,Count Pairs in Two Arrays,"Array, Heap (Priority Queue)",Medium
Shopify,Majority Element-II,"Array, Counting",Hard
Shopify,Find missing number,"Array, Bit Manipulation",Easy
Shopify,Union of two sorted arrays,"Array, Two Pointers",Easy
Shopify,Search in 2D matrix - II,"Array, Binary Search",Hard
Shopify,Search X in sorted array,"Array, Binary Search",Easy
Shopify,Upper Bound,"Array, Binary Search",Easy
Shopify,Find minimum in Rotated Sorted Array,"Array, Binary Search",Easy
Shopify,First and last occurrence,"Array, Binary Search",Easy
Shopify,Search insert position,"Array, Binary Search",Easy
Shopify,Find Nth root of a number,"Array, Binary Search",Medium
Shopify,Koko eating bananas,"Array, Binary Search",Medium
Shopify,BST iterator,"Stack, Tree",Hard
Shopify,Correct BST with two nodes swapped,"Tree, Depth-First Search",Hard
Shopify,Two sum in BST,"Binary Search Tree, Binary Tree",Hard
Shopify,Check if a tree is a BST or not,"Tree, Depth-First Search",Medium
Shopify,Insert a given node in BST,"Tree, Binary Search Tree",Medium
Shopify,Kth Smallest and Largest element in BST,"Binary Search Tree, Binary Tree",Medium
Shopify,Floor and Ceil in a BST,"Binary Search Tree, Data Structures",Easy
Shopify,Count total nodes in a complete BT,"Binary Search, Bit Manipulation",Easy
Shopify,Maximum Width of BT,"Binary Tree, Breadth-First Search",Medium
Shopify,Minimum time taken to burn the BT from a given Node,"Hash Table, Tree",Hard
Shopify,Print all nodes at a distance of K in BT,"Hash Table, Tree",Hard
Shopify,Print root to leaf path in BT,"String, Backtracking",Medium
Shopify,Postorder Traversal,"Binary Tree, Depth-First Search",Easy
Shopify,Preorder Traversal,"Binary Tree, Depth-First Search",Easy
Shopify,Morris Inorder Traversal,"Stack, Tree",Hard
Shopify,Divide two numbers without multiplication and division,"Bit Manipulation, Math",Medium
Shopify,Single Number - III,"Array, Bit Manipulation",Medium
Shopify,Design Tic-Tac-Toe,"Array, Design",Medium
Shopify,Climbing stairs,"Dynamic Programming, Math",Medium
Shopify,Cherry pickup II,"Array, Dynamic Programming",Hard
Shopify,Triangle,"Array, Dynamic Programming",Medium
Shopify,Best time to buy and sell stock III,"Array, Dynamic Programming",Medium
Shopify,Best time to buy and sell stock with transaction fees,"Array, Dynamic Programming",Medium
Shopify,Edit distance,"Dynamic Programming, String",Hard
Shopify,0 and 1 Knapsack,Dynamic Programming,Hard
Shopify,Rod cutting problem,"Array, Dynamic Programming",Hard
Shopify,Burst balloons,"Array, Dynamic Programming",Hard
Shopify,Palindrome partitioning II,"String, Dynamic Programming",Hard
Shopify,Delete head of Doubly Linked List,"Doubly-Linked List, Hash Table",Easy
Shopify,Delete Tail of Doubly Linked List,"Doubly-Linked List, Hash Table",Easy
Shopify,Deletion of the head of LL,Linked List,Easy
Shopify,Insertion at the head of Linked List,Linked List,Easy
Shopify,Insert node before (kth node) in Doubly Linked List,"Doubly-Linked List, Linked List",Easy
Shopify,Bipartite graph,"Breadth-First Search, Depth-First Search",Hard
Shopify,Detect a cycle in a directed graph,"Graph, Depth-First Search",Hard
Shopify,Detect a cycle in an undirected graph,"Graph, Depth-First Search",Hard
Shopify,Course Schedule II,"Breadth-First Search, Depth-First Search",Medium
Shopify,Find eventual safe states,"Breadth-First Search, Depth-First Search",Hard
Shopify,Shortest path in DAG,"Graph, Topological Sort",Hard
Shopify,Word ladder I,"Breadth-First Search, Hash Table",Hard
Shopify,Accounts merge,"Array, Hash Table",Hard
Shopify,Most stones removed with same row or column,"Depth-First Search, Graph",Medium
Shopify,Number of operations to make network connected,"Depth-First Search, Breadth-First Search",Hard
Shopify,Floyd warshall algorithm,"Dynamic Programming, Graph",Hard
Shopify,Traversal Techniques,"Depth-First Search, Breadth-First Search",Medium
Shopify,Number of islands,"Array, Breadth-First Search",Medium
Shopify,Number of provinces,"Breadth-First Search, Depth-First Search",Medium
Shopify,Rotten Oranges,"Array, Breadth-First Search",Medium
Shopify,Assign Cookies,"Array, Greedy",Easy
Shopify,Jump Game - I,"Array, Dynamic Programming",Easy
Shopify,Lemonade Change,"Array, Greedy",Easy
Shopify,Insert Interval,Array,Medium
Shopify,Design Twitter,"Design, Hash Table",Medium
Shopify,Find Median from Data Stream,"Data Stream, Design",Hard
Shopify,Maximum Sum Combination,"Array, Sorting",Hard
Shopify,Merge K sorted Lists,"Divide and Conquer, Heap (Priority Queue)",Hard
Shopify,Implement PQ using Heaps,"Array, Heap (Priority Queue)",Medium
Shopify,Delete all occurrences of a key in DLL,"Doubly-Linked List, Linked List",Hard
Shopify,Clone a LL with random and next pointer,Linked List,Hard
Shopify,Rotate a LL,"Linked List, Two Pointers",Hard
Shopify,Add one to a number represented by LL,Linked List,Medium
Shopify,Check if LL is palindrome or not,"Linked List, Recursion",Medium
Shopify,Add two numbers in Linked List,"Linked List, Math",Medium
Shopify,Combination Sum,"Array, Backtracking",Medium
Shopify,M Coloring Problem,"Recursion, Backtracking",Hard
Shopify,Palindrome partitioning,"Backtracking, Dynamic Programming",Hard
Shopify,Word Search,"Array, Backtracking",Hard
Shopify,Letter Combinations of a Phone Number,"Backtracking, Hash Table",Hard
Shopify,"Pow(x,n)","Math, Recursion",Medium
Shopify,Count all subsequences with sum K,Recursion,Easy
Shopify,Binary Subarrays With Sum,"Array, Hash Table",Hard
Shopify,Longest Repeating Character Replacement,"Hash Table, Sliding Window",Hard
Shopify,Longest Substring Without Repeating Characters,"Hash Table, Sliding Window",Medium
Shopify,Minimum Window Substring,"Hash Table, Sliding Window",Hard
Shopify,Bubble Sort,"Array, Sorting",Easy
Shopify,Insertion Sorting,"Array, Sorting",Easy
Shopify,Implement Min Stack,"Design, Stack",Hard
Shopify,Largest rectangle in a histogram,"Array, Monotonic Stack",Hard
Shopify,LFU Cache,"Design, Doubly-Linked List",Hard
Shopify,Trapping Rainwater,"Array, Dynamic Programming",Hard
Shopify,Longest happy prefix,"Hash Function, Rolling Hash",Hard
Shopify,Minimum number of bracket reversals to make an expression balanced,"String, Stack",Hard
Shopify,Maximum XOR of two numbers in an array,"Array, Bit Manipulation",Hard
Shopify,Walls and Gates,"Array, Breadth-First Search",Medium
Siemens Healthineers,Maximum Product Subarray in an Array,"Array, Dynamic Programming",Hard
Siemens Healthineers,Merge two sorted arrays without extra space,"Linked List, Recursion",Medium
Siemens Healthineers,Kadane's Algorithm,"Array, Dynamic Programming",Medium
Siemens Healthineers,Intersection of two sorted arrays,"Array, Sorting",Easy
Siemens Healthineers,Search in a 2D matrix,"Array, Binary Search",Hard
Siemens Healthineers,Split array - largest sum,"Array, Binary Search",Hard
Siemens Healthineers,Lower Bound,"Array, Binary Search",Easy
Siemens Healthineers,Upper Bound,"Array, Binary Search",Easy
Siemens Healthineers,Find minimum in Rotated Sorted Array,"Array, Binary Search",Easy
Siemens Healthineers,Find out how many times the array is rotated,"Array, Binary Search",Easy
Siemens Healthineers,Minimum days to make M bouquets,"Array, Binary Search",Medium
Siemens Healthineers,Two sum in BST,"Binary Search Tree, Binary Tree",Hard
Siemens Healthineers,Delete a node in BST,"Tree, Binary Search Tree",Medium
Siemens Healthineers,Insert a given node in BST,"Tree, Binary Search Tree",Medium
Siemens Healthineers,Search in BST,"Tree, Depth-First Search",Easy
Siemens Healthineers,Bottom view of BT,"Tree, Data Structures",Medium
Siemens Healthineers,Boundary Traversal,"Tree, Data Structures",Medium
Siemens Healthineers,Check for balanced binary tree,"Tree, Data Structures",Medium
Siemens Healthineers,Check if two trees are identical or not,"Tree, Depth-First Search",Medium
Siemens Healthineers,Diameter of Binary Tree,"Binary Tree, Depth-First Search",Easy
Siemens Healthineers,Maximum path sum,"Binary Tree, Depth-First Search",Medium
Siemens Healthineers,"Pre, Post, Inorder in one traversal","Stack, Tree",Easy
Siemens Healthineers,Frog jump with K distances,Dynamic Programming,Medium
Siemens Healthineers,Ninja's training,Dynamic Programming,Medium
Siemens Healthineers,Unique paths II,"Array, Dynamic Programming",Medium
Siemens Healthineers,Best time to buy and sell stock with transaction fees,"Array, Dynamic Programming",Medium
Siemens Healthineers,Distinct subsequences,"Dynamic Programming, String",Hard
Siemens Healthineers,Edit distance,"Dynamic Programming, String",Hard
Siemens Healthineers,Longest palindromic subsequence,"Dynamic Programming, String",Hard
Siemens Healthineers,Wildcard matching,"Dynamic Programming, Greedy",Hard
Siemens Healthineers,0 and 1 Knapsack,Dynamic Programming,Hard
Siemens Healthineers,Coin change II,"Array, Dynamic Programming",Hard
Siemens Healthineers,Minimum coins,Dynamic Programming,Hard
Siemens Healthineers,Target sum,"Array, Backtracking",Hard
Siemens Healthineers,Delete Tail of Doubly Linked List,"Doubly-Linked List, Hash Table",Easy
Siemens Healthineers,Deletion of the Kth element of Linked List,Linked List,Easy
Siemens Healthineers,Insertion at the head of Linked List,Linked List,Easy
Siemens Healthineers,Insertion at the tail of Linked List,Linked List,Easy
Siemens Healthineers,Insert node before (kth node) in Doubly Linked List,"Doubly-Linked List, Linked List",Easy
Siemens Healthineers,Insert node before head in Doubly Linked List,"Doubly-Linked List, Linked List",Easy
Siemens Healthineers,Implement Queue using Arrays,"Queue, Data Structures",Easy
Siemens Healthineers,Implement Queue using Stack,"Design, Queue",Easy
Siemens Healthineers,Implement Stack using Arrays,"Array, Stack",Easy
Siemens Healthineers,Implement stack using Linkedlist,"Stack, Linked List",Easy
Siemens Healthineers,Implement Stack using Queue,"Design, Queue",Easy
Siemens Healthineers,Articulation point in graph,"Graph, Depth-First Search",Hard
Siemens Healthineers,Bipartite graph,"Breadth-First Search, Depth-First Search",Hard
Siemens Healthineers,Detect a cycle in a directed graph,"Graph, Depth-First Search",Hard
Siemens Healthineers,Alien Dictionary,"Array, Breadth-First Search",Hard
Siemens Healthineers,Find eventual safe states,"Breadth-First Search, Depth-First Search",Hard
Siemens Healthineers,Disjoint Set,"Union Find, Algorithms",Hard
Siemens Healthineers,Find the city with the smallest number of neighbors,"Dynamic Programming, Graph",Hard
Siemens Healthineers,Number of ways to arrive at destination,"Dynamic Programming, Graph",Hard
Siemens Healthineers,Shortest Distance in a Binary Maze,"Array, Breadth-First Search",Hard
Siemens Healthineers,Connected Components,"Depth-First Search, Breadth-First Search",Medium
Siemens Healthineers,Number of enclaves,"Array, Breadth-First Search",Medium
Siemens Healthineers,Assign Cookies,"Array, Greedy",Easy
Siemens Healthineers,Job sequencing Problem,"Dynamic Programming, Greedy",Medium
Siemens Healthineers,N meetings in one room,"Greedy, Sorting",Medium
Siemens Healthineers,Count subarrays with given xor K,"Array, Hash Table",Hard
Siemens Healthineers,Find Median from Data Stream,"Data Stream, Design",Hard
Siemens Healthineers,Kth largest element in a stream of running integers,"Binary Search Tree, Binary Tree",Hard
Siemens Healthineers,Check if an array represents a min heap,"Array, Heap (Priority Queue)",Medium
Siemens Healthineers,Flattening of LL,"-, - Hard",Hard
Siemens Healthineers,Sort LL,"Divide and Conquer, Linked List",Hard
Siemens Healthineers,Add one to a number represented by LL,Linked List,Medium
Siemens Healthineers,Add two numbers in Linked List,"Linked List, Math",Medium
Siemens Healthineers,Remove Nth node from the back of the LL,"Linked List, Two Pointers",Medium
Siemens Healthineers,Sort a Linked List of 0's 1's and 2's,"Linked List, Sorting",Medium
Siemens Healthineers,Count primes in range L to R,Math,Hard
Siemens Healthineers,Prime factorisation of a Number,Math,Hard
Siemens Healthineers,Palindrome partitioning,"Backtracking, Dynamic Programming",Hard
Siemens Healthineers,Generate Parentheses,"Backtracking, Dynamic Programming",Medium
Siemens Healthineers,"Pow(x,n)","Math, Recursion",Medium
Siemens Healthineers,Binary Subarrays With Sum,"Array, Hash Table",Hard
Siemens Healthineers,Quick Sorting,"Array, Sorting",Easy
Siemens Healthineers,Implement Min Stack,"Design, Stack",Hard
Siemens Healthineers,LFU Cache,"Design, Doubly-Linked List",Hard
Siemens Healthineers,Balanced Paranthesis,"String, Greedy",Easy
Siemens Healthineers,Sum of Subarray Minimums,"Array, Dynamic Programming",Medium
Siemens Healthineers,Rabin Karp Algorithm,"String, String Matching",Hard
Siemens Healthineers,Trie Implementation and Advanced Operations,"Trie, Implementation",Hard
Snap,Basic Calculator III,"Math, Recursion",Hard
Snap,Binary Tree Vertical Order Traversal,"Binary Tree, Breadth-First Search",Medium
Snap,Brace Expansion,"Divide and Conquer, Hash Table",Medium
Snap,Check if a Number is Power of 2 or Not,Math,Easy
Snap,Design Log Storage System,"Design, Hash Table",Medium
Snap,Divide Chocolate,"Array, Binary Search",Hard
Snap,Number of islands II,"Array, Hash Table",Hard
Snap,Max Stack,"Design, Doubly-Linked List",Hard
Snap,Meeting Rooms II,"Array, Greedy",Medium
Snap,Minimum Number of Keypresses,"Counting, Greedy",Medium
Snap,Shortest Distance from All Buildings,"Array, Breadth-First Search",Hard
Snap,Ternary Expression Parser,"Recursion, Stack",Medium
Snap,The Most Similar Path in a Graph,"Dynamic Programming, Graph",Hard
Snowflake,Rotate matrix by 90 degrees,"Array, Math",Medium
Snowflake,Find missing number,"Array, Bit Manipulation",Easy
Snowflake,Intersection of two sorted arrays,"Array, Sorting",Easy
Snowflake,Move Zeros to End,"Array, Two Pointers",Easy
Snowflake,Find Peak Element - II,"Array, Binary Search",Medium
Snowflake,Median of 2 sorted arrays,"Array, Binary Search",Hard
Snowflake,Find minimum in Rotated Sorted Array,"Array, Binary Search",Easy
Snowflake,Floor and Ceil in Sorted Array,"Array, Binary Search",Easy
Snowflake,Search in rotated sorted array-I,"Array, Binary Search",Medium
Snowflake,Single element in sorted array,"Array, Binary Search",Medium
Snowflake,Correct BST with two nodes swapped,"Tree, Depth-First Search",Hard
Snowflake,Largest BST in Binary Tree,"Binary Search, Binary Search Tree",Hard
Snowflake,Check if a tree is a BST or not,"Tree, Depth-First Search",Medium
Snowflake,Inorder successor and predecessor in BST,"Binary Search Tree, Tree",Medium
Snowflake,Construct a BT from Preorder and Inorder,"Array, Binary Tree",Hard
Snowflake,LCA in BT,"Binary Tree, Depth-First Search",Hard
Snowflake,Minimum time taken to burn the BT from a given Node,"Hash Table, Tree",Hard
Snowflake,Print all nodes at a distance of K in BT,"Hash Table, Tree",Hard
Snowflake,Right/Left View of BT,"Tree, Depth-First Search",Medium
Snowflake,Check for symmetrical BTs,"Tree, Depth-First Search",Medium
Snowflake,Check if two trees are identical or not,"Tree, Depth-First Search",Medium
Snowflake,Diameter of Binary Tree,"Binary Tree, Depth-First Search",Easy
Snowflake,Maximum path sum,"Binary Tree, Depth-First Search",Medium
Snowflake,Inorder Traversal,"Binary Tree, Depth-First Search",Easy
Snowflake,Morris Preorder Traversal,"Stack, Tree",Hard
Snowflake,Boundary of Binary Tree,"Binary Tree, Breadth-First Search",Medium
Snowflake,Design Hit Counter,"Array, Binary Search",Medium
Snowflake,Frog Jump,"Array, Dynamic Programming",Medium
Snowflake,Frog jump with K distances,Dynamic Programming,Medium
Snowflake,Maximum sum of non adjacent elements,"Array, Divide and Conquer",Medium
Snowflake,Minimum Falling Path Sum,"Array, Dynamic Programming",Medium
Snowflake,Best time to buy and sell stock,"Array, Dynamic Programming",Medium
Snowflake,Edit distance,"Dynamic Programming, String",Hard
Snowflake,Minimum insertions or deletions to convert string A to B,Dynamic Programming,Hard
Snowflake,Minimum insertions to make string palindrome,"Dynamic Programming, String",Hard
Snowflake,Coin change II,"Array, Dynamic Programming",Hard
Snowflake,Count partitions with given difference,"Array, Math",Hard
Snowflake,Partition equal subset sum,"Array, Dynamic Programming",Hard
Snowflake,Rod cutting problem,"Array, Dynamic Programming",Hard
Snowflake,Subset sum equals to target,"Array, Dynamic Programming",Hard
Snowflake,Target sum,"Array, Backtracking",Hard
Snowflake,Unbounded knapsack,Dynamic Programming,Hard
Snowflake,Convert Array to Doubly Linked List,"Doubly-Linked List, Hash Table",Easy
Snowflake,Delete Tail of Doubly Linked List,"Doubly-Linked List, Hash Table",Easy
Snowflake,Insert node before head in Doubly Linked List,"Doubly-Linked List, Linked List",Easy
Snowflake,Implement Queue using Arrays,"Queue, Data Structures",Easy
Snowflake,Graph Valid Tree,"Breadth-First Search, Depth-First Search",Medium
Snowflake,Articulation point in graph,"Graph, Depth-First Search",Hard
Snowflake,Bridges in graph,"Biconnected Component, Depth-First Search",Hard
Snowflake,Shortest path in DAG,"Graph, Topological Sort",Hard
Snowflake,Accounts merge,"Array, Hash Table",Hard
Snowflake,Making a large island,"Array, Breadth-First Search",Hard
Snowflake,Dijkstra's algorithm,"Graph, Heap (Priority Queue)",Hard
Snowflake,Number of ways to arrive at destination,"Dynamic Programming, Graph",Hard
Snowflake,Path with minimum effort,"Array, Binary Search",Hard
Snowflake,Shortest Distance in a Binary Maze,"Array, Breadth-First Search",Hard
Snowflake,Surrounded Regions,"Array, Breadth-First Search",Medium
Snowflake,Insert Interval,Array,Medium
Snowflake,Count subarrays with given xor K,"Array, Hash Table",Hard
Snowflake,Find Median from Data Stream,"Data Stream, Design",Hard
Snowflake,Kth largest element in a stream of running integers,"Binary Search Tree, Binary Tree",Hard
Snowflake,Merge K sorted Lists,"Divide and Conquer, Heap (Priority Queue)",Hard
Snowflake,Build heap from a given Array,"Array, Heap (Priority Queue)",Medium
Snowflake,Convert Min Heap to Max Heap,"Array, Heap (Priority Queue)",Medium
Snowflake,Implement Min Heap,"Array, Heap (Priority Queue)",Medium
Snowflake,K-th Largest element in an array,"Array, Divide and Conquer",Medium
Snowflake,Flattening of LL,"-, - Hard",Hard
Snowflake,Check if LL is palindrome or not,"Linked List, Recursion",Medium
Snowflake,Delete the middle node in LL,"Linked List, Two Pointers",Medium
Snowflake,Add two numbers in Linked List,"Linked List, Math",Medium
Snowflake,Sort a Linked List of 0's 1's and 2's,"Linked List, Sorting",Medium
Snowflake,Maximum Number of Upgradable Servers,"Array, Binary Search",Medium
Snowflake,Maximum Profit From Trading Stocks,"Array, Dynamic Programming",Medium
Snowflake,Minimum Operations to Make Numbers Non-positive,"Array, Binary Search",Hard
Snowflake,Combination Sum,"Array, Backtracking",Medium
Snowflake,Combination Sum II,"Array, Backtracking",Medium
Snowflake,Subsets I,"Recursion, Backtracking",Medium
Snowflake,N Queen,"Recursion, Backtracking",Hard
Snowflake,Rat in a Maze,"Recursion, Backtracking",Hard
Snowflake,Count all subsequences with sum K,Recursion,Easy
Snowflake,Number of Substrings Containing All Three Characters,"Hash Table, Sliding Window",Hard
Snowflake,Longest Substring Without Repeating Characters,"Hash Table, Sliding Window",Medium
Snowflake,Insertion Sorting,"Array, Sorting",Easy
Snowflake,Merge Sorting,"Array, Sorting",Medium
Snowflake,Implement Min Stack,"Design, Stack",Hard
Snowflake,Trapping Rainwater,"Array, Dynamic Programming",Hard
Snowflake,Balanced Paranthesis,"String, Greedy",Easy
Snowflake,Next Greater Element,"Array, Hash Table",Medium
Snowflake,KMP Algorithm or LPS array,"String, Rolling Hash",Hard
Snowflake,Shortest Palindrome,"Hash Function, Rolling Hash",Hard
Snowflake,Z function,Math,Hard
Snowflake,Count and say,String,Hard
Snowflake,Maximum XOR of two numbers in an array,"Array, Bit Manipulation",Hard
Snowflake,Trie Implementation and Advanced Operations,"Trie, Implementation",Hard
Snowflake,Trie Implementation and Operations,"Trie, Implementation",Hard
Snowflake,Word Pattern II,"Hash Table, String",Hard
Sony,Subtree Removal Game with Fibonacci Tree,"Binary Tree, Dynamic Programming",Hard
Splunk,Majority Element-I,"Array, Counting",Easy
Splunk,Majority Element-II,"Array, Counting",Hard
Splunk,Reverse Pairs,"Array, Binary Indexed Tree",Hard
Splunk,Next Permutation,"Array, Two Pointers",Medium
Splunk,Pascal's Triangle III,"Array, Dynamic Programming",Medium
Splunk,Print the matrix in spiral manner,"Array, Matrix",Medium
Splunk,Rearrange array elements by sign,"Array, Simulation",Medium
Splunk,Rotate matrix by 90 degrees,"Array, Math",Medium
Splunk,Two Sum,"Array, Hash Table",Easy
Splunk,Linear Search,"Array, Searching",Easy
Splunk,Maximum Consecutive Ones,Array,Easy
Splunk,Search in 2D matrix - II,"Array, Binary Search",Hard
Splunk,Aggressive Cows,Binary Search,Hard
Splunk,Median of 2 sorted arrays,"Array, Binary Search",Hard
Splunk,Split array - largest sum,"Array, Binary Search",Hard
Splunk,Search X in sorted array,"Array, Binary Search",Easy
Splunk,Upper Bound,"Array, Binary Search",Easy
Splunk,Find minimum in Rotated Sorted Array,"Array, Binary Search",Easy
Splunk,Find out how many times the array is rotated,"Array, Binary Search",Easy
Splunk,Search insert position,"Array, Binary Search",Easy
Splunk,Find Nth root of a number,"Array, Binary Search",Medium
Splunk,Find square root of a number,"Array, Binary Search",Medium
Splunk,BST iterator,"Stack, Tree",Hard
Splunk,Correct BST with two nodes swapped,"Tree, Depth-First Search",Hard
Splunk,Construct a BST from a preorder traversal,"Array, Binary Search Tree",Medium
Splunk,Search in BST,"Tree, Depth-First Search",Easy
Splunk,Construct a BT from Postorder and Inorder,"Array, Hash Table",Hard
Splunk,Construct a BT from Preorder and Inorder,"Array, Binary Tree",Hard
Splunk,Top View of BT,"Binary Search Tree, Tree",Medium
Splunk,Vertical Order Traversal,"Binary Tree, Breadth-First Search",Medium
Splunk,Diameter of Binary Tree,"Binary Tree, Depth-First Search",Easy
Splunk,Maximum path sum,"Binary Tree, Depth-First Search",Medium
Splunk,Power Set Bit Manipulation,"Math, Bit Manipulation",Medium
Splunk,Frog jump with K distances,Dynamic Programming,Medium
Splunk,Unique paths II,"Array, Dynamic Programming",Medium
Splunk,Best time to buy and sell stock II,"Array, Dynamic Programming",Medium
Splunk,Best time to buy and sell stock IV,"Array, Dynamic Programming",Medium
Splunk,Minimum insertions or deletions to convert string A to B,Dynamic Programming,Hard
Splunk,Minimum insertions to make string palindrome,"Dynamic Programming, String",Hard
Splunk,Minimum cost to cut the stick,"Array, Dynamic Programming",Hard
Splunk,Convert Array to Doubly Linked List,"Doubly-Linked List, Hash Table",Easy
Splunk,Delete head of Doubly Linked List,"Doubly-Linked List, Hash Table",Easy
Splunk,Delete Tail of Doubly Linked List,"Doubly-Linked List, Hash Table",Easy
Splunk,Insertion at the Kth position of Linked List,Linked List,Easy
Splunk,Insert node before (kth node) in Doubly Linked List,"Doubly-Linked List, Linked List",Easy
Splunk,Implement Queue using Stack,"Design, Queue",Easy
Splunk,Implement stack using Linkedlist,"Stack, Linked List",Easy
Splunk,Bridges in graph,"Biconnected Component, Depth-First Search",Hard
Splunk,Alien Dictionary,"Array, Breadth-First Search",Hard
Splunk,Shortest path in undirected graph with unit weights,"Graph, Breadth-First Search",Hard
Splunk,Disjoint Set,"Union Find, Algorithms",Hard
Splunk,Find the MST weight,"Union Find, Graph",Hard
Splunk,Dijkstra's algorithm,"Graph, Heap (Priority Queue)",Hard
Splunk,Path with minimum effort,"Array, Binary Search",Hard
Splunk,Traversal Techniques,"Depth-First Search, Breadth-First Search",Medium
Splunk,Number of distinct islands,"Breadth-First Search, Depth-First Search",Medium
Splunk,Number of enclaves,"Array, Breadth-First Search",Medium
Splunk,Number of islands,"Array, Breadth-First Search",Medium
Splunk,Rotten Oranges,"Array, Breadth-First Search",Medium
Splunk,Surrounded Regions,"Array, Breadth-First Search",Medium
Splunk,Jump Game - I,"Array, Dynamic Programming",Easy
Splunk,Insert Interval,Array,Medium
Splunk,Find Median from Data Stream,"Data Stream, Design",Hard
Splunk,Merge K sorted Lists,"Divide and Conquer, Heap (Priority Queue)",Hard
Splunk,Check if an array represents a min heap,"Array, Heap (Priority Queue)",Medium
Splunk,Convert Min Heap to Max Heap,"Array, Heap (Priority Queue)",Medium
Splunk,Implement Max Heap,"Array, Heap (Priority Queue)",Medium
Splunk,Implement PQ using Heaps,"Array, Heap (Priority Queue)",Medium
Splunk,Remove duplicates from sorted DLL,"Doubly-Linked List, Linked List",Hard
Splunk,Reverse LL in group of given size K,"Linked List, Recursion",Hard
Splunk,Add one to a number represented by LL,Linked List,Medium
Splunk,Find the intersection point of Y LL,"Linked List, Two Pointers",Medium
Splunk,Traversal in Linked List,Linked List,Easy
Splunk,Add two numbers in Linked List,"Linked List, Math",Medium
Splunk,Sort a Linked List of 0's 1's and 2's,"Linked List, Sorting",Medium
Splunk,Prime factorisation of a Number,Math,Hard
Splunk,Meeting Rooms,"Array, Sorting",Easy
Splunk,Meeting Rooms II,"Array, Greedy",Medium
Splunk,Combination Sum II,"Array, Backtracking",Medium
Splunk,Subsets I,"Recursion, Backtracking",Medium
Splunk,Rat in a Maze,"Recursion, Backtracking",Hard
Splunk,Generate Parentheses,"Backtracking, Dynamic Programming",Medium
Splunk,"Pow(x,n)","Math, Recursion",Medium
Splunk,Power Set,"Recursion, Backtracking",Medium
Splunk,Binary Subarrays With Sum,"Array, Hash Table",Hard
Splunk,Number of Substrings Containing All Three Characters,"Hash Table, Sliding Window",Hard
Splunk,Longest Repeating Character Replacement,"Hash Table, Sliding Window",Hard
Splunk,Max Consecutive Ones III,"Array, Binary Search",Medium
Splunk,Minimum Window Substring,"Hash Table, Sliding Window",Hard
Splunk,Merge Sorting,"Array, Sorting",Medium
Splunk,Quick Sorting,"Array, Sorting",Easy
Splunk,LFU Cache,"Design, Doubly-Linked List",Hard
Splunk,Maximum Rectangles,"Array, Dynamic Programming. Stack",Hard
Splunk,Asteroid Collision,"Array, Simulation",Medium
Splunk,Next Greater Element - 2,"Array, Monotonic Stack",Medium
Splunk,Sum of Subarray Minimums,"Array, Dynamic Programming",Medium
Splunk,Sum of Subarray Ranges,"Array, Monotonic Stack",Medium
Splunk,Maximum XOR of two numbers in an array,"Array, Bit Manipulation",Hard
Splunk,Number of distinct substrings in a string,"Hash Function, Rolling Hash",Medium
Splunk,Trie Implementation and Advanced Operations,"Trie, Implementation",Hard
Spotify,Analyze User Website Visit Pattern,"Array, Hash Table",Medium
Spotify,Count Houses in a Circular Street II,"Data Stream, Design",Hard
Sprinklr,Choose Edges to Maximize Score in a Tree,"Depth-First Search, Dynamic Programming",Medium
Sprinklr,Maximum Subarray Sum After One Operation,"Array, Dynamic Programming",Medium
Sprinklr,Number of Same-End Substrings,"Array, Counting",Medium
Square,Merge two sorted arrays without extra space,"Linked List, Recursion",Medium
Square,Print the matrix in spiral manner,"Array, Matrix",Medium
Square,Rearrange array elements by sign,"Array, Simulation",Medium
Square,Sort an array of 0's 1's and 2's,"Array, Sorting",Medium
Square,Two Sum,"Array, Hash Table",Easy
Square,Find row with maximum 1's,"Array, Matrix",Easy
Square,Matrix Median,"Matrix, Binary Search",Hard
Square,Search in a 2D matrix,"Array, Binary Search",Hard
Square,Aggressive Cows,Binary Search,Hard
Square,Book Allocation Problem,Binary Search,Hard
Square,Find peak element,"Array, Binary Search",Medium
Square,Median of 2 sorted arrays,"Array, Binary Search",Hard
Square,Upper Bound,"Array, Binary Search",Easy
Square,Search in rotated sorted array-I,"Array, Binary Search",Medium
Square,Search insert position,"Array, Binary Search",Easy
Square,Find square root of a number,"Array, Binary Search",Medium
Square,Find the smallest divisor,"Array, Binary Search",Medium
Square,Two sum in BST,"Binary Search Tree, Binary Tree",Hard
Square,Insert a given node in BST,"Tree, Binary Search Tree",Medium
Square,Floor and Ceil in a BST,"Binary Search Tree, Data Structures",Easy
Square,Construct a BT from Postorder and Inorder,"Array, Hash Table",Hard
Square,Construct a BT from Preorder and Inorder,"Array, Binary Tree",Hard
Square,Print root to leaf path in BT,"String, Backtracking",Medium
Square,Right/Left View of BT,"Tree, Depth-First Search",Medium
Square,Check for balanced binary tree,"Tree, Data Structures",Medium
Square,Level Order Traversal,"Binary Tree, Breadth-First Search",Easy
Square,Postorder Traversal,"Binary Tree, Depth-First Search",Easy
Square,"Pre, Post, Inorder in one traversal","Stack, Tree",Easy
Square,Preorder Traversal,"Binary Tree, Depth-First Search",Easy
Square,Single Number - II,"Array, Bit Manipulation",Medium
Square,Single Number - III,"Array, Bit Manipulation",Medium
Square,XOR of numbers in a given range,Brute,Medium
Square,Ninja's training,Dynamic Programming,Medium
Square,Cherry pickup II,"Array, Dynamic Programming",Hard
Square,Unique paths II,"Array, Dynamic Programming",Medium
Square,Best time to buy and sell stock with transaction fees,"Array, Dynamic Programming",Medium
Square,Longest common subsequence,"Dynamic Programming, String",Hard
Square,Longest palindromic subsequence,"Dynamic Programming, String",Hard
Square,Minimum insertions to make string palindrome,"Dynamic Programming, String",Hard
Square,Count partitions with given difference,"Array, Math",Hard
Square,Partition a set into two subsets with minimum absolute sum difference,Dynamic Programming,Hard
Square,Subset sum equals to target,"Array, Dynamic Programming",Hard
Square,Target sum,"Array, Backtracking",Hard
Square,Burst balloons,"Array, Dynamic Programming",Hard
Square,Matrix chain multiplication,"Array, Dynamic Programming",Hard
Square,Palindrome partitioning II,"String, Dynamic Programming",Hard
Square,Delete Kth Element of Doubly Linked List,"Doubly-Linked List, Hash Table",Easy
Square,Deletion of the Kth element of Linked List,Linked List,Easy
Square,Insertion at the tail of Linked List,Linked List,Easy
Square,Insertion before the value X in Linked List,Linked List,Easy
Square,Insert node before (kth node) in Doubly Linked List,"Doubly-Linked List, Linked List",Easy
Square,Implement Stack using Queue,"Design, Queue",Easy
Square,Detect a cycle in an undirected graph,"Graph, Depth-First Search",Hard
Square,Course Schedule I,"Breadth-First Search, Depth-First Search",Hard
Square,Making a large island,"Array, Breadth-First Search",Hard
Square,Find the MST weight,"Union Find, Graph",Hard
Square,Dijkstra's algorithm,"Graph, Heap (Priority Queue)",Hard
Square,Floyd warshall algorithm,"Dynamic Programming, Graph",Hard
Square,Number of enclaves,"Array, Breadth-First Search",Medium
Square,Number of provinces,"Breadth-First Search, Depth-First Search",Medium
Square,Valid Paranthesis Checker,"String, Stack",Hard
Square,Job sequencing Problem,"Dynamic Programming, Greedy",Medium
Square,Minimum number of platforms required for a railway,"Greedy, Sorting",Medium
Square,Count subarrays with given xor K,"Array, Hash Table",Hard
Square,Find Median from Data Stream,"Data Stream, Design",Hard
Square,Kth largest element in a stream of running integers,"Binary Search Tree, Binary Tree",Hard
Square,Maximum Sum Combination,"Array, Sorting",Hard
Square,Merge K sorted Lists,"Divide and Conquer, Heap (Priority Queue)",Hard
Square,Check if an array represents a min heap,"Array, Heap (Priority Queue)",Medium
Square,Rotate a LL,"Linked List, Two Pointers",Hard
Square,Delete the middle node in LL,"Linked List, Two Pointers",Medium
Square,Find the starting point in LL,"Linked List, Two Pointers",Medium
Square,Add two numbers in Linked List,"Linked List, Math",Medium
Square,Segregate odd and even nodes in Linked List,Linked List,Medium
Square,Rat in a Maze,"Recursion, Backtracking",Hard
Square,Letter Combinations of a Phone Number,"Backtracking, Hash Table",Hard
Square,"Pow(x,n)","Math, Recursion",Medium
Square,Count all subsequences with sum K,Recursion,Easy
Square,Count number of Nice subarrays,"Array, Hash Table",Hard
Square,Longest Repeating Character Replacement,"Hash Table, Sliding Window",Hard
Square,Bubble Sort,"Array, Sorting",Easy
Square,Celebrity Problem,"Graph, Greedy",Hard
Square,Stock span problem,"Array, Stack",Hard
Square,KMP Algorithm or LPS array,"String, Rolling Hash",Hard
Square,Longest happy prefix,"Hash Function, Rolling Hash",Hard
Square,Shortest Palindrome,"Hash Function, Rolling Hash",Hard
Square,Maximum Xor with an element from an array,"Array, Bit Manipulation",Hard
Square,Trie Implementation and Operations,"Trie, Implementation",Hard
Stripe,Maximum Product Subarray in an Array,"Array, Dynamic Programming",Hard
Stripe,Reverse Pairs,"Array, Binary Indexed Tree",Hard
Stripe,3 Sum,"Array, Sorting",Medium
Stripe,Next Permutation,"Array, Two Pointers",Medium
Stripe,Pascal's Triangle III,"Array, Dynamic Programming",Medium
Stripe,Maximum Consecutive Ones,Array,Easy
Stripe,Intersection of two sorted arrays,"Array, Sorting",Easy
Stripe,Union of two sorted arrays,"Array, Two Pointers",Easy
Stripe,Book Allocation Problem,Binary Search,Hard
Stripe,Kth element of 2 sorted arrays,"Array, Divide and Conquer",Medium
Stripe,Median of 2 sorted arrays,"Array, Binary Search",Hard
Stripe,Search X in sorted array,"Array, Binary Search",Easy
Stripe,Upper Bound,"Array, Binary Search",Easy
Stripe,Search in rotated sorted array-II,"Array, Binary Search",Medium
Stripe,Search insert position,"Array, Binary Search",Easy
Stripe,Find Nth root of a number,"Array, Binary Search",Medium
Stripe,Construct a BST from a preorder traversal,"Array, Binary Search Tree",Medium
Stripe,Serialize and De-serialize BT,"Binary Tree, Breadth-First Search",Hard
Stripe,Bottom view of BT,"Tree, Data Structures",Medium
Stripe,Maximum Width of BT,"Binary Tree, Breadth-First Search",Medium
Stripe,Right/Left View of BT,"Tree, Depth-First Search",Medium
Stripe,Check for balanced binary tree,"Tree, Data Structures",Medium
Stripe,Diameter of Binary Tree,"Binary Tree, Depth-First Search",Easy
Stripe,Maximum Depth in BT,"Binary Tree, Breadth-First Search",Medium
Stripe,Morris Preorder Traversal,"Stack, Tree",Hard
Stripe,Morris Inorder Traversal,"Stack, Tree",Hard
Stripe,Minimum Bit Flips to Convert Number,Bit Manipulation,Medium
Stripe,Single Number - II,"Array, Bit Manipulation",Medium
Stripe,XOR of numbers in a given range,Brute,Medium
Stripe,Brace Expansion,"Divide and Conquer, Hash Table",Medium
Stripe,House robber,"Array, Dynamic Programming",Medium
Stripe,Ninja's training,Dynamic Programming,Medium
Stripe,Distinct subsequences,"Dynamic Programming, String",Hard
Stripe,Longest common substring,"String, Dynamic Programming",Hard
Stripe,Shortest common supersequence,"Dynamic Programming, String",Hard
Stripe,Wildcard matching,"Dynamic Programming, Greedy",Hard
Stripe,0 and 1 Knapsack,Dynamic Programming,Hard
Stripe,Partition equal subset sum,"Array, Dynamic Programming",Hard
Stripe,Subset sum equals to target,"Array, Dynamic Programming",Hard
Stripe,Burst balloons,"Array, Dynamic Programming",Hard
Stripe,Palindrome partitioning II,"String, Dynamic Programming",Hard
Stripe,Convert Array to Doubly Linked List,"Doubly-Linked List, Hash Table",Easy
Stripe,Delete Kth Element of Doubly Linked List,"Doubly-Linked List, Hash Table",Easy
Stripe,Deletion of the head of LL,Linked List,Easy
Stripe,Deletion of the tail of Linked List,"Linked List, Hash Table",Easy
Stripe,Insertion at the Kth position of Linked List,Linked List,Easy
Stripe,Topological sort or Kahn's algorithm,"Graph, Depth-First Search",Hard
Stripe,Alien Dictionary,"Array, Breadth-First Search",Hard
Stripe,Course Schedule I,"Breadth-First Search, Depth-First Search",Hard
Stripe,Course Schedule II,"Breadth-First Search, Depth-First Search",Medium
Stripe,Find eventual safe states,"Breadth-First Search, Depth-First Search",Hard
Stripe,Accounts merge,"Array, Hash Table",Hard
Stripe,Bellman ford algorithm,"Dynamic Programming, Graph",Hard
Stripe,Dijkstra's algorithm,"Graph, Heap (Priority Queue)",Hard
Stripe,Find the city with the smallest number of neighbors,"Dynamic Programming, Graph",Hard
Stripe,Floyd warshall algorithm,"Dynamic Programming, Graph",Hard
Stripe,Minimum multiplications to reach end,"Array, Graph",Hard
Stripe,Print Shortest Path,"Breadth-First Search, Graph",Hard
Stripe,Connected Components,"Depth-First Search, Breadth-First Search",Medium
Stripe,Traversal Techniques,"Depth-First Search, Breadth-First Search",Medium
Stripe,Flood fill algorithm,"Array, Breadth-First Search",Medium
Stripe,Number of enclaves,"Array, Breadth-First Search",Medium
Stripe,Jump Game - I,"Array, Dynamic Programming",Easy
Stripe,Lemonade Change,"Array, Greedy",Easy
Stripe,Candy,"Array, Greedy",Hard
Stripe,Minimum number of platforms required for a railway,"Greedy, Sorting",Medium
Stripe,Non-overlapping Intervals,"Greedy, Sorting",Medium
Stripe,Design Twitter,"Design, Hash Table",Medium
Stripe,Find Median from Data Stream,"Data Stream, Design",Hard
Stripe,Maximum Sum Combination,"Array, Sorting",Hard
Stripe,Heap Sort,"Array, Heap (Priority Queue)",Medium
Stripe,K-th Largest element in an array,"Array, Divide and Conquer",Medium
Stripe,Remove duplicates from sorted DLL,"Doubly-Linked List, Linked List",Hard
Stripe,Clone a LL with random and next pointer,Linked List,Hard
Stripe,Delete the middle node in LL,"Linked List, Two Pointers",Medium
Stripe,Remove Nth node from the back of the LL,"Linked List, Two Pointers",Medium
Stripe,Reverse a LL,Linked List,Medium
Stripe,Optimal Account Balancing,"Array, Backtracking",Hard
Stripe,Combination Sum,"Array, Backtracking",Medium
Stripe,Combination Sum II,"Array, Backtracking",Medium
Stripe,Subsets II,"Array, Backtracking",Medium
Stripe,N Queen,"Recursion, Backtracking",Hard
Stripe,Palindrome partitioning,"Backtracking, Dynamic Programming",Hard
Stripe,Sudoku Solver,"Array, Backtracking",Hard
Stripe,Letter Combinations of a Phone Number,"Backtracking, Hash Table",Hard
Stripe,Generate Parentheses,"Backtracking, Dynamic Programming",Medium
Stripe,Check if there exists a subsequence with sum K,"Array, Dynamic Programming",Easy
Stripe,Count all subsequences with sum K,Recursion,Easy
Stripe,Binary Subarrays With Sum,"Array, Hash Table",Hard
Stripe,Longest Substring Without Repeating Characters,"Hash Table, Sliding Window",Medium
Stripe,Merge Sorting,"Array, Sorting",Medium
Stripe,Celebrity Problem,"Graph, Greedy",Hard
Stripe,Implement Min Stack,"Design, Stack",Hard
Stripe,LRU Cache,"Design, Doubly-Linked List",Medium
Stripe,Balanced Paranthesis,"String, Greedy",Easy
Stripe,Asteroid Collision,"Array, Simulation",Medium
Stripe,Next Greater Element - 2,"Array, Monotonic Stack",Medium
Stripe,Sum of Subarray Minimums,"Array, Dynamic Programming",Medium
Stripe,Count and say,String,Hard
Stripe,Maximum XOR of two numbers in an array,"Array, Bit Manipulation",Hard
Swiggy,Majority Element-I,"Array, Counting",Easy
Swiggy,Merge two sorted arrays without extra space,"Linked List, Recursion",Medium
Swiggy,Reverse Pairs,"Array, Binary Indexed Tree",Hard
Swiggy,Kadane's Algorithm,"Array, Dynamic Programming",Medium
Swiggy,Pascal's Triangle III,"Array, Dynamic Programming",Medium
Swiggy,Rearrange array elements by sign,"Array, Simulation",Medium
Swiggy,Rotate matrix by 90 degrees,"Array, Math",Medium
Swiggy,Sort an array of 0's 1's and 2's,"Array, Sorting",Medium
Swiggy,Linear Search,"Array, Searching",Easy
Swiggy,Maximum Consecutive Ones,Array,Easy
Swiggy,Intersection of two sorted arrays,"Array, Sorting",Easy
Swiggy,Union of two sorted arrays,"Array, Two Pointers",Easy
Swiggy,Lower Bound,"Array, Binary Search",Easy
Swiggy,Upper Bound,"Array, Binary Search",Easy
Swiggy,Find Nth root of a number,"Array, Binary Search",Medium
Swiggy,Find the smallest divisor,"Array, Binary Search",Medium
Swiggy,Delete a node in BST,"Tree, Binary Search Tree",Medium
Swiggy,Kth Smallest and Largest element in BST,"Binary Search Tree, Binary Tree",Medium
Swiggy,LCA in BST,"Binary Search Tree, Binary Tree",Medium
Swiggy,Floor and Ceil in a BST,"Binary Search Tree, Data Structures",Easy
Swiggy,Requirements needed to construct a unique BT,"Traversal, Algorithms",Medium
Swiggy,Bottom view of BT,"Tree, Data Structures",Medium
Swiggy,LCA in BT,"Binary Tree, Depth-First Search",Hard
Swiggy,Maximum Width of BT,"Binary Tree, Breadth-First Search",Medium
Swiggy,Print all nodes at a distance of K in BT,"Hash Table, Tree",Hard
Swiggy,Check if two trees are identical or not,"Tree, Depth-First Search",Medium
Swiggy,Diameter of Binary Tree,"Binary Tree, Depth-First Search",Easy
Swiggy,Inorder Traversal,"Binary Tree, Depth-First Search",Easy
Swiggy,Preorder Traversal,"Binary Tree, Depth-First Search",Easy
Swiggy,Morris Inorder Traversal,"Stack, Tree",Hard
Swiggy,Divide two numbers without multiplication and division,"Bit Manipulation, Math",Medium
Swiggy,Minimum Bit Flips to Convert Number,Bit Manipulation,Medium
Swiggy,Frog Jump,"Array, Dynamic Programming",Medium
Swiggy,Triangle,"Array, Dynamic Programming",Medium
Swiggy,Unique paths II,"Array, Dynamic Programming",Medium
Swiggy,Best time to buy and sell stock II,"Array, Dynamic Programming",Medium
Swiggy,Distinct subsequences,"Dynamic Programming, String",Hard
Swiggy,Edit distance,"Dynamic Programming, String",Hard
Swiggy,Longest common subsequence,"Dynamic Programming, String",Hard
Swiggy,Longest common substring,"String, Dynamic Programming",Hard
Swiggy,Minimum insertions to make string palindrome,"Dynamic Programming, String",Hard
Swiggy,Count subsets with sum K,Dynamic Programming,Hard
Swiggy,Matrix chain multiplication,"Array, Dynamic Programming",Hard
Swiggy,Minimum cost to cut the stick,"Array, Dynamic Programming",Hard
Swiggy,Palindrome partitioning II,"String, Dynamic Programming",Hard
Swiggy,Delete head of Doubly Linked List,"Doubly-Linked List, Hash Table",Easy
Swiggy,Delete the element with value X,"Linked List, Hash Table",Easy
Swiggy,Insert before given node in Doubly Linked List,"Doubly-Linked List, Linked List",Easy
Swiggy,Insertion before the value X in Linked List,Linked List,Easy
Swiggy,Removing given node in Doubly Linked List,"Doubly-Linked List, Linked List",Easy
Swiggy,Implement stack using Linkedlist,"Stack, Linked List",Easy
Swiggy,Course Schedule II,"Breadth-First Search, Depth-First Search",Medium
Swiggy,Shortest path in undirected graph with unit weights,"Graph, Breadth-First Search",Hard
Swiggy,Making a large island,"Array, Breadth-First Search",Hard
Swiggy,Print Shortest Path,"Breadth-First Search, Graph",Hard
Swiggy,Traversal Techniques,"Depth-First Search, Breadth-First Search",Medium
Swiggy,Distance of nearest cell having one,"Array, Breadth-First Search",Medium
Swiggy,Surrounded Regions,"Array, Breadth-First Search",Medium
Swiggy,Insert Interval,Array,Medium
Swiggy,N meetings in one room,"Greedy, Sorting",Medium
Swiggy,Non-overlapping Intervals,"Greedy, Sorting",Medium
Swiggy,Shortest Job First,"Greedy, Sorting",Medium
Swiggy,Longest subarray with sum K,- Medium,Medium
Swiggy,Design Twitter,"Design, Hash Table",Medium
Swiggy,Find Median from Data Stream,"Data Stream, Design",Hard
Swiggy,Build heap from a given Array,"Array, Heap (Priority Queue)",Medium
Swiggy,Heapify Algorithm,"Array, Heap (Priority Queue)",Medium
Swiggy,Heap Sort,"Array, Heap (Priority Queue)",Medium
Swiggy,Implement Max Heap,"Array, Heap (Priority Queue)",Medium
Swiggy,Implement Min Heap,"Array, Heap (Priority Queue)",Medium
Swiggy,Implement PQ using Heaps,"Array, Heap (Priority Queue)",Medium
Swiggy,K-th Largest element in an array,"Array, Divide and Conquer",Medium
Swiggy,Delete all occurrences of a key in DLL,"Doubly-Linked List, Linked List",Hard
Swiggy,Merge two Sorted Lists,"Linked List, Two Pointers",Hard
Swiggy,Segregate odd and even nodes in Linked List,Linked List,Medium
Swiggy,Sort a Linked List of 0's 1's and 2's,"Linked List, Sorting",Medium
Swiggy,Prime factorisation of a Number,Math,Hard
Swiggy,M Coloring Problem,"Recursion, Backtracking",Hard
Swiggy,Rat in a Maze,"Recursion, Backtracking",Hard
Swiggy,Word Search,"Array, Backtracking",Hard
Swiggy,Power Set,"Recursion, Backtracking",Medium
Swiggy,Maximum Points You Can Obtain from Cards,"Array, Prefix Sum",Medium
Swiggy,Fruit Into Baskets,"Array, Hash Table",Medium
Swiggy,Longest Substring Without Repeating Characters,"Hash Table, Sliding Window",Medium
Swiggy,Minimum Window Substring,"Hash Table, Sliding Window",Hard
Swiggy,Bubble Sort,"Array, Sorting",Easy
Swiggy,Celebrity Problem,"Graph, Greedy",Hard
Swiggy,Largest rectangle in a histogram,"Array, Monotonic Stack",Hard
Swiggy,Sliding Window Maximum,"Array, Heap (Priority Queue)",Hard
Swiggy,Sum of Subarray Minimums,"Array, Dynamic Programming",Medium
Swiggy,Rabin Karp Algorithm,"String, String Matching",Hard
Swiggy,Minimum number of bracket reversals to make an expression balanced,"String, Stack",Hard
Swiggy,Reverse every word in a string,String,Medium
Target,Leaders in an Array,Array,Medium
Target,Print the matrix in spiral manner,"Array, Matrix",Medium
Target,Rotate matrix by 90 degrees,"Array, Math",Medium
Target,Move Zeros to End,"Array, Two Pointers",Easy
Target,Find Peak Element - II,"Array, Binary Search",Medium
Target,Search in 2D matrix - II,"Array, Binary Search",Hard
Target,Median of 2 sorted arrays,"Array, Binary Search",Hard
Target,Lower Bound,"Array, Binary Search",Easy
Target,Upper Bound,"Array, Binary Search",Easy
Target,Find minimum in Rotated Sorted Array,"Array, Binary Search",Easy
Target,Floor and Ceil in Sorted Array,"Array, Binary Search",Easy
Target,Find Nth root of a number,"Array, Binary Search",Medium
Target,Delete a node in BST,"Tree, Binary Search Tree",Medium
Target,Construct a BT from Postorder and Inorder,"Array, Hash Table",Hard
Target,Serialize and De-serialize BT,"Binary Tree, Breadth-First Search",Hard
Target,Boundary Traversal,"Tree, Data Structures",Medium
Target,LCA in BT,"Binary Tree, Depth-First Search",Hard
Target,Check if two trees are identical or not,"Tree, Depth-First Search",Medium
Target,Maximum Depth in BT,"Binary Tree, Breadth-First Search",Medium
Target,Inorder Traversal,"Binary Tree, Depth-First Search",Easy
Target,Preorder Traversal,"Binary Tree, Depth-First Search",Easy
Target,Climbing stairs,"Dynamic Programming, Math",Medium
Target,Frog Jump,"Array, Dynamic Programming",Medium
Target,Grid unique paths,"Math, Dynamic Programming",Medium
Target,Unique paths II,"Array, Dynamic Programming",Medium
Target,Best time to buy and sell stock,"Array, Dynamic Programming",Medium
Target,Best time to buy and sell stock with transaction fees,"Array, Dynamic Programming",Medium
Target,Distinct subsequences,"Dynamic Programming, String",Hard
Target,Longest palindromic subsequence,"Dynamic Programming, String",Hard
Target,Minimum insertions or deletions to convert string A to B,Dynamic Programming,Hard
Target,Minimum insertions to make string palindrome,"Dynamic Programming, String",Hard
Target,Wildcard matching,"Dynamic Programming, Greedy",Hard
Target,Count subsets with sum K,Dynamic Programming,Hard
Target,Partition a set into two subsets with minimum absolute sum difference,Dynamic Programming,Hard
Target,Target sum,"Array, Backtracking",Hard
Target,Burst balloons,"Array, Dynamic Programming",Hard
Target,Matrix chain multiplication,"Array, Dynamic Programming",Hard
Target,Minimum cost to cut the stick,"Array, Dynamic Programming",Hard
Target,Delete Kth Element of Doubly Linked List,"Doubly-Linked List, Hash Table",Easy
Target,Deletion of the head of LL,Linked List,Easy
Target,Insert before given node in Doubly Linked List,"Doubly-Linked List, Linked List",Easy
Target,Insertion at the tail of Linked List,Linked List,Easy
Target,Insert node before (kth node) in Doubly Linked List,"Doubly-Linked List, Linked List",Easy
Target,Insert node before head in Doubly Linked List,"Doubly-Linked List, Linked List",Easy
Target,Implement queue using Linkedlist,"Queue, Linked List",Easy
Target,Implement Stack using Arrays,"Array, Stack",Easy
Target,Bridges in graph,"Biconnected Component, Depth-First Search",Hard
Target,Bipartite graph,"Breadth-First Search, Depth-First Search",Hard
Target,Detect a cycle in a directed graph,"Graph, Depth-First Search",Hard
Target,Topological sort or Kahn's algorithm,"Graph, Depth-First Search",Hard
Target,Alien Dictionary,"Array, Breadth-First Search",Hard
Target,Course Schedule I,"Breadth-First Search, Depth-First Search",Hard
Target,Find eventual safe states,"Breadth-First Search, Depth-First Search",Hard
Target,Disjoint Set,"Union Find, Algorithms",Hard
Target,Dijkstra's algorithm,"Graph, Heap (Priority Queue)",Hard
Target,Minimum multiplications to reach end,"Array, Graph",Hard
Target,Traversal Techniques,"Depth-First Search, Breadth-First Search",Medium
Target,Distance of nearest cell having one,"Array, Breadth-First Search",Medium
Target,Number of enclaves,"Array, Breadth-First Search",Medium
Target,Number of islands,"Array, Breadth-First Search",Medium
Target,Candy,"Array, Greedy",Hard
Target,Valid Paranthesis Checker,"String, Stack",Hard
Target,Insert Interval,Array,Medium
Target,Check if an array represents a min heap,"Array, Heap (Priority Queue)",Medium
Target,Heapify Algorithm,"Array, Heap (Priority Queue)",Medium
Target,Implement PQ using Heaps,"Array, Heap (Priority Queue)",Medium
Target,K-th Largest element in an array,"Array, Divide and Conquer",Medium
Target,Reverse LL in group of given size K,"Linked List, Recursion",Hard
Target,Rotate a LL,"Linked List, Two Pointers",Hard
Target,Detect a loop in LL,"Hash Table, Linked List",Medium
Target,Reverse a LL,Linked List,Medium
Target,Sort a Linked List of 0's 1's and 2's,"Linked List, Sorting",Medium
Target,Count primes in range L to R,Math,Hard
Target,Rat in a Maze,"Recursion, Backtracking",Hard
Target,Maximum Points You Can Obtain from Cards,"Array, Prefix Sum",Medium
Target,Binary Subarrays With Sum,"Array, Hash Table",Hard
Target,Count number of Nice subarrays,"Array, Hash Table",Hard
Target,Longest Repeating Character Replacement,"Hash Table, Sliding Window",Hard
Target,Longest Substring Without Repeating Characters,"Hash Table, Sliding Window",Medium
Target,Max Consecutive Ones III,"Array, Binary Search",Medium
Target,Bubble Sort,"Array, Sorting",Easy
Target,Selection Sort,"Array, Sorting",Easy
Target,Implement Min Stack,"Design, Stack",Hard
Target,LFU Cache,"Design, Doubly-Linked List",Hard
Target,Stock span problem,"Array, Stack",Hard
Target,Trapping Rainwater,"Array, Dynamic Programming",Hard
Target,Asteroid Collision,"Array, Simulation",Medium
Target,KMP Algorithm or LPS array,"String, Rolling Hash",Hard
Target,Longest happy prefix,"Hash Function, Rolling Hash",Hard
Target,Minimum number of bracket reversals to make an expression balanced,"String, Stack",Hard
Target,Reverse every word in a string,String,Medium
TCS,Add Two Fractions,Math,Easy
TCS,Leaders in an Array,Array,Medium
TCS,Next Permutation,"Array, Two Pointers",Medium
TCS,Pascal's Triangle III,"Array, Dynamic Programming",Medium
TCS,Print the matrix in spiral manner,"Array, Matrix",Medium
TCS,Rearrange array elements by sign,"Array, Simulation",Medium
TCS,Rotate matrix by 90 degrees,"Array, Math",Medium
TCS,Largest Element,Array,Easy
TCS,Left Rotate Array by K Places,Array,Easy
TCS,Left Rotate Array by One,"Array, Implementation",Easy
TCS,Linear Search,"Array, Searching",Easy
TCS,Maximum Consecutive Ones,Array,Easy
TCS,Second Largest Element,Array,Easy
TCS,Find missing number,"Array, Bit Manipulation",Easy
TCS,Intersection of two sorted arrays,"Array, Sorting",Easy
TCS,Move Zeros to End,"Array, Two Pointers",Easy
TCS,Remove duplicates from sorted array,Array,Easy
TCS,Union of two sorted arrays,"Array, Two Pointers",Easy
TCS,Automorphic Number,Math,Easy
TCS,Average of All Elements in an Array,Array,Easy
TCS,Lower Bound,"Array, Binary Search",Easy
TCS,Search X in sorted array,"Array, Binary Search",Easy
TCS,Upper Bound,"Array, Binary Search",Easy
TCS,Find minimum in Rotated Sorted Array,"Array, Binary Search",Easy
TCS,Find out how many times the array is rotated,"Array, Binary Search",Easy
TCS,First and last occurrence,"Array, Binary Search",Easy
TCS,Floor and Ceil in Sorted Array,"Array, Binary Search",Easy
TCS,Search in rotated sorted array-I,"Array, Binary Search",Medium
TCS,Search in rotated sorted array-II,"Array, Binary Search",Medium
TCS,Search insert position,"Array, Binary Search",Easy
TCS,Single element in sorted array,"Array, Binary Search",Medium
TCS,Find Nth root of a number,"Array, Binary Search",Medium
TCS,Find square root of a number,"Array, Binary Search",Medium
TCS,Zig Zag or Spiral Traversal,"Array, Matrix",Medium
TCS,Single Number - I,"Array, Bit Manipulation",Medium
TCS,Calculate Frequency of Characters in a String,String,Easy
TCS,Calculate the Area of a Circle,Math,Easy
TCS,Calculate the Power of a Number using Binary Exponentiation,Math,Easy
TCS,Capitalize First and Last Character of Each Word,String,Easy
TCS,Change Case of Each Character in a String,String,Easy
TCS,Check if a Large Number is Divisible by 9,Math,Easy
TCS,Check if a Number is a Harshad (Niven) Number,Math,Easy
TCS,Check if a Number is a Strong Number,Math,Easy
TCS,Check if a Number is an Abundant Number,Math,Easy
TCS,Check if Array is Subset of Another,Array,Easy
TCS,Check if Given Year is a Leap Year,Math,Easy
TCS,Check Whether a Floating-Point Number is Even or Odd,Math,Easy
TCS,Check whether a Given Number is Even or Odd,Math,Easy
TCS,Check Whether a Number is Positive or Negative,Math,Easy
TCS,Concatenate One String to Another,String,Easy
TCS,Convert a Number to Hexadecimal,Math,Easy
TCS,Convert Binary to Decimal,Math,Easy
TCS,Convert Binary to Octal,Math,Easy
TCS,Convert Decimal to Binary Number,Math,Easy
TCS,Convert Decimal to Octal Number,Math,Easy
TCS,Convert Digits/Numbers to Words,Math,Easy
TCS,Convert Octal to Binary,Math,Easy
TCS,Convert Octal to Decimal,Math,Easy
TCS,Count Nodes in Linked List,Linked List,Easy
TCS,Count the Number of Words in a Given String,String,Easy
TCS,"Count Vowels, Consonants, and Spaces in a String",String,Easy
TCS,Counting Frequencies of Array Elements,Array,Easy
TCS,Design Array Modifier,"Array, Implementation",Easy
TCS,Express Number as Sum of Two Primes,Math,Easy
TCS,Check if the Array is Sorted I,"Array, Sorting",Easy
TCS,Count of odd numbers in array,"Array, Math",Easy
TCS,Reverse an array,Array,Easy
TCS,Sum of Array Elements,Array,Easy
TCS,Highest Occurring Element in an Array,Array,Easy
TCS,Second Highest Occurring Element,"Array, Hash Table",Easy
TCS,Sum of Highest and Lowest Frequency,"Array, Hash Table",Easy
TCS,Convert Array to Doubly Linked List,"Doubly-Linked List, Hash Table",Easy
TCS,Delete head of Doubly Linked List,"Doubly-Linked List, Hash Table",Easy
TCS,Delete Kth Element of Doubly Linked List,"Doubly-Linked List, Hash Table",Easy
TCS,Delete Tail of Doubly Linked List,"Doubly-Linked List, Hash Table",Easy
TCS,Delete the element with value X,"Linked List, Hash Table",Easy
TCS,Deletion of the head of LL,Linked List,Easy
TCS,Deletion of the Kth element of Linked List,Linked List,Easy
TCS,Deletion of the tail of Linked List,"Linked List, Hash Table",Easy
TCS,Insert before given node in Doubly Linked List,"Doubly-Linked List, Linked List",Easy
TCS,Insertion at the head of Linked List,Linked List,Easy
TCS,Insertion at the Kth position of Linked List,Linked List,Easy
TCS,Insertion at the tail of Linked List,Linked List,Easy
TCS,Insertion before the value X in Linked List,Linked List,Easy
TCS,Insert node before (kth node) in Doubly Linked List,"Doubly-Linked List, Linked List",Easy
TCS,Insert node before head in Doubly Linked List,"Doubly-Linked List, Linked List",Easy
TCS,Insert node before tail in Doubly Linked List,"Doubly-Linked List, Linked List",Easy
TCS,Removing given node in Doubly Linked List,"Doubly-Linked List, Linked List",Easy
TCS,Check for Perfect Number,Math,Easy
TCS,Check for Prime Number,Math,Easy
TCS,Check if the Number is Armstrong,Math,Easy
TCS,Count all Digits of a Number,"Math, Counting",Easy
TCS,Count number of odd digits in a number,"Math, Counting",Easy
TCS,Count of Prime Numbers till N,"Math, Counting",Easy
TCS,Divisors of a Number,Math,Easy
TCS,Factorial of a given number,Math,Easy
TCS,GCD of Two Numbers,Math,Easy
TCS,LCM of two numbers,Math,Easy
TCS,Palindrome Number,Math,Easy
TCS,Return the Largest Digit in a Number,Math,Easy
TCS,Reverse a number,Math,Easy
TCS,Check if a Number is Prime or Not,Math,Easy
TCS,Check if String is Palindrome or Not,String,Easy
TCS,Check if the Array is Sorted II,"Array, Sorting",Easy
TCS,Factorial of a Given Number,Math,Easy
TCS,Fibonacci Number,"Dynamic Programming, Math",Easy
TCS,Reverse a String I,String,Easy
TCS,Sum of Array Elements II,"Array, Math",Easy
TCS,Sum of Digits in a Given Number,Math,Easy
TCS,Sum of First N Numbers,Math,Easy
TCS,Implement Queue using Arrays,"Queue, Data Structures",Easy
TCS,Implement queue using Linkedlist,"Queue, Linked List",Easy
TCS,Implement Queue using Stack,"Design, Queue",Easy
TCS,Implement Stack using Arrays,"Array, Stack",Easy
TCS,Implement stack using Linkedlist,"Stack, Linked List",Easy
TCS,Implement Stack using Queue,"Design, Queue",Easy
TCS,Isomorphic String,"Hash Table, String",Easy
TCS,Largest Odd Number in a String,Math,Easy
TCS,Longest Common Prefix,"String, Trie",Easy
TCS,Palindrome Check,"String, Two Pointers",Easy
TCS,Reverse a String II,String,Easy
TCS,Rotate String,"String, String Matching",Easy
TCS,Sort Characters by Frequency,"Bucket Sort, Counting",Easy
TCS,Valid Anagram,"Hash Table, Sorting",Easy
TCS,Pattern 1,"Pattern Printing, Implementation",Easy
TCS,Pattern 10,"Pattern Printing, Implementation",Easy
TCS,Pattern 11,"Pattern Printing, Implementation",Easy
TCS,Pattern 12,"Pattern Printing, Implementation",Easy
TCS,Pattern 13,"Pattern Printing, Implementation",Easy
TCS,Pattern 14,"Pattern Printing, Implementation",Easy
TCS,Pattern 15,"Pattern Printing, Implementation",Easy
TCS,Pattern 16,"Pattern Printing, Implementation",Easy
TCS,Pattern 17,"Pattern Printing, Implementation",Easy
TCS,Pattern 18,"Pattern Printing, Implementation",Easy
TCS,Pattern 19,"Pattern Printing, Implementation",Easy
TCS,Pattern 20,"Pattern Printing, Implementation",Medium
TCS,Pattern 21,"Pattern Printing, Implementation",Medium
TCS,Pattern 22,"Pattern Printing, Implementation",Medium
TCS,Pattern 4,"Pattern Printing, Implementation",Easy
TCS,Pattern 5,"Pattern Printing, Implementation",Easy
TCS,Pattern 6,"Pattern Printing, Implementation",Easy
TCS,Pattern 7,"Pattern Printing, Implementation",Easy
TCS,Pattern 8,"Pattern Printing, Implementation",Easy
TCS,Pattern 9,"Pattern Printing, Implementation",Easy
TCS,If Else Adult Teen Problem,Implementation,Easy
TCS,If ElseIf,Implementation,Easy
TCS,Input Output,Implementation,Easy
TCS,Print last character of string,"String, Implementation",Easy
TCS,Print X N numbers of times,"Implementation, Simulation",Easy
TCS,Sum of first last element in array,"Array, Math",Easy
TCS,Switch Case,"Implementation, Simulation",Easy
TCS,Factors of a Given Number,Math,Easy
TCS,Find All Non-Repeating Elements in Array,Array,Easy
TCS,Find All Palindrome Numbers in a Given Range,Math,Easy
TCS,Find All Repeating Elements in an Array,Array,Easy
TCS,Find All Symmetric Pairs,Array,Easy
TCS,Find Median of an Unsorted Array,Array,Easy
TCS,Find Roots of a Quadratic Equation,Math,Easy
TCS,Find Sum of AP Series,Math,Easy
TCS,Find the ASCII Value of a Character,String,Easy
TCS,Find the Largest Word in a String,String,Easy
TCS,Find the Position of a Substring within a String,String,Easy
TCS,Find the Smallest Element in an Array,Array,Easy
TCS,Finding Equilibrium Index in an Array,Array,Easy
TCS,Greatest of Three Numbers,Math,Easy
TCS,Greatest of Two Numbers,Math,Easy
TCS,Traversal in Linked List,Linked List,Easy
TCS,Maximum and Minimum Digit in a Number,Math,Easy
TCS,Maximum Occurring Character in a String,String,Easy
TCS,Maximum Product of Three Numbers,Math,Easy
TCS,Permutations in which N people can occupy R seats,Math,Easy
TCS,Rearrange Array in Increasing-Decreasing Order,Array,Easy
TCS,Generate Parentheses,"Backtracking, Dynamic Programming",Medium
TCS,"Pow(x,n)","Math, Recursion",Medium
TCS,Power Set,"Recursion, Backtracking",Medium
TCS,Check if there exists a subsequence with sum K,"Array, Dynamic Programming",Easy
TCS,Count all subsequences with sum K,Recursion,Easy
TCS,Remove All Duplicates from a String,String,Easy
TCS,Remove Brackets from an Algebraic Expression,String,Easy
TCS,Remove Characters Except Alphabets,String,Easy
TCS,Remove Characters from First String Present in the Second String,String,Easy
TCS,Remove Spaces from a String,String,Easy
TCS,Replace All Zeros With Ones,Math,Easy
TCS,Replace Elements by Their Rank,Array,Easy
TCS,Return All Duplicate Characters in a String,String,Easy
TCS,Search an Element in an Array,Array,Easy
TCS,Sort Characters in a String,String,Easy
TCS,Sort Elements of an Array by Frequency,"Array, Counting",Easy
TCS,Bubble Sort,"Array, Sorting",Easy
TCS,Insertion Sorting,"Array, Sorting",Easy
TCS,Merge Sorting,"Array, Sorting",Medium
TCS,Quick Sorting,"Array, Sorting",Easy
TCS,Selection Sort,"Array, Sorting",Easy
TCS,Balanced Paranthesis,"String, Greedy",Easy
TCS,Sum of Fibonacci Numbers,Math,Easy
TCS,Sum of First N Natural Numbers,Math,Easy
TCS,Sum of GP Series,Math,Easy
TCS,Sum of Numbers in a Given Range,Math,Easy
TCS,Sum of the Numbers in a String,"String, Math",Easy
Tech Mahindra,Add Two Fractions,Math,Easy
Tech Mahindra,Largest Element,Array,Easy
Tech Mahindra,Left Rotate Array by K Places,Array,Easy
Tech Mahindra,Second Largest Element,Array,Easy
Tech Mahindra,Remove duplicates from sorted array,Array,Easy
Tech Mahindra,Automorphic Number,Math,Easy
Tech Mahindra,Average of All Elements in an Array,Array,Easy
Tech Mahindra,Zig Zag or Spiral Traversal,"Array, Matrix",Medium
Tech Mahindra,Single Number - I,"Array, Bit Manipulation",Medium
Tech Mahindra,Calculate Frequency of Characters in a String,String,Easy
Tech Mahindra,Calculate the Area of a Circle,Math,Easy
Tech Mahindra,Calculate the Power of a Number using Binary Exponentiation,Math,Easy
Tech Mahindra,Capitalize First and Last Character of Each Word,String,Easy
Tech Mahindra,Change Case of Each Character in a String,String,Easy
Tech Mahindra,Check if a Large Number is Divisible by 9,Math,Easy
Tech Mahindra,Check if a Number is a Harshad (Niven) Number,Math,Easy
Tech Mahindra,Check if a Number is a Strong Number,Math,Easy
Tech Mahindra,Check if a Number is an Abundant Number,Math,Easy
Tech Mahindra,Check if Array is Subset of Another,Array,Easy
Tech Mahindra,Check if Given Year is a Leap Year,Math,Easy
Tech Mahindra,Check Whether a Floating-Point Number is Even or Odd,Math,Easy
Tech Mahindra,Check whether a Given Number is Even or Odd,Math,Easy
Tech Mahindra,Check Whether a Number is Positive or Negative,Math,Easy
Tech Mahindra,Concatenate One String to Another,String,Easy
Tech Mahindra,Convert a Number to Hexadecimal,Math,Easy
Tech Mahindra,Convert Binary to Decimal,Math,Easy
Tech Mahindra,Convert Binary to Octal,Math,Easy
Tech Mahindra,Convert Decimal to Binary Number,Math,Easy
Tech Mahindra,Convert Decimal to Octal Number,Math,Easy
Tech Mahindra,Convert Digits/Numbers to Words,Math,Easy
Tech Mahindra,Convert Octal to Binary,Math,Easy
Tech Mahindra,Convert Octal to Decimal,Math,Easy
Tech Mahindra,Count Nodes in Linked List,Linked List,Easy
Tech Mahindra,Count the Number of Words in a Given String,String,Easy
Tech Mahindra,"Count Vowels, Consonants, and Spaces in a String",String,Easy
Tech Mahindra,Counting Frequencies of Array Elements,Array,Easy
Tech Mahindra,Design Array Modifier,"Array, Implementation",Easy
Tech Mahindra,Express Number as Sum of Two Primes,Math,Easy
Tech Mahindra,Check if the Array is Sorted I,"Array, Sorting",Easy
Tech Mahindra,Count of odd numbers in array,"Array, Math",Easy
Tech Mahindra,Reverse an array,Array,Easy
Tech Mahindra,Sum of Array Elements,Array,Easy
Tech Mahindra,Highest Occurring Element in an Array,Array,Easy
Tech Mahindra,Second Highest Occurring Element,"Array, Hash Table",Easy
Tech Mahindra,Sum of Highest and Lowest Frequency,"Array, Hash Table",Easy
Tech Mahindra,Check for Perfect Number,Math,Easy
Tech Mahindra,Check for Prime Number,Math,Easy
Tech Mahindra,Check if the Number is Armstrong,Math,Easy
Tech Mahindra,Count all Digits of a Number,"Math, Counting",Easy
Tech Mahindra,Count number of odd digits in a number,"Math, Counting",Easy
Tech Mahindra,Count of Prime Numbers till N,"Math, Counting",Easy
Tech Mahindra,Divisors of a Number,Math,Easy
Tech Mahindra,Factorial of a given number,Math,Easy
Tech Mahindra,GCD of Two Numbers,Math,Easy
Tech Mahindra,LCM of two numbers,Math,Easy
Tech Mahindra,Palindrome Number,Math,Easy
Tech Mahindra,Return the Largest Digit in a Number,Math,Easy
Tech Mahindra,Reverse a number,Math,Easy
Tech Mahindra,Check if a Number is Prime or Not,Math,Easy
Tech Mahindra,Check if String is Palindrome or Not,String,Easy
Tech Mahindra,Check if the Array is Sorted II,"Array, Sorting",Easy
Tech Mahindra,Factorial of a Given Number,Math,Easy
Tech Mahindra,Fibonacci Number,"Dynamic Programming, Math",Easy
Tech Mahindra,Reverse a String I,String,Easy
Tech Mahindra,Sum of Array Elements II,"Array, Math",Easy
Tech Mahindra,Sum of Digits in a Given Number,Math,Easy
Tech Mahindra,Sum of First N Numbers,Math,Easy
Tech Mahindra,Isomorphic String,"Hash Table, String",Easy
Tech Mahindra,Largest Odd Number in a String,Math,Easy
Tech Mahindra,Longest Common Prefix,"String, Trie",Easy
Tech Mahindra,Palindrome Check,"String, Two Pointers",Easy
Tech Mahindra,Reverse a String II,String,Easy
Tech Mahindra,Rotate String,"String, String Matching",Easy
Tech Mahindra,Sort Characters by Frequency,"Bucket Sort, Counting",Easy
Tech Mahindra,Valid Anagram,"Hash Table, Sorting",Easy
Tech Mahindra,Pattern 1,"Pattern Printing, Implementation",Easy
Tech Mahindra,Pattern 10,"Pattern Printing, Implementation",Easy
Tech Mahindra,Pattern 11,"Pattern Printing, Implementation",Easy
Tech Mahindra,Pattern 12,"Pattern Printing, Implementation",Easy
Tech Mahindra,Pattern 13,"Pattern Printing, Implementation",Easy
Tech Mahindra,Pattern 14,"Pattern Printing, Implementation",Easy
Tech Mahindra,Pattern 15,"Pattern Printing, Implementation",Easy
Tech Mahindra,Pattern 16,"Pattern Printing, Implementation",Easy
Tech Mahindra,Pattern 17,"Pattern Printing, Implementation",Easy
Tech Mahindra,Pattern 18,"Pattern Printing, Implementation",Easy
Tech Mahindra,Pattern 19,"Pattern Printing, Implementation",Easy
Tech Mahindra,Pattern 20,"Pattern Printing, Implementation",Medium
Tech Mahindra,Pattern 21,"Pattern Printing, Implementation",Medium
Tech Mahindra,Pattern 22,"Pattern Printing, Implementation",Medium
Tech Mahindra,Pattern 4,"Pattern Printing, Implementation",Easy
Tech Mahindra,Pattern 5,"Pattern Printing, Implementation",Easy
Tech Mahindra,Pattern 6,"Pattern Printing, Implementation",Easy
Tech Mahindra,Pattern 7,"Pattern Printing, Implementation",Easy
Tech Mahindra,Pattern 8,"Pattern Printing, Implementation",Easy
Tech Mahindra,Pattern 9,"Pattern Printing, Implementation",Easy
Tech Mahindra,If Else Adult Teen Problem,Implementation,Easy
Tech Mahindra,If ElseIf,Implementation,Easy
Tech Mahindra,Input Output,Implementation,Easy
Tech Mahindra,Print last character of string,"String, Implementation",Easy
Tech Mahindra,Print X N numbers of times,"Implementation, Simulation",Easy
Tech Mahindra,Sum of first last element in array,"Array, Math",Easy
Tech Mahindra,Switch Case,"Implementation, Simulation",Easy
Tech Mahindra,Factors of a Given Number,Math,Easy
Tech Mahindra,Find All Non-Repeating Elements in Array,Array,Easy
Tech Mahindra,Find All Palindrome Numbers in a Given Range,Math,Easy
Tech Mahindra,Find All Repeating Elements in an Array,Array,Easy
Tech Mahindra,Find All Symmetric Pairs,Array,Easy
Tech Mahindra,Find Median of an Unsorted Array,Array,Easy
Tech Mahindra,Find Roots of a Quadratic Equation,Math,Easy
Tech Mahindra,Find Sum of AP Series,Math,Easy
Tech Mahindra,Find the ASCII Value of a Character,String,Easy
Tech Mahindra,Find the Largest Word in a String,String,Easy
Tech Mahindra,Find the Position of a Substring within a String,String,Easy
Tech Mahindra,Find the Smallest Element in an Array,Array,Easy
Tech Mahindra,Finding Equilibrium Index in an Array,Array,Easy
Tech Mahindra,Greatest of Three Numbers,Math,Easy
Tech Mahindra,Greatest of Two Numbers,Math,Easy
Tech Mahindra,Maximum and Minimum Digit in a Number,Math,Easy
Tech Mahindra,Maximum Occurring Character in a String,String,Easy
Tech Mahindra,Maximum Product of Three Numbers,Math,Easy
Tech Mahindra,Permutations in which N people can occupy R seats,Math,Easy
Tech Mahindra,Rearrange Array in Increasing-Decreasing Order,Array,Easy
Tech Mahindra,Remove All Duplicates from a String,String,Easy
Tech Mahindra,Remove Brackets from an Algebraic Expression,String,Easy
Tech Mahindra,Remove Characters Except Alphabets,String,Easy
Tech Mahindra,Remove Characters from First String Present in the Second String,String,Easy
Tech Mahindra,Remove Spaces from a String,String,Easy
Tech Mahindra,Replace All Zeros With Ones,Math,Easy
Tech Mahindra,Replace Elements by Their Rank,Array,Easy
Tech Mahindra,Return All Duplicate Characters in a String,String,Easy
Tech Mahindra,Search an Element in an Array,Array,Easy
Tech Mahindra,Sort Characters in a String,String,Easy
Tech Mahindra,Sort Elements of an Array by Frequency,"Array, Counting",Easy
Tech Mahindra,Sum of Fibonacci Numbers,Math,Easy
Tech Mahindra,Sum of First N Natural Numbers,Math,Easy
Tech Mahindra,Sum of GP Series,Math,Easy
Tech Mahindra,Sum of Numbers in a Given Range,Math,Easy
Tech Mahindra,Sum of the Numbers in a String,"String, Math",Easy
Teladoc Health,Count Inversions,"Array, Divide and Conquer",Hard
Teladoc Health,Find the repeating and missing number,"Array, Math",Hard
Teladoc Health,3 Sum,"Array, Sorting",Medium
Teladoc Health,Kadane's Algorithm,"Array, Dynamic Programming",Medium
Teladoc Health,Pascal's Triangle III,"Array, Dynamic Programming",Medium
Teladoc Health,Left Rotate Array by One,"Array, Implementation",Easy
Teladoc Health,Find missing number,"Array, Bit Manipulation",Easy
Teladoc Health,Lower Bound,"Array, Binary Search",Easy
Teladoc Health,Search X in sorted array,"Array, Binary Search",Easy
Teladoc Health,Upper Bound,"Array, Binary Search",Easy
Teladoc Health,Search in rotated sorted array-I,"Array, Binary Search",Medium
Teladoc Health,Search insert position,"Array, Binary Search",Easy
Teladoc Health,Find square root of a number,"Array, Binary Search",Medium
Teladoc Health,Correct BST with two nodes swapped,"Tree, Depth-First Search",Hard
Teladoc Health,Construct a BST from a preorder traversal,"Array, Binary Search Tree",Medium
Teladoc Health,Delete a node in BST,"Tree, Binary Search Tree",Medium
Teladoc Health,Inorder successor and predecessor in BST,"Binary Search Tree, Tree",Medium
Teladoc Health,Construct a BT from Postorder and Inorder,"Array, Hash Table",Hard
Teladoc Health,Bottom view of BT,"Tree, Data Structures",Medium
Teladoc Health,Print all nodes at a distance of K in BT,"Hash Table, Tree",Hard
Teladoc Health,Print root to leaf path in BT,"String, Backtracking",Medium
Teladoc Health,Check for balanced binary tree,"Tree, Data Structures",Medium
Teladoc Health,Check for symmetrical BTs,"Tree, Depth-First Search",Medium
Teladoc Health,Check if two trees are identical or not,"Tree, Depth-First Search",Medium
Teladoc Health,Maximum Depth in BT,"Binary Tree, Breadth-First Search",Medium
Teladoc Health,Level Order Traversal,"Binary Tree, Breadth-First Search",Easy
Teladoc Health,Power Set Bit Manipulation,"Math, Bit Manipulation",Medium
Teladoc Health,Ninja's training,Dynamic Programming,Medium
Teladoc Health,Grid unique paths,"Math, Dynamic Programming",Medium
Teladoc Health,Minimum Falling Path Sum,"Array, Dynamic Programming",Medium
Teladoc Health,Best time to buy and sell stock II,"Array, Dynamic Programming",Medium
Teladoc Health,Count partitions with given difference,"Array, Math",Hard
Teladoc Health,Partition a set into two subsets with minimum absolute sum difference,Dynamic Programming,Hard
Teladoc Health,Partition equal subset sum,"Array, Dynamic Programming",Hard
Teladoc Health,Rod cutting problem,"Array, Dynamic Programming",Hard
Teladoc Health,Subset sum equals to target,"Array, Dynamic Programming",Hard
Teladoc Health,Palindrome partitioning II,"String, Dynamic Programming",Hard
Teladoc Health,Convert Array to Doubly Linked List,"Doubly-Linked List, Hash Table",Easy
Teladoc Health,Delete Kth Element of Doubly Linked List,"Doubly-Linked List, Hash Table",Easy
Teladoc Health,Deletion of the Kth element of Linked List,Linked List,Easy
Teladoc Health,Insertion at the head of Linked List,Linked List,Easy
Teladoc Health,Insertion at the tail of Linked List,Linked List,Easy
Teladoc Health,Removing given node in Doubly Linked List,"Doubly-Linked List, Linked List",Easy
Teladoc Health,Implement queue using Linkedlist,"Queue, Linked List",Easy
Teladoc Health,Implement Stack using Arrays,"Array, Stack",Easy
Teladoc Health,Articulation point in graph,"Graph, Depth-First Search",Hard
Teladoc Health,Topological sort or Kahn's algorithm,"Graph, Depth-First Search",Hard
Teladoc Health,Alien Dictionary,"Array, Breadth-First Search",Hard
Teladoc Health,Course Schedule I,"Breadth-First Search, Depth-First Search",Hard
Teladoc Health,Course Schedule II,"Breadth-First Search, Depth-First Search",Medium
Teladoc Health,Making a large island,"Array, Breadth-First Search",Hard
Teladoc Health,Number of operations to make network connected,"Depth-First Search, Breadth-First Search",Hard
Teladoc Health,Bellman ford algorithm,"Dynamic Programming, Graph",Hard
Teladoc Health,Cheapest flight within K stops,"Breadth-First Search, Depth-First Search",Hard
Teladoc Health,Print Shortest Path,"Breadth-First Search, Graph",Hard
Teladoc Health,Shortest Distance in a Binary Maze,"Array, Breadth-First Search",Hard
Teladoc Health,Connected Components,"Depth-First Search, Breadth-First Search",Medium
Teladoc Health,Non-overlapping Intervals,"Greedy, Sorting",Medium
Teladoc Health,Shortest Job First,"Greedy, Sorting",Medium
Teladoc Health,Count subarrays with given xor K,"Array, Hash Table",Hard
Teladoc Health,Design Twitter,"Design, Hash Table",Medium
Teladoc Health,Kth largest element in a stream of running integers,"Binary Search Tree, Binary Tree",Hard
Teladoc Health,Heapify Algorithm,"Array, Heap (Priority Queue)",Medium
Teladoc Health,Clone a LL with random and next pointer,Linked List,Hard
Teladoc Health,Add one to a number represented by LL,Linked List,Medium
Teladoc Health,Check if LL is palindrome or not,"Linked List, Recursion",Medium
Teladoc Health,Delete the middle node in LL,"Linked List, Two Pointers",Medium
Teladoc Health,Traversal in Linked List,Linked List,Easy
Teladoc Health,Remove Nth node from the back of the LL,"Linked List, Two Pointers",Medium
Teladoc Health,Reverse a LL,Linked List,Medium
Teladoc Health,Segregate odd and even nodes in Linked List,Linked List,Medium
Teladoc Health,Combination Sum II,"Array, Backtracking",Medium
Teladoc Health,Subsets I,"Recursion, Backtracking",Medium
Teladoc Health,Rat in a Maze,"Recursion, Backtracking",Hard
Teladoc Health,Word Search,"Array, Backtracking",Hard
Teladoc Health,Count all subsequences with sum K,Recursion,Easy
Teladoc Health,Count number of Nice subarrays,"Array, Hash Table",Hard
Teladoc Health,Largest rectangle in a histogram,"Array, Monotonic Stack",Hard
Teladoc Health,Sliding Window Maximum,"Array, Heap (Priority Queue)",Hard
Teladoc Health,Asteroid Collision,"Array, Simulation",Medium
Teladoc Health,Next Greater Element,"Array, Hash Table",Medium
Teladoc Health,Sum of Subarray Ranges,"Array, Monotonic Stack",Medium
Teladoc Health,KMP Algorithm or LPS array,"String, Rolling Hash",Hard
Teladoc Health,Z function,Math,Hard
Teladoc Health,Reverse every word in a string,String,Medium
Tencent,Minimum Factorization,"Greedy, Math",Medium
TeraData,Count Pairs in Two Arrays,"Array, Heap (Priority Queue)",Medium
Tesla,Merge Overlapping Subintervals,"Sorting, Two Pointers",Medium
Texas Instruments,Find the repeating and missing number,"Array, Math",Hard
Texas Instruments,Majority Element-I,"Array, Counting",Easy
Texas Instruments,Merge two sorted arrays without extra space,"Linked List, Recursion",Medium
Texas Instruments,Next Permutation,"Array, Two Pointers",Medium
Texas Instruments,Rotate matrix by 90 degrees,"Array, Math",Medium
Texas Instruments,Left Rotate Array by One,"Array, Implementation",Easy
Texas Instruments,Linear Search,"Array, Searching",Easy
Texas Instruments,Find missing number,"Array, Bit Manipulation",Easy
Texas Instruments,Intersection of two sorted arrays,"Array, Sorting",Easy
Texas Instruments,Search in 2D matrix - II,"Array, Binary Search",Hard
Texas Instruments,Aggressive Cows,Binary Search,Hard
Texas Instruments,Book Allocation Problem,Binary Search,Hard
Texas Instruments,Find square root of a number,"Array, Binary Search",Medium
Texas Instruments,Koko eating bananas,"Array, Binary Search",Medium
Texas Instruments,Largest BST in Binary Tree,"Binary Search, Binary Search Tree",Hard
Texas Instruments,Construct a BST from a preorder traversal,"Array, Binary Search Tree",Medium
Texas Instruments,Insert a given node in BST,"Tree, Binary Search Tree",Medium
Texas Instruments,Boundary Traversal,"Tree, Data Structures",Medium
Texas Instruments,LCA in BT,"Binary Tree, Depth-First Search",Hard
Texas Instruments,Vertical Order Traversal,"Binary Tree, Breadth-First Search",Medium
Texas Instruments,Level Order Traversal,"Binary Tree, Breadth-First Search",Easy
Texas Instruments,"Pre, Post, Inorder in one traversal","Stack, Tree",Easy
Texas Instruments,Climbing stairs,"Dynamic Programming, Math",Medium
Texas Instruments,Cherry pickup II,"Array, Dynamic Programming",Hard
Texas Instruments,Triangle,"Array, Dynamic Programming",Medium
Texas Instruments,Best time to buy and sell stock II,"Array, Dynamic Programming",Medium
Texas Instruments,Best time to buy and sell stock IV,"Array, Dynamic Programming",Medium
Texas Instruments,Distinct subsequences,"Dynamic Programming, String",Hard
Texas Instruments,Edit distance,"Dynamic Programming, String",Hard
Texas Instruments,Shortest common supersequence,"Dynamic Programming, String",Hard
Texas Instruments,Wildcard matching,"Dynamic Programming, Greedy",Hard
Texas Instruments,Coin change II,"Array, Dynamic Programming",Hard
Texas Instruments,Minimum coins,Dynamic Programming,Hard
Texas Instruments,Partition equal subset sum,"Array, Dynamic Programming",Hard
Texas Instruments,Rod cutting problem,"Array, Dynamic Programming",Hard
Texas Instruments,Unbounded knapsack,Dynamic Programming,Hard
Texas Instruments,Palindrome partitioning II,"String, Dynamic Programming",Hard
Texas Instruments,Delete the element with value X,"Linked List, Hash Table",Easy
Texas Instruments,Deletion of the head of LL,Linked List,Easy
Texas Instruments,Deletion of the tail of Linked List,"Linked List, Hash Table",Easy
Texas Instruments,Insertion at the tail of Linked List,Linked List,Easy
Texas Instruments,Insert node before tail in Doubly Linked List,"Doubly-Linked List, Linked List",Easy
Texas Instruments,Implement Queue using Arrays,"Queue, Data Structures",Easy
Texas Instruments,Implement Queue using Stack,"Design, Queue",Easy
Texas Instruments,Implement stack using Linkedlist,"Stack, Linked List",Easy
Texas Instruments,Bipartite graph,"Breadth-First Search, Depth-First Search",Hard
Texas Instruments,Detect a cycle in a directed graph,"Graph, Depth-First Search",Hard
Texas Instruments,Shortest path in DAG,"Graph, Topological Sort",Hard
Texas Instruments,Find the MST weight,"Union Find, Graph",Hard
Texas Instruments,Bellman ford algorithm,"Dynamic Programming, Graph",Hard
Texas Instruments,Dijkstra's algorithm,"Graph, Heap (Priority Queue)",Hard
Texas Instruments,Minimum multiplications to reach end,"Array, Graph",Hard
Texas Instruments,Path with minimum effort,"Array, Binary Search",Hard
Texas Instruments,Shortest Distance in a Binary Maze,"Array, Breadth-First Search",Hard
Texas Instruments,Surrounded Regions,"Array, Breadth-First Search",Medium
Texas Instruments,Assign Cookies,"Array, Greedy",Easy
Texas Instruments,Non-overlapping Intervals,"Greedy, Sorting",Medium
Texas Instruments,Shortest Job First,"Greedy, Sorting",Medium
Texas Instruments,Merge K sorted Lists,"Divide and Conquer, Heap (Priority Queue)",Hard
Texas Instruments,Heapify Algorithm,"Array, Heap (Priority Queue)",Medium
Texas Instruments,Implement PQ using Heaps,"Array, Heap (Priority Queue)",Medium
Texas Instruments,K-th Largest element in an array,"Array, Divide and Conquer",Medium
Texas Instruments,Delete all occurrences of a key in DLL,"Doubly-Linked List, Linked List",Hard
Texas Instruments,Remove duplicates from sorted DLL,"Doubly-Linked List, Linked List",Hard
Texas Instruments,Find the intersection point of Y LL,"Linked List, Two Pointers",Medium
Texas Instruments,Sort a Linked List of 0's 1's and 2's,"Linked List, Sorting",Medium
Texas Instruments,Count primes in range L to R,Math,Hard
Texas Instruments,Prime factorisation of a Number,Math,Hard
Texas Instruments,Combination Sum III,"Array, Backtracking",Medium
Texas Instruments,Subsets I,"Recursion, Backtracking",Medium
Texas Instruments,N Queen,"Recursion, Backtracking",Hard
Texas Instruments,Sudoku Solver,"Array, Backtracking",Hard
Texas Instruments,Generate Parentheses,"Backtracking, Dynamic Programming",Medium
Texas Instruments,Longest Repeating Character Replacement,"Hash Table, Sliding Window",Hard
Texas Instruments,Minimum Window Substring,"Hash Table, Sliding Window",Hard
Texas Instruments,Largest rectangle in a histogram,"Array, Monotonic Stack",Hard
Texas Instruments,LRU Cache,"Design, Doubly-Linked List",Medium
Texas Instruments,Maximum Rectangles,"Array, Dynamic Programming. Stack",Hard
Texas Instruments,Stock span problem,"Array, Stack",Hard
Texas Instruments,Next Greater Element,"Array, Hash Table",Medium
Texas Instruments,Sum of Subarray Minimums,"Array, Dynamic Programming",Medium
Texas Instruments,Sum of Subarray Ranges,"Array, Monotonic Stack",Medium
Texas Instruments,Longest happy prefix,"Hash Function, Rolling Hash",Hard
Texas Instruments,Z function,Math,Hard
Texas Instruments,Maximum Xor with an element from an array,"Array, Bit Manipulation",Hard
Texas Instruments,Number of distinct substrings in a string,"Hash Function, Rolling Hash",Medium
Texas Instruments,Trie Implementation and Advanced Operations,"Trie, Implementation",Hard
Thoughtworks,Maximum GCD-Sum of a Subarray,"Array, Binary Search",Hard
TikTok,3Sum Smaller,"Array, Binary Search",Medium
TikTok,Amount of New Area Painted Each Day,"Array, Ordered Set",Hard
TikTok,Basic Calculator III,"Math, Recursion",Hard
TikTok,Binary Tree Vertical Order Traversal,"Binary Tree, Breadth-First Search",Medium
TikTok,Buildings With an Ocean View,"Array, Monotonic Stack",Medium
TikTok,Convert Binary Search Tree to Sorted Doubly Linked List,"Binary Search Tree, Binary Tree",Hard
TikTok,Design Tic-Tac-Toe,"Array, Design",Medium
TikTok,Dot Product of Two Sparse Vectors,"Array, Design",Medium
TikTok,Find the Celebrity,"Graph, Interactive",Medium
TikTok,Graph Valid Tree,"Breadth-First Search, Depth-First Search",Medium
TikTok,Number of islands II,"Array, Hash Table",Hard
TikTok,Number of distinct islands,"Breadth-First Search, Depth-First Search",Medium
TikTok,Largest BST Subtree,"Binary Search Tree, Binary Tree",Medium
TikTok,Longest Line of Consecutive One in Matrix,"Array, Dynamic Programming",Medium
TikTok,Longest Repeating Substring,"Binary Search, Dynamic Programming",Medium
TikTok,Longest Substring with At Most Two Distinct Characters,"Hash Table, Sliding Window",Medium
TikTok,Make Array Non decreasing or Non increasing,"Dynamic Programming, Greedy",Easy
TikTok,Max Stack,"Design, Doubly-Linked List",Hard
TikTok,Maximum Length of Semi Decreasing Subarrays,"Array, Monotonic Stack",Easy
TikTok,Meeting Rooms,"Array, Sorting",Easy
TikTok,Meeting Rooms II,"Array, Greedy",Medium
TikTok,Merge Operations to Turn Array Into a Palindrome,"Array, Greedy",Medium
TikTok,Minimum Swaps to Group All 1’s Together,"Array, Sliding Window",Easy
TikTok,Missing Ranges,Array,Easy
TikTok,Optimal Account Balancing,"Array, Backtracking",Hard
TikTok,Path Sum IV,"Array, Binary Tree",Medium
TikTok,Rearrange String k Distance Apart,"Counting, Greedy",Hard
TikTok,Sentence Screen Fitting,"Array, Dynamic Programming",Medium
TikTok,Shortest Distance from All Buildings,"Array, Breadth-First Search",Hard
TikTok,Longest Substring With At Most K Distinct Characters,"Hash Table, Sliding Window",Hard
TikTok,Smallest Common Region,"Array, Breadth-First Search",Medium
TikTok,String Transforms Into Another String,"Hash Table, String",Hard
TikTok,The Maze,"Array, Breadth-First Search",Medium
TikTok,Tree Diameter,"Breadth-First Search, Depth-First Search",Medium
TikTok,Valid Palindrome III,"Dynamic Programming, String",Hard
TikTok,Valid Word Abbreviation,"String, Two Pointers",Easy
TikTok,Walls and Gates,"Array, Breadth-First Search",Medium
Tinkoff,Paint House,"Array, Dynamic Programming",Medium
Toast,Find the Celebrity,"Graph, Interactive",Medium
Trilogy,Minimum Time to Kill All Monsters,"Array, Bit Manipulation",Hard
Turo,Meeting Rooms,"Array, Sorting",Easy
Turo,Meeting Rooms II,"Array, Greedy",Medium
TuSimple,Count the Number of Good Subsequences,"Combinatorics, Counting",Medium
Twilio,Count Inversions,"Array, Divide and Conquer",Hard
Twilio,Find the repeating and missing number,"Array, Math",Hard
Twilio,Kadane's Algorithm,"Array, Dynamic Programming",Medium
Twilio,Print the matrix in spiral manner,"Array, Matrix",Medium
Twilio,Two Sum,"Array, Hash Table",Easy
Twilio,Move Zeros to End,"Array, Two Pointers",Easy
Twilio,Matrix Median,"Matrix, Binary Search",Hard
Twilio,Aggressive Cows,Binary Search,Hard
Twilio,Lower Bound,"Array, Binary Search",Easy
Twilio,Find minimum in Rotated Sorted Array,"Array, Binary Search",Easy
Twilio,Floor and Ceil in Sorted Array,"Array, Binary Search",Easy
Twilio,Search in rotated sorted array-I,"Array, Binary Search",Medium
Twilio,Search in rotated sorted array-II,"Array, Binary Search",Medium
Twilio,Single element in sorted array,"Array, Binary Search",Medium
Twilio,Koko eating bananas,"Array, Binary Search",Medium
Twilio,Minimum days to make M bouquets,"Array, Binary Search",Medium
Twilio,BST iterator,"Stack, Tree",Hard
Twilio,Largest BST in Binary Tree,"Binary Search, Binary Search Tree",Hard
Twilio,Two sum in BST,"Binary Search Tree, Binary Tree",Hard
Twilio,Delete a node in BST,"Tree, Binary Search Tree",Medium
Twilio,LCA in BST,"Binary Search Tree, Binary Tree",Medium
Twilio,Search in BST,"Tree, Depth-First Search",Easy
Twilio,Print all nodes at a distance of K in BT,"Hash Table, Tree",Hard
Twilio,Top View of BT,"Binary Search Tree, Tree",Medium
Twilio,Check for balanced binary tree,"Tree, Data Structures",Medium
Twilio,Postorder Traversal,"Binary Tree, Depth-First Search",Easy
Twilio,Minimum Bit Flips to Convert Number,Bit Manipulation,Medium
Twilio,Single Number - III,"Array, Bit Manipulation",Medium
Twilio,XOR of numbers in a given range,Brute,Medium
Twilio,Climbing stairs,"Dynamic Programming, Math",Medium
Twilio,Ninja's training,Dynamic Programming,Medium
Twilio,Grid unique paths,"Math, Dynamic Programming",Medium
Twilio,Triangle,"Array, Dynamic Programming",Medium
Twilio,Best time to buy and sell stock,"Array, Dynamic Programming",Medium
Twilio,Distinct subsequences,"Dynamic Programming, String",Hard
Twilio,Shortest common supersequence,"Dynamic Programming, String",Hard
Twilio,Minimum coins,Dynamic Programming,Hard
Twilio,Subset sum equals to target,"Array, Dynamic Programming",Hard
Twilio,Matrix chain multiplication,"Array, Dynamic Programming",Hard
Twilio,Convert Array to Doubly Linked List,"Doubly-Linked List, Hash Table",Easy
Twilio,Insertion at the head of Linked List,Linked List,Easy
Twilio,Insertion at the Kth position of Linked List,Linked List,Easy
Twilio,Insertion at the tail of Linked List,Linked List,Easy
Twilio,Insert node before tail in Doubly Linked List,"Doubly-Linked List, Linked List",Easy
Twilio,Removing given node in Doubly Linked List,"Doubly-Linked List, Linked List",Easy
Twilio,Implement Queue using Stack,"Design, Queue",Easy
Twilio,Implement Stack using Arrays,"Array, Stack",Easy
Twilio,Articulation point in graph,"Graph, Depth-First Search",Hard
Twilio,Bipartite graph,"Breadth-First Search, Depth-First Search",Hard
Twilio,Shortest path in DAG,"Graph, Topological Sort",Hard
Twilio,Shortest path in undirected graph with unit weights,"Graph, Breadth-First Search",Hard
Twilio,Word ladder II,"Backtracking, Breadth-First Search",Hard
Twilio,Most stones removed with same row or column,"Depth-First Search, Graph",Medium
Twilio,Bellman ford algorithm,"Dynamic Programming, Graph",Hard
Twilio,Cheapest flight within K stops,"Breadth-First Search, Depth-First Search",Hard
Twilio,Shortest Distance in a Binary Maze,"Array, Breadth-First Search",Hard
Twilio,Traversal Techniques,"Depth-First Search, Breadth-First Search",Medium
Twilio,Flood fill algorithm,"Array, Breadth-First Search",Medium
Twilio,Lemonade Change,"Array, Greedy",Easy
Twilio,Candy,"Array, Greedy",Hard
Twilio,Count primes in range L to R,Math,Hard
Twilio,Print all primes till N,Math,Hard
Twilio,Rat in a Maze,"Recursion, Backtracking",Hard
Twilio,Check if there exists a subsequence with sum K,"Array, Dynamic Programming",Easy
Twilio,Longest Substring Without Repeating Characters,"Hash Table, Sliding Window",Medium
Twilio,Celebrity Problem,"Graph, Greedy",Hard
Twilio,LFU Cache,"Design, Doubly-Linked List",Hard
Twilio,LRU Cache,"Design, Doubly-Linked List",Medium
Twilio,Sliding Window Maximum,"Array, Heap (Priority Queue)",Hard
Twilio,Trapping Rainwater,"Array, Dynamic Programming",Hard
Twilio,Balanced Paranthesis,"String, Greedy",Easy
Twilio,Next Greater Element,"Array, Hash Table",Medium
Twilio,Sum of Subarray Minimums,"Array, Dynamic Programming",Medium
Twilio,Sum of Subarray Ranges,"Array, Monotonic Stack",Medium
Twilio,Z function,Math,Hard
Twilio,Maximum Xor with an element from an array,"Array, Bit Manipulation",Hard
Twitch,Toss Strange Coins,"Array, Dynamic Programming",Medium
Two Sigma,Design Tic-Tac-Toe,"Array, Design",Medium
Uber,Amount of New Area Painted Each Day,"Array, Ordered Set",Hard
Uber,Analyze User Website Visit Pattern,"Array, Hash Table",Medium
Uber,Majority Element-I,"Array, Counting",Easy
Uber,Reverse Pairs,"Array, Binary Indexed Tree",Hard
Uber,Print the matrix in spiral manner,"Array, Matrix",Medium
Uber,Maximum Consecutive Ones,Array,Easy
Uber,Find row with maximum 1's,"Array, Matrix",Easy
Uber,Kth element of 2 sorted arrays,"Array, Divide and Conquer",Medium
Uber,Find minimum in Rotated Sorted Array,"Array, Binary Search",Easy
Uber,Floor and Ceil in Sorted Array,"Array, Binary Search",Easy
Uber,Single element in sorted array,"Array, Binary Search",Medium
Uber,Check if a tree is a BST or not,"Tree, Depth-First Search",Medium
Uber,Insert a given node in BST,"Tree, Binary Search Tree",Medium
Uber,LCA in BST,"Binary Search Tree, Binary Tree",Medium
Uber,Construct a BT from Postorder and Inorder,"Array, Hash Table",Hard
Uber,Requirements needed to construct a unique BT,"Traversal, Algorithms",Medium
Uber,Serialize and De-serialize BT,"Binary Tree, Breadth-First Search",Hard
Uber,LCA in BT,"Binary Tree, Depth-First Search",Hard
Uber,Minimum time taken to burn the BT from a given Node,"Hash Table, Tree",Hard
Uber,Print all nodes at a distance of K in BT,"Hash Table, Tree",Hard
Uber,Vertical Order Traversal,"Binary Tree, Breadth-First Search",Medium
Uber,Check for symmetrical BTs,"Tree, Depth-First Search",Medium
Uber,Inorder Traversal,"Binary Tree, Depth-First Search",Easy
Uber,Preorder Traversal,"Binary Tree, Depth-First Search",Easy
Uber,Bomb Enemy,"Array, Greedy",Medium
Uber,Boundary of Binary Tree,"Binary Tree, Breadth-First Search",Medium
Uber,Candy Crush,"Array, Matrix",Medium
Uber,Check if a Number is Power of 2 or Not,Math,Easy
Uber,Check for Contradictions in Equations,"Array, Depth-First Search",Hard
Uber,Count the Number of Set Bits,"Bit Manipulation, Math",Easy
Uber,Design Hit Counter,"Array, Binary Search",Medium
Uber,Grid unique paths,"Math, Dynamic Programming",Medium
Uber,Longest common substring,"String, Dynamic Programming",Hard
Uber,Wildcard matching,"Dynamic Programming, Greedy",Hard
Uber,Count subsets with sum K,Dynamic Programming,Hard
Uber,Subset sum equals to target,"Array, Dynamic Programming",Hard
Uber,Burst balloons,"Array, Dynamic Programming",Hard
Uber,Minimum cost to cut the stick,"Array, Dynamic Programming",Hard
Uber,Palindrome partitioning II,"String, Dynamic Programming",Hard
Uber,Deletion of the Kth element of Linked List,Linked List,Easy
Uber,Insertion at the tail of Linked List,Linked List,Easy
Uber,Insert node before (kth node) in Doubly Linked List,"Doubly-Linked List, Linked List",Easy
Uber,Factor Combinations,Backtracking,Medium
Uber,Find Pattern in Infinite Stream I,"Array, Hash Function",Medium
Uber,Find Pattern in Infinite Stream II,"Array, Hash Function",Hard
Uber,Find the Celebrity,"Graph, Interactive",Medium
Uber,Fixed Point,"Array, Binary Search",Easy
Uber,Detect a cycle in a directed graph,"Graph, Depth-First Search",Hard
Uber,Topological sort or Kahn's algorithm,"Graph, Depth-First Search",Hard
Uber,Find eventual safe states,"Breadth-First Search, Depth-First Search",Hard
Uber,Shortest path in DAG,"Graph, Topological Sort",Hard
Uber,Word ladder I,"Breadth-First Search, Hash Table",Hard
Uber,Most stones removed with same row or column,"Depth-First Search, Graph",Medium
Uber,Number of islands II,"Array, Hash Table",Hard
Uber,Path with minimum effort,"Array, Binary Search",Hard
Uber,Number of islands,"Array, Breadth-First Search",Medium
Uber,Candy,"Array, Greedy",Hard
Uber,Group Shifted Strings,"Array, Hash Table",Medium
Uber,Kth largest element in a stream of running integers,"Binary Search Tree, Binary Tree",Hard
Uber,Maximum Sum Combination,"Array, Sorting",Hard
Uber,Build heap from a given Array,"Array, Heap (Priority Queue)",Medium
Uber,Heap Sort,"Array, Heap (Priority Queue)",Medium
Uber,Implement Min Heap,"Array, Heap (Priority Queue)",Medium
Uber,Implement PQ using Heaps,"Array, Heap (Priority Queue)",Medium
Uber,Delete all occurrences of a key in DLL,"Doubly-Linked List, Linked List",Hard
Uber,Delete the middle node in LL,"Linked List, Two Pointers",Medium
Uber,Traversal in Linked List,Linked List,Easy
Uber,Sort a Linked List of 0's 1's and 2's,"Linked List, Sorting",Medium
Uber,Match Alphanumerical Pattern in Matrix I,"Array, Hash Table",Medium
Uber,Maximum Increasing Triplet Value,"Array, Ordered Set",Medium
Uber,Maximum Number of Accepted Invitations,"Array, Depth-First Search",Medium
Uber,Meeting Rooms II,"Array, Greedy",Medium
Uber,Meeting Scheduler,"Array, Hash Table",Medium
Uber,Number of People That Can Be Seen in a Grid,"Array, Matrix",Hard
Uber,Number of Ways to Reach Destination in the Grid,"Combinatorics, Dynamic Programming",Hard
Uber,Optimal Account Balancing,"Array, Backtracking",Hard
Uber,Paint House,"Array, Dynamic Programming",Medium
Uber,Palindrome Permutation,"Bit Manipulation, Hash Table",Easy
Uber,Parallel Courses,"Bit Manipulation, Bitmask",Medium
Uber,Combination Sum II,"Array, Backtracking",Medium
Uber,Subsets I,"Recursion, Backtracking",Medium
Uber,Subsets II,"Array, Backtracking",Medium
Uber,Sudoku Solver,"Array, Backtracking",Hard
Uber,Generate Parentheses,"Backtracking, Dynamic Programming",Medium
Uber,Reverse Words in a String II,"String, Two Pointers",Medium
Uber,Sentence Similarity II,"Array, Breadth-First Search",Medium
Uber,Longest Repeating Character Replacement,"Hash Table, Sliding Window",Hard
Uber,Merge Sorting,"Array, Sorting",Medium
Uber,Selection Sort,"Array, Sorting",Easy
Uber,Implement Min Stack,"Design, Stack",Hard
Uber,LFU Cache,"Design, Doubly-Linked List",Hard
Uber,Maximum Rectangles,"Array, Dynamic Programming. Stack",Hard
Uber,Balanced Paranthesis,"String, Greedy",Easy
Uber,KMP Algorithm or LPS array,"String, Rolling Hash",Hard
Uber,Rabin Karp Algorithm,"String, String Matching",Hard
Uber,Reverse every word in a string,String,Medium
Uber,Strobogrammatic Number,"Hash Table, String",Easy
Uber,The Maze,"Array, Breadth-First Search",Medium
Uber,Trie Implementation and Operations,"Trie, Implementation",Hard
Uber,Walls and Gates,"Array, Breadth-First Search",Medium
Uber,Word Pattern II,"Hash Table, String",Hard
Ubisoft,Print the matrix in spiral manner,"Array, Matrix",Medium
Ubisoft,Rotate matrix by 90 degrees,"Array, Math",Medium
Ubisoft,Linear Search,"Array, Searching",Easy
Ubisoft,Move Zeros to End,"Array, Two Pointers",Easy
Ubisoft,Find Peak Element - II,"Array, Binary Search",Medium
Ubisoft,Search in a 2D matrix,"Array, Binary Search",Hard
Ubisoft,Book Allocation Problem,Binary Search,Hard
Ubisoft,Find peak element,"Array, Binary Search",Medium
Ubisoft,Median of 2 sorted arrays,"Array, Binary Search",Hard
Ubisoft,Lower Bound,"Array, Binary Search",Easy
Ubisoft,Search X in sorted array,"Array, Binary Search",Easy
Ubisoft,Find minimum in Rotated Sorted Array,"Array, Binary Search",Easy
Ubisoft,Floor and Ceil in Sorted Array,"Array, Binary Search",Easy
Ubisoft,Single element in sorted array,"Array, Binary Search",Medium
Ubisoft,Koko eating bananas,"Array, Binary Search",Medium
Ubisoft,Check if a tree is a BST or not,"Tree, Depth-First Search",Medium
Ubisoft,Inorder successor and predecessor in BST,"Binary Search Tree, Tree",Medium
Ubisoft,Bottom view of BT,"Tree, Data Structures",Medium
Ubisoft,Maximum Width of BT,"Binary Tree, Breadth-First Search",Medium
Ubisoft,Print root to leaf path in BT,"String, Backtracking",Medium
Ubisoft,Check for symmetrical BTs,"Tree, Depth-First Search",Medium
Ubisoft,Preorder Traversal,"Binary Tree, Depth-First Search",Easy
Ubisoft,Frog Jump,"Array, Dynamic Programming",Medium
Ubisoft,Maximum sum of non adjacent elements,"Array, Divide and Conquer",Medium
Ubisoft,Cherry pickup II,"Array, Dynamic Programming",Hard
Ubisoft,Grid unique paths,"Math, Dynamic Programming",Medium
Ubisoft,Best time to buy and sell stock III,"Array, Dynamic Programming",Medium
Ubisoft,Shortest common supersequence,"Dynamic Programming, String",Hard
Ubisoft,Wildcard matching,"Dynamic Programming, Greedy",Hard
Ubisoft,0 and 1 Knapsack,Dynamic Programming,Hard
Ubisoft,Count partitions with given difference,"Array, Math",Hard
Ubisoft,Minimum coins,Dynamic Programming,Hard
Ubisoft,Unbounded knapsack,Dynamic Programming,Hard
Ubisoft,Minimum cost to cut the stick,"Array, Dynamic Programming",Hard
Ubisoft,Delete head of Doubly Linked List,"Doubly-Linked List, Hash Table",Easy
Ubisoft,Delete Tail of Doubly Linked List,"Doubly-Linked List, Hash Table",Easy
Ubisoft,Deletion of the tail of Linked List,"Linked List, Hash Table",Easy
Ubisoft,Insert before given node in Doubly Linked List,"Doubly-Linked List, Linked List",Easy
Ubisoft,Insertion at the Kth position of Linked List,Linked List,Easy
Ubisoft,Insertion before the value X in Linked List,Linked List,Easy
Ubisoft,Insert node before head in Doubly Linked List,"Doubly-Linked List, Linked List",Easy
Ubisoft,Implement queue using Linkedlist,"Queue, Linked List",Easy
Ubisoft,Articulation point in graph,"Graph, Depth-First Search",Hard
Ubisoft,Bridges in graph,"Biconnected Component, Depth-First Search",Hard
Ubisoft,Detect a cycle in an undirected graph,"Graph, Depth-First Search",Hard
Ubisoft,Word ladder II,"Backtracking, Breadth-First Search",Hard
Ubisoft,Bellman ford algorithm,"Dynamic Programming, Graph",Hard
Ubisoft,Cheapest flight within K stops,"Breadth-First Search, Depth-First Search",Hard
Ubisoft,Dijkstra's algorithm,"Graph, Heap (Priority Queue)",Hard
Ubisoft,Floyd warshall algorithm,"Dynamic Programming, Graph",Hard
Ubisoft,Print Shortest Path,"Breadth-First Search, Graph",Hard
Ubisoft,Flood fill algorithm,"Array, Breadth-First Search",Medium
Ubisoft,Number of enclaves,"Array, Breadth-First Search",Medium
Ubisoft,Surrounded Regions,"Array, Breadth-First Search",Medium
Ubisoft,Candy,"Array, Greedy",Hard
Ubisoft,Non-overlapping Intervals,"Greedy, Sorting",Medium
Ubisoft,Shortest Job First,"Greedy, Sorting",Medium
Ubisoft,Maximum Sum Combination,"Array, Sorting",Hard
Ubisoft,Build heap from a given Array,"Array, Heap (Priority Queue)",Medium
Ubisoft,Check if an array represents a min heap,"Array, Heap (Priority Queue)",Medium
Ubisoft,Convert Min Heap to Max Heap,"Array, Heap (Priority Queue)",Medium
Ubisoft,Heap Sort,"Array, Heap (Priority Queue)",Medium
Ubisoft,Implement PQ using Heaps,"Array, Heap (Priority Queue)",Medium
Ubisoft,Remove duplicates from sorted DLL,"Doubly-Linked List, Linked List",Hard
Ubisoft,Delete the middle node in LL,"Linked List, Two Pointers",Medium
Ubisoft,Detect a loop in LL,"Hash Table, Linked List",Medium
Ubisoft,Traversal in Linked List,Linked List,Easy
Ubisoft,Remove Nth node from the back of the LL,"Linked List, Two Pointers",Medium
Ubisoft,Reverse a LL,Linked List,Medium
Ubisoft,Sort a Linked List of 0's 1's and 2's,"Linked List, Sorting",Medium
Ubisoft,Count primes in range L to R,Math,Hard
Ubisoft,Print all primes till N,Math,Hard
Ubisoft,Combination Sum,"Array, Backtracking",Medium
Ubisoft,Subsets I,"Recursion, Backtracking",Medium
Ubisoft,Palindrome partitioning,"Backtracking, Dynamic Programming",Hard
Ubisoft,Rat in a Maze,"Recursion, Backtracking",Hard
Ubisoft,Sudoku Solver,"Array, Backtracking",Hard
Ubisoft,"Pow(x,n)","Math, Recursion",Medium
Ubisoft,Count number of Nice subarrays,"Array, Hash Table",Hard
Ubisoft,Number of Substrings Containing All Three Characters,"Hash Table, Sliding Window",Hard
Ubisoft,Longest Substring Without Repeating Characters,"Hash Table, Sliding Window",Medium
Ubisoft,Bubble Sort,"Array, Sorting",Easy
Ubisoft,Quick Sorting,"Array, Sorting",Easy
Ubisoft,Selection Sort,"Array, Sorting",Easy
Ubisoft,Celebrity Problem,"Graph, Greedy",Hard
Ubisoft,Sliding Window Maximum,"Array, Heap (Priority Queue)",Hard
Ubisoft,Balanced Paranthesis,"String, Greedy",Easy
Ubisoft,Next Greater Element - 2,"Array, Monotonic Stack",Medium
Ubisoft,Count and say,String,Hard
Ubisoft,Minimum number of bracket reversals to make an expression balanced,"String, Stack",Hard
Ubisoft,Reverse every word in a string,String,Medium
Ubisoft,Maximum Xor with an element from an array,"Array, Bit Manipulation",Hard
Ubisoft,Number of distinct substrings in a string,"Hash Function, Rolling Hash",Medium
UKG,Count the Number of Good Subsequences,"Combinatorics, Counting",Medium
Unity Technologies,Count Inversions,"Array, Divide and Conquer",Hard
Unity Technologies,Majority Element-II,"Array, Counting",Hard
Unity Technologies,Maximum Product Subarray in an Array,"Array, Dynamic Programming",Hard
Unity Technologies,Reverse Pairs,"Array, Binary Indexed Tree",Hard
Unity Technologies,Leaders in an Array,Array,Medium
Unity Technologies,Next Permutation,"Array, Two Pointers",Medium
Unity Technologies,Pascal's Triangle III,"Array, Dynamic Programming",Medium
Unity Technologies,Print the matrix in spiral manner,"Array, Matrix",Medium
Unity Technologies,Search in 2D matrix - II,"Array, Binary Search",Hard
Unity Technologies,Book Allocation Problem,Binary Search,Hard
Unity Technologies,Kth element of 2 sorted arrays,"Array, Divide and Conquer",Medium
Unity Technologies,Median of 2 sorted arrays,"Array, Binary Search",Hard
Unity Technologies,Find out how many times the array is rotated,"Array, Binary Search",Easy
Unity Technologies,Search in rotated sorted array-II,"Array, Binary Search",Medium
Unity Technologies,Find square root of a number,"Array, Binary Search",Medium
Unity Technologies,Find the smallest divisor,"Array, Binary Search",Medium
Unity Technologies,Two sum in BST,"Binary Search Tree, Binary Tree",Hard
Unity Technologies,Delete a node in BST,"Tree, Binary Search Tree",Medium
Unity Technologies,Inorder successor and predecessor in BST,"Binary Search Tree, Tree",Medium
Unity Technologies,LCA in BST,"Binary Search Tree, Binary Tree",Medium
Unity Technologies,Floor and Ceil in a BST,"Binary Search Tree, Data Structures",Easy
Unity Technologies,Construct a BT from Preorder and Inorder,"Array, Binary Tree",Hard
Unity Technologies,Boundary Traversal,"Tree, Data Structures",Medium
Unity Technologies,Count total nodes in a complete BT,"Binary Search, Bit Manipulation",Easy
Unity Technologies,LCA in BT,"Binary Tree, Depth-First Search",Hard
Unity Technologies,Maximum Width of BT,"Binary Tree, Breadth-First Search",Medium
Unity Technologies,Minimum time taken to burn the BT from a given Node,"Hash Table, Tree",Hard
Unity Technologies,Right/Left View of BT,"Tree, Depth-First Search",Medium
Unity Technologies,Top View of BT,"Binary Search Tree, Tree",Medium
Unity Technologies,Level Order Traversal,"Binary Tree, Breadth-First Search",Easy
Unity Technologies,"Pre, Post, Inorder in one traversal","Stack, Tree",Easy
Unity Technologies,Morris Inorder Traversal,"Stack, Tree",Hard
Unity Technologies,Frog jump with K distances,Dynamic Programming,Medium
Unity Technologies,House robber,"Array, Dynamic Programming",Medium
Unity Technologies,Best time to buy and sell stock II,"Array, Dynamic Programming",Medium
Unity Technologies,Edit distance,"Dynamic Programming, String",Hard
Unity Technologies,Longest palindromic subsequence,"Dynamic Programming, String",Hard
Unity Technologies,Minimum insertions or deletions to convert string A to B,Dynamic Programming,Hard
Unity Technologies,0 and 1 Knapsack,Dynamic Programming,Hard
Unity Technologies,Count partitions with given difference,"Array, Math",Hard
Unity Technologies,Partition a set into two subsets with minimum absolute sum difference,Dynamic Programming,Hard
Unity Technologies,Partition equal subset sum,"Array, Dynamic Programming",Hard
Unity Technologies,Rod cutting problem,"Array, Dynamic Programming",Hard
Unity Technologies,Target sum,"Array, Backtracking",Hard
Unity Technologies,Unbounded knapsack,Dynamic Programming,Hard
Unity Technologies,Burst balloons,"Array, Dynamic Programming",Hard
Unity Technologies,Matrix chain multiplication,"Array, Dynamic Programming",Hard
Unity Technologies,Palindrome partitioning II,"String, Dynamic Programming",Hard
Unity Technologies,Delete the element with value X,"Linked List, Hash Table",Easy
Unity Technologies,Deletion of the head of LL,Linked List,Easy
Unity Technologies,Insert before given node in Doubly Linked List,"Doubly-Linked List, Linked List",Easy
Unity Technologies,Insertion before the value X in Linked List,Linked List,Easy
Unity Technologies,Removing given node in Doubly Linked List,"Doubly-Linked List, Linked List",Easy
Unity Technologies,Implement Stack using Arrays,"Array, Stack",Easy
Unity Technologies,Bipartite graph,"Breadth-First Search, Depth-First Search",Hard
Unity Technologies,Course Schedule I,"Breadth-First Search, Depth-First Search",Hard
Unity Technologies,Find eventual safe states,"Breadth-First Search, Depth-First Search",Hard
Unity Technologies,Most stones removed with same row or column,"Depth-First Search, Graph",Medium
Unity Technologies,Find the MST weight,"Union Find, Graph",Hard
Unity Technologies,Bellman ford algorithm,"Dynamic Programming, Graph",Hard
Unity Technologies,Floyd warshall algorithm,"Dynamic Programming, Graph",Hard
Unity Technologies,Minimum multiplications to reach end,"Array, Graph",Hard
Unity Technologies,Path with minimum effort,"Array, Binary Search",Hard
Unity Technologies,Print Shortest Path,"Breadth-First Search, Graph",Hard
Unity Technologies,Traversal Techniques,"Depth-First Search, Breadth-First Search",Medium
Unity Technologies,Rotten Oranges,"Array, Breadth-First Search",Medium
Unity Technologies,Surrounded Regions,"Array, Breadth-First Search",Medium
Unity Technologies,Assign Cookies,"Array, Greedy",Easy
Unity Technologies,Lemonade Change,"Array, Greedy",Easy
Unity Technologies,Job sequencing Problem,"Dynamic Programming, Greedy",Medium
Unity Technologies,N meetings in one room,"Greedy, Sorting",Medium
Unity Technologies,Shortest Job First,"Greedy, Sorting",Medium
Unity Technologies,Merge K sorted Lists,"Divide and Conquer, Heap (Priority Queue)",Hard
Unity Technologies,Heapify Algorithm,"Array, Heap (Priority Queue)",Medium
Unity Technologies,Implement Max Heap,"Array, Heap (Priority Queue)",Medium
Unity Technologies,Clone a LL with random and next pointer,Linked List,Hard
Unity Technologies,Flattening of LL,"-, - Hard",Hard
Unity Technologies,Find the intersection point of Y LL,"Linked List, Two Pointers",Medium
Unity Technologies,Count primes in range L to R,Math,Hard
Unity Technologies,Combination Sum,"Array, Backtracking",Medium
Unity Technologies,Combination Sum III,"Array, Backtracking",Medium
Unity Technologies,Subsets I,"Recursion, Backtracking",Medium
Unity Technologies,Palindrome partitioning,"Backtracking, Dynamic Programming",Hard
Unity Technologies,Rat in a Maze,"Recursion, Backtracking",Hard
Unity Technologies,Generate Parentheses,"Backtracking, Dynamic Programming",Medium
Unity Technologies,Check if there exists a subsequence with sum K,"Array, Dynamic Programming",Easy
Unity Technologies,Count number of Nice subarrays,"Array, Hash Table",Hard
Unity Technologies,Longest Substring Without Repeating Characters,"Hash Table, Sliding Window",Medium
Unity Technologies,Max Consecutive Ones III,"Array, Binary Search",Medium
Unity Technologies,Minimum Window Substring,"Hash Table, Sliding Window",Hard
Unity Technologies,Implement Min Stack,"Design, Stack",Hard
Unity Technologies,LRU Cache,"Design, Doubly-Linked List",Medium
Unity Technologies,Sliding Window Maximum,"Array, Heap (Priority Queue)",Hard
Unity Technologies,Remove K Digits,"Greedy, Monotonic Stack",Medium
Unity Technologies,Sum of Subarray Minimums,"Array, Dynamic Programming",Medium
Unity Technologies,Sum of Subarray Ranges,"Array, Monotonic Stack",Medium
Unity Technologies,Rabin Karp Algorithm,"String, String Matching",Hard
Unity Technologies,Z function,Math,Hard
Unity Technologies,Number of distinct substrings in a string,"Hash Function, Rolling Hash",Medium
Unity Technologies,Trie Implementation and Operations,"Trie, Implementation",Hard
Valve,Differences Between Two Objects,Javascript,Medium
Valve,String to Integer (atoi),String,Medium
Verily,Minimum Knight Moves,Breadth-First Search,Medium
Verizon,Convert JSON String to Object,Javascript,Hard
Verizon,Design Most Recently Used Queue,"Array, Binary Indexed Tree",Medium
Virtu Financial,Count Substrings with Only One Distinct Letter,"Math, String",Easy
Virtu Financial,Hexspeak,"Math, String",Easy
Virtu Financial,How Many Apples Can You Put into the Basket,"Array, Greedy",Easy
Visa,Maximum Product Subarray in an Array,"Array, Dynamic Programming",Hard
Visa,Reverse Pairs,"Array, Binary Indexed Tree",Hard
Visa,3 Sum,"Array, Sorting",Medium
Visa,Leaders in an Array,Array,Medium
Visa,Print the matrix in spiral manner,"Array, Matrix",Medium
Visa,Rotate matrix by 90 degrees,"Array, Math",Medium
Visa,Left Rotate Array by One,"Array, Implementation",Easy
Visa,Find row with maximum 1's,"Array, Matrix",Easy
Visa,Aggressive Cows,Binary Search,Hard
Visa,Kth element of 2 sorted arrays,"Array, Divide and Conquer",Medium
Visa,Median of 2 sorted arrays,"Array, Binary Search",Hard
Visa,Single element in sorted array,"Array, Binary Search",Medium
Visa,Find Nth root of a number,"Array, Binary Search",Medium
Visa,Correct BST with two nodes swapped,"Tree, Depth-First Search",Hard
Visa,Largest BST in Binary Tree,"Binary Search, Binary Search Tree",Hard
Visa,Two sum in BST,"Binary Search Tree, Binary Tree",Hard
Visa,Check if a tree is a BST or not,"Tree, Depth-First Search",Medium
Visa,Construct a BST from a preorder traversal,"Array, Binary Search Tree",Medium
Visa,Inorder successor and predecessor in BST,"Binary Search Tree, Tree",Medium
Visa,Kth Smallest and Largest element in BST,"Binary Search Tree, Binary Tree",Medium
Visa,LCA in BST,"Binary Search Tree, Binary Tree",Medium
Visa,Search in BST,"Tree, Depth-First Search",Easy
Visa,Boundary Traversal,"Tree, Data Structures",Medium
Visa,Count total nodes in a complete BT,"Binary Search, Bit Manipulation",Easy
Visa,Minimum time taken to burn the BT from a given Node,"Hash Table, Tree",Hard
Visa,Diameter of Binary Tree,"Binary Tree, Depth-First Search",Easy
Visa,"Pre, Post, Inorder in one traversal","Stack, Tree",Easy
Visa,Morris Inorder Traversal,"Stack, Tree",Hard
Visa,Single Number - III,"Array, Bit Manipulation",Medium
Visa,Maximum sum of non adjacent elements,"Array, Divide and Conquer",Medium
Visa,Grid unique paths,"Math, Dynamic Programming",Medium
Visa,Unique paths II,"Array, Dynamic Programming",Medium
Visa,Best time to buy and sell stock II,"Array, Dynamic Programming",Medium
Visa,Distinct subsequences,"Dynamic Programming, String",Hard
Visa,Minimum insertions or deletions to convert string A to B,Dynamic Programming,Hard
Visa,0 and 1 Knapsack,Dynamic Programming,Hard
Visa,Count subsets with sum K,Dynamic Programming,Hard
Visa,Subset sum equals to target,"Array, Dynamic Programming",Hard
Visa,Target sum,"Array, Backtracking",Hard
Visa,Unbounded knapsack,Dynamic Programming,Hard
Visa,Palindrome partitioning II,"String, Dynamic Programming",Hard
Visa,Convert Array to Doubly Linked List,"Doubly-Linked List, Hash Table",Easy
Visa,Delete head of Doubly Linked List,"Doubly-Linked List, Hash Table",Easy
Visa,Delete Tail of Doubly Linked List,"Doubly-Linked List, Hash Table",Easy
Visa,Insertion before the value X in Linked List,Linked List,Easy
Visa,Insert node before (kth node) in Doubly Linked List,"Doubly-Linked List, Linked List",Easy
Visa,Implement Queue using Arrays,"Queue, Data Structures",Easy
Visa,Kosaraju's algorithm,"Graph, Depth-First Search",Hard
Visa,Course Schedule I,"Breadth-First Search, Depth-First Search",Hard
Visa,Most stones removed with same row or column,"Depth-First Search, Graph",Medium
Visa,Number of operations to make network connected,"Depth-First Search, Breadth-First Search",Hard
Visa,Find the MST weight,"Union Find, Graph",Hard
Visa,Dijkstra's algorithm,"Graph, Heap (Priority Queue)",Hard
Visa,Path with minimum effort,"Array, Binary Search",Hard
Visa,Connected Components,"Depth-First Search, Breadth-First Search",Medium
Visa,Flood fill algorithm,"Array, Breadth-First Search",Medium
Visa,Number of islands,"Array, Breadth-First Search",Medium
Visa,Assign Cookies,"Array, Greedy",Easy
Visa,Shortest Job First,"Greedy, Sorting",Medium
Visa,Find Median from Data Stream,"Data Stream, Design",Hard
Visa,Kth largest element in a stream of running integers,"Binary Search Tree, Binary Tree",Hard
Visa,Convert Min Heap to Max Heap,"Array, Heap (Priority Queue)",Medium
Visa,Implement Max Heap,"Array, Heap (Priority Queue)",Medium
Visa,Implement PQ using Heaps,"Array, Heap (Priority Queue)",Medium
Visa,Reverse LL in group of given size K,"Linked List, Recursion",Hard
Visa,Find the starting point in LL,"Linked List, Two Pointers",Medium
Visa,Add two numbers in Linked List,"Linked List, Math",Medium
Visa,Sort a Linked List of 0's 1's and 2's,"Linked List, Sorting",Medium
Visa,Match Alphanumerical Pattern in Matrix I,"Array, Hash Table",Medium
Visa,Prime factorisation of a Number,Math,Hard
Visa,Combination Sum,"Array, Backtracking",Medium
Visa,Palindrome partitioning,"Backtracking, Dynamic Programming",Hard
Visa,Sudoku Solver,"Array, Backtracking",Hard
Visa,Power Set,"Recursion, Backtracking",Medium
Visa,Check if there exists a subsequence with sum K,"Array, Dynamic Programming",Easy
Visa,Maximum Points You Can Obtain from Cards,"Array, Prefix Sum",Medium
Visa,Celebrity Problem,"Graph, Greedy",Hard
Visa,Implement Min Stack,"Design, Stack",Hard
Visa,Sliding Window Maximum,"Array, Heap (Priority Queue)",Hard
Visa,Asteroid Collision,"Array, Simulation",Medium
Visa,Remove K Digits,"Greedy, Monotonic Stack",Medium
Visa,Rabin Karp Algorithm,"String, String Matching",Hard
Visa,Maximum XOR of two numbers in an array,"Array, Bit Manipulation",Hard
Visa,Walls and Gates,"Array, Breadth-First Search",Medium
VMware,Make Array Non decreasing or Non increasing,"Dynamic Programming, Greedy",Easy
Walmart,Majority Element-I,"Array, Counting",Easy
Walmart,Merge two sorted arrays without extra space,"Linked List, Recursion",Medium
Walmart,Reverse Pairs,"Array, Binary Indexed Tree",Hard
Walmart,Two Sum,"Array, Hash Table",Easy
Walmart,Left Rotate Array by One,"Array, Implementation",Easy
Walmart,Intersection of two sorted arrays,"Array, Sorting",Easy
Walmart,Union of two sorted arrays,"Array, Two Pointers",Easy
Walmart,Aggressive Cows,Binary Search,Hard
Walmart,Book Allocation Problem,Binary Search,Hard
Walmart,Kth element of 2 sorted arrays,"Array, Divide and Conquer",Medium
Walmart,Median of 2 sorted arrays,"Array, Binary Search",Hard
Walmart,Split array - largest sum,"Array, Binary Search",Hard
Walmart,Search X in sorted array,"Array, Binary Search",Easy
Walmart,First and last occurrence,"Array, Binary Search",Easy
Walmart,Search in rotated sorted array-I,"Array, Binary Search",Medium
Walmart,Search in rotated sorted array-II,"Array, Binary Search",Medium
Walmart,Single element in sorted array,"Array, Binary Search",Medium
Walmart,Koko eating bananas,"Array, Binary Search",Medium
Walmart,Minimum days to make M bouquets,"Array, Binary Search",Medium
Walmart,BST iterator,"Stack, Tree",Hard
Walmart,Construct a BST from a preorder traversal,"Array, Binary Search Tree",Medium
Walmart,Delete a node in BST,"Tree, Binary Search Tree",Medium
Walmart,LCA in BST,"Binary Search Tree, Binary Tree",Medium
Walmart,Serialize and De-serialize BT,"Binary Tree, Breadth-First Search",Hard
Walmart,Count total nodes in a complete BT,"Binary Search, Bit Manipulation",Easy
Walmart,Print all nodes at a distance of K in BT,"Hash Table, Tree",Hard
Walmart,Print root to leaf path in BT,"String, Backtracking",Medium
Walmart,Vertical Order Traversal,"Binary Tree, Breadth-First Search",Medium
Walmart,Maximum path sum,"Binary Tree, Depth-First Search",Medium
Walmart,Level Order Traversal,"Binary Tree, Breadth-First Search",Easy
Walmart,Postorder Traversal,"Binary Tree, Depth-First Search",Easy
Walmart,Morris Preorder Traversal,"Stack, Tree",Hard
Walmart,Minimum Bit Flips to Convert Number,Bit Manipulation,Medium
Walmart,Power Set Bit Manipulation,"Math, Bit Manipulation",Medium
Walmart,Single Number - III,"Array, Bit Manipulation",Medium
Walmart,House robber,"Array, Dynamic Programming",Medium
Walmart,Ninja's training,Dynamic Programming,Medium
Walmart,Best time to buy and sell stock,"Array, Dynamic Programming",Medium
Walmart,Best time to buy and sell stock II,"Array, Dynamic Programming",Medium
Walmart,Edit distance,"Dynamic Programming, String",Hard
Walmart,Longest common subsequence,"Dynamic Programming, String",Hard
Walmart,Minimum insertions to make string palindrome,"Dynamic Programming, String",Hard
Walmart,0 and 1 Knapsack,Dynamic Programming,Hard
Walmart,Count partitions with given difference,"Array, Math",Hard
Walmart,Partition a set into two subsets with minimum absolute sum difference,Dynamic Programming,Hard
Walmart,Rod cutting problem,"Array, Dynamic Programming",Hard
Walmart,Unbounded knapsack,Dynamic Programming,Hard
Walmart,Matrix chain multiplication,"Array, Dynamic Programming",Hard
Walmart,Delete Kth Element of Doubly Linked List,"Doubly-Linked List, Hash Table",Easy
Walmart,Delete the element with value X,"Linked List, Hash Table",Easy
Walmart,Deletion of the head of LL,Linked List,Easy
Walmart,Deletion of the Kth element of Linked List,Linked List,Easy
Walmart,Insert before given node in Doubly Linked List,"Doubly-Linked List, Linked List",Easy
Walmart,Insertion at the tail of Linked List,Linked List,Easy
Walmart,Insert node before head in Doubly Linked List,"Doubly-Linked List, Linked List",Easy
Walmart,Detect a cycle in a directed graph,"Graph, Depth-First Search",Hard
Walmart,Detect a cycle in an undirected graph,"Graph, Depth-First Search",Hard
Walmart,Topological sort or Kahn's algorithm,"Graph, Depth-First Search",Hard
Walmart,Alien Dictionary,"Array, Breadth-First Search",Hard
Walmart,Accounts merge,"Array, Hash Table",Hard
Walmart,Disjoint Set,"Union Find, Algorithms",Hard
Walmart,Find the MST weight,"Union Find, Graph",Hard
Walmart,Bellman ford algorithm,"Dynamic Programming, Graph",Hard
Walmart,Cheapest flight within K stops,"Breadth-First Search, Depth-First Search",Hard
Walmart,Minimum multiplications to reach end,"Array, Graph",Hard
Walmart,Number of ways to arrive at destination,"Dynamic Programming, Graph",Hard
Walmart,Shortest Distance in a Binary Maze,"Array, Breadth-First Search",Hard
Walmart,Connected Components,"Depth-First Search, Breadth-First Search",Medium
Walmart,Distance of nearest cell having one,"Array, Breadth-First Search",Medium
Walmart,Number of enclaves,"Array, Breadth-First Search",Medium
Walmart,Number of provinces,"Breadth-First Search, Depth-First Search",Medium
Walmart,Rotten Oranges,"Array, Breadth-First Search",Medium
Walmart,Candy,"Array, Greedy",Hard
Walmart,Non-overlapping Intervals,"Greedy, Sorting",Medium
Walmart,Shortest Job First,"Greedy, Sorting",Medium
Walmart,Build heap from a given Array,"Array, Heap (Priority Queue)",Medium
Walmart,Heapify Algorithm,"Array, Heap (Priority Queue)",Medium
Walmart,Implement Max Heap,"Array, Heap (Priority Queue)",Medium
Walmart,Flattening of LL,"-, - Hard",Hard
Walmart,Merge two Sorted Lists,"Linked List, Two Pointers",Hard
Walmart,Detect a loop in LL,"Hash Table, Linked List",Medium
Walmart,Find the intersection point of Y LL,"Linked List, Two Pointers",Medium
Walmart,Traversal in Linked List,Linked List,Easy
Walmart,Add two numbers in Linked List,"Linked List, Math",Medium
Walmart,Remove Nth node from the back of the LL,"Linked List, Two Pointers",Medium
Walmart,Reverse a LL,Linked List,Medium
Walmart,Count primes in range L to R,Math,Hard
Walmart,Prime factorisation of a Number,Math,Hard
Walmart,Combination Sum,"Array, Backtracking",Medium
Walmart,Subsets I,"Recursion, Backtracking",Medium
Walmart,Subsets II,"Array, Backtracking",Medium
Walmart,Palindrome partitioning,"Backtracking, Dynamic Programming",Hard
Walmart,Rat in a Maze,"Recursion, Backtracking",Hard
Walmart,Word Search,"Array, Backtracking",Hard
Walmart,Generate Parentheses,"Backtracking, Dynamic Programming",Medium
Walmart,Maximum Points You Can Obtain from Cards,"Array, Prefix Sum",Medium
Walmart,Max Consecutive Ones III,"Array, Binary Search",Medium
Walmart,Maximum Rectangles,"Array, Dynamic Programming. Stack",Hard
Walmart,Stock span problem,"Array, Stack",Hard
Walmart,Balanced Paranthesis,"String, Greedy",Easy
Walmart,Asteroid Collision,"Array, Simulation",Medium
Walmart,Next Greater Element - 2,"Array, Monotonic Stack",Medium
Walmart,Remove K Digits,"Greedy, Monotonic Stack",Medium
Walmart,Sum of Subarray Minimums,"Array, Dynamic Programming",Medium
Walmart,Sum of Subarray Ranges,"Array, Monotonic Stack",Medium
Walmart,Shortest Palindrome,"Hash Function, Rolling Hash",Hard
Walmart,Z function,Math,Hard
Walmart,Reverse every word in a string,String,Medium
Walmart Labs,Binary Tree Longest Consecutive Sequence,"Binary Tree, Depth-First Search",Medium
Walmart Labs,Boundary of Binary Tree,"Binary Tree, Breadth-First Search",Medium
Walmart Labs,Design Hit Counter,"Array, Binary Search",Medium
Walmart Labs,Max Stack,"Design, Doubly-Linked List",Hard
Walmart Labs,Maximum Profit From Trading Stocks,"Array, Dynamic Programming",Medium
Walmart Labs,Merge Overlapping Subintervals,"Sorting, Two Pointers",Medium
Walmart Labs,Set Matrix Zeroes,"Array, Matrix",Medium
Walmart Labs,The Maze,"Array, Breadth-First Search",Medium
Wayfair,Majority Element-I,"Array, Counting",Easy
Wayfair,Maximum Product Subarray in an Array,"Array, Dynamic Programming",Hard
Wayfair,3 Sum,"Array, Sorting",Medium
Wayfair,Pascal's Triangle III,"Array, Dynamic Programming",Medium
Wayfair,Rearrange array elements by sign,"Array, Simulation",Medium
Wayfair,Rotate matrix by 90 degrees,"Array, Math",Medium
Wayfair,Maximum Consecutive Ones,Array,Easy
Wayfair,Find missing number,"Array, Bit Manipulation",Easy
Wayfair,Find row with maximum 1's,"Array, Matrix",Easy
Wayfair,Matrix Median,"Matrix, Binary Search",Hard
Wayfair,Book Allocation Problem,Binary Search,Hard
Wayfair,Kth element of 2 sorted arrays,"Array, Divide and Conquer",Medium
Wayfair,Search X in sorted array,"Array, Binary Search",Easy
Wayfair,Floor and Ceil in Sorted Array,"Array, Binary Search",Easy
Wayfair,Search in rotated sorted array-II,"Array, Binary Search",Medium
Wayfair,Find square root of a number,"Array, Binary Search",Medium
Wayfair,Minimum days to make M bouquets,"Array, Binary Search",Medium
Wayfair,BST iterator,"Stack, Tree",Hard
Wayfair,Largest BST in Binary Tree,"Binary Search, Binary Search Tree",Hard
Wayfair,Inorder successor and predecessor in BST,"Binary Search Tree, Tree",Medium
Wayfair,LCA in BST,"Binary Search Tree, Binary Tree",Medium
Wayfair,Floor and Ceil in a BST,"Binary Search Tree, Data Structures",Easy
Wayfair,Construct a BT from Preorder and Inorder,"Array, Binary Tree",Hard
Wayfair,Requirements needed to construct a unique BT,"Traversal, Algorithms",Medium
Wayfair,Vertical Order Traversal,"Binary Tree, Breadth-First Search",Medium
Wayfair,Check if two trees are identical or not,"Tree, Depth-First Search",Medium
Wayfair,Diameter of Binary Tree,"Binary Tree, Depth-First Search",Easy
Wayfair,Maximum Depth in BT,"Binary Tree, Breadth-First Search",Medium
Wayfair,Inorder Traversal,"Binary Tree, Depth-First Search",Easy
Wayfair,Level Order Traversal,"Binary Tree, Breadth-First Search",Easy
Wayfair,Preorder Traversal,"Binary Tree, Depth-First Search",Easy
Wayfair,Morris Preorder Traversal,"Stack, Tree",Hard
Wayfair,Divide two numbers without multiplication and division,"Bit Manipulation, Math",Medium
Wayfair,Single Number - II,"Array, Bit Manipulation",Medium
Wayfair,Design a Leaderboard,"Design, Hash Table",Medium
Wayfair,Frog Jump,"Array, Dynamic Programming",Medium
Wayfair,House robber,"Array, Dynamic Programming",Medium
Wayfair,Minimum Falling Path Sum,"Array, Dynamic Programming",Medium
Wayfair,Best time to buy and sell stock II,"Array, Dynamic Programming",Medium
Wayfair,Best time to buy and sell stock IV,"Array, Dynamic Programming",Medium
Wayfair,Longest palindromic subsequence,"Dynamic Programming, String",Hard
Wayfair,Minimum insertions or deletions to convert string A to B,Dynamic Programming,Hard
Wayfair,Minimum insertions to make string palindrome,"Dynamic Programming, String",Hard
Wayfair,0 and 1 Knapsack,Dynamic Programming,Hard
Wayfair,Coin change II,"Array, Dynamic Programming",Hard
Wayfair,Minimum coins,Dynamic Programming,Hard
Wayfair,Partition equal subset sum,"Array, Dynamic Programming",Hard
Wayfair,Subset sum equals to target,"Array, Dynamic Programming",Hard
Wayfair,Unbounded knapsack,Dynamic Programming,Hard
Wayfair,Minimum cost to cut the stick,"Array, Dynamic Programming",Hard
Wayfair,Palindrome partitioning II,"String, Dynamic Programming",Hard
Wayfair,Delete head of Doubly Linked List,"Doubly-Linked List, Hash Table",Easy
Wayfair,Delete Kth Element of Doubly Linked List,"Doubly-Linked List, Hash Table",Easy
Wayfair,Insertion at the Kth position of Linked List,Linked List,Easy
Wayfair,Implement Queue using Arrays,"Queue, Data Structures",Easy
Wayfair,Implement queue using Linkedlist,"Queue, Linked List",Easy
Wayfair,Implement stack using Linkedlist,"Stack, Linked List",Easy
Wayfair,Articulation point in graph,"Graph, Depth-First Search",Hard
Wayfair,Bridges in graph,"Biconnected Component, Depth-First Search",Hard
Wayfair,Bipartite graph,"Breadth-First Search, Depth-First Search",Hard
Wayfair,Detect a cycle in an undirected graph,"Graph, Depth-First Search",Hard
Wayfair,Alien Dictionary,"Array, Breadth-First Search",Hard
Wayfair,Word ladder I,"Breadth-First Search, Hash Table",Hard
Wayfair,Accounts merge,"Array, Hash Table",Hard
Wayfair,Most stones removed with same row or column,"Depth-First Search, Graph",Medium
Wayfair,Number of operations to make network connected,"Depth-First Search, Breadth-First Search",Hard
Wayfair,Disjoint Set,"Union Find, Algorithms",Hard
Wayfair,Find the MST weight,"Union Find, Graph",Hard
Wayfair,Floyd warshall algorithm,"Dynamic Programming, Graph",Hard
Wayfair,Number of enclaves,"Array, Breadth-First Search",Medium
Wayfair,Number of islands,"Array, Breadth-First Search",Medium
Wayfair,Rotten Oranges,"Array, Breadth-First Search",Medium
Wayfair,Assign Cookies,"Array, Greedy",Easy
Wayfair,Lemonade Change,"Array, Greedy",Easy
Wayfair,Shortest Job First,"Greedy, Sorting",Medium
Wayfair,Kth largest element in a stream of running integers,"Binary Search Tree, Binary Tree",Hard
Wayfair,Merge K sorted Lists,"Divide and Conquer, Heap (Priority Queue)",Hard
Wayfair,Heap Sort,"Array, Heap (Priority Queue)",Medium
Wayfair,Delete all occurrences of a key in DLL,"Doubly-Linked List, Linked List",Hard
Wayfair,Detect a loop in LL,"Hash Table, Linked List",Medium
Wayfair,Find the intersection point of Y LL,"Linked List, Two Pointers",Medium
Wayfair,Length of loop in LL,"Linked List, Two Pointers",Medium
Wayfair,Add two numbers in Linked List,"Linked List, Math",Medium
Wayfair,Sort a Linked List of 0's 1's and 2's,"Linked List, Sorting",Medium
Wayfair,Count primes in range L to R,Math,Hard
Wayfair,Print all primes till N,Math,Hard
Wayfair,Number of Divisible Substrings,"Counting, Hash Table",Medium
Wayfair,Combination Sum,"Array, Backtracking",Medium
Wayfair,Subsets I,"Recursion, Backtracking",Medium
Wayfair,Palindrome partitioning,"Backtracking, Dynamic Programming",Hard
Wayfair,Power Set,"Recursion, Backtracking",Medium
Wayfair,Check if there exists a subsequence with sum K,"Array, Dynamic Programming",Easy
Wayfair,Count number of Nice subarrays,"Array, Hash Table",Hard
Wayfair,Longest Substring Without Repeating Characters,"Hash Table, Sliding Window",Medium
Wayfair,LRU Cache,"Design, Doubly-Linked List",Medium
Wayfair,Sliding Window Maximum,"Array, Heap (Priority Queue)",Hard
Wayfair,Next Greater Element,"Array, Hash Table",Medium
Wayfair,KMP Algorithm or LPS array,"String, Rolling Hash",Hard
Wayfair,Longest happy prefix,"Hash Function, Rolling Hash",Hard
Wayfair,Shortest Palindrome,"Hash Function, Rolling Hash",Hard
Wayfair,Z function,Math,Hard
Wayfair,Reverse every word in a string,String,Medium
Wayfair,Maximum XOR of two numbers in an array,"Array, Bit Manipulation",Hard
Wayfair,Maximum Xor with an element from an array,"Array, Bit Manipulation",Hard
Wayfair,Number of distinct substrings in a string,"Hash Function, Rolling Hash",Medium
Wayfair,Trie Implementation and Operations,"Trie, Implementation",Hard
Wells Fargo,Minimizing Array After Replacing Pairs With Their Product,"Array, Dynamic Programming",Medium
Western Digital,Count Inversions,"Array, Divide and Conquer",Hard
Western Digital,Sort an array of 0's 1's and 2's,"Array, Sorting",Medium
Western Digital,Matrix Median,"Matrix, Binary Search",Hard
Western Digital,Aggressive Cows,Binary Search,Hard
Western Digital,Kth element of 2 sorted arrays,"Array, Divide and Conquer",Medium
Western Digital,Median of 2 sorted arrays,"Array, Binary Search",Hard
Western Digital,Lower Bound,"Array, Binary Search",Easy
Western Digital,Search X in sorted array,"Array, Binary Search",Easy
Western Digital,Upper Bound,"Array, Binary Search",Easy
Western Digital,First and last occurrence,"Array, Binary Search",Easy
Western Digital,Search in rotated sorted array-I,"Array, Binary Search",Medium
Western Digital,Search insert position,"Array, Binary Search",Easy
Western Digital,Find the smallest divisor,"Array, Binary Search",Medium
Western Digital,Correct BST with two nodes swapped,"Tree, Depth-First Search",Hard
Western Digital,Two sum in BST,"Binary Search Tree, Binary Tree",Hard
Western Digital,LCA in BST,"Binary Search Tree, Binary Tree",Medium
Western Digital,Bottom view of BT,"Tree, Data Structures",Medium
Western Digital,Boundary Traversal,"Tree, Data Structures",Medium
Western Digital,Right/Left View of BT,"Tree, Depth-First Search",Medium
Western Digital,Check for symmetrical BTs,"Tree, Depth-First Search",Medium
Western Digital,Check if two trees are identical or not,"Tree, Depth-First Search",Medium
Western Digital,Maximum path sum,"Binary Tree, Depth-First Search",Medium
Western Digital,Level Order Traversal,"Binary Tree, Breadth-First Search",Easy
Western Digital,Preorder Traversal,"Binary Tree, Depth-First Search",Easy
Western Digital,Morris Preorder Traversal,"Stack, Tree",Hard
Western Digital,Morris Inorder Traversal,"Stack, Tree",Hard
Western Digital,Single Number - II,"Array, Bit Manipulation",Medium
Western Digital,Unique paths II,"Array, Dynamic Programming",Medium
Western Digital,Distinct subsequences,"Dynamic Programming, String",Hard
Western Digital,Minimum insertions or deletions to convert string A to B,Dynamic Programming,Hard
Western Digital,Minimum insertions to make string palindrome,"Dynamic Programming, String",Hard
Western Digital,0 and 1 Knapsack,Dynamic Programming,Hard
Western Digital,Subset sum equals to target,"Array, Dynamic Programming",Hard
Western Digital,Target sum,"Array, Backtracking",Hard
Western Digital,Matrix chain multiplication,"Array, Dynamic Programming",Hard
Western Digital,Palindrome partitioning II,"String, Dynamic Programming",Hard
Western Digital,Delete Kth Element of Doubly Linked List,"Doubly-Linked List, Hash Table",Easy
Western Digital,Delete the element with value X,"Linked List, Hash Table",Easy
Western Digital,Deletion of the tail of Linked List,"Linked List, Hash Table",Easy
Western Digital,Insertion at the Kth position of Linked List,Linked List,Easy
Western Digital,Insertion at the tail of Linked List,Linked List,Easy
Western Digital,Insertion before the value X in Linked List,Linked List,Easy
Western Digital,Removing given node in Doubly Linked List,"Doubly-Linked List, Linked List",Easy
Western Digital,Implement Stack using Queue,"Design, Queue",Easy
Western Digital,Bridges in graph,"Biconnected Component, Depth-First Search",Hard
Western Digital,Detect a cycle in an undirected graph,"Graph, Depth-First Search",Hard
Western Digital,Alien Dictionary,"Array, Breadth-First Search",Hard
Western Digital,Course Schedule II,"Breadth-First Search, Depth-First Search",Medium
Western Digital,Shortest path in undirected graph with unit weights,"Graph, Breadth-First Search",Hard
Western Digital,Number of operations to make network connected,"Depth-First Search, Breadth-First Search",Hard
Western Digital,Dijkstra's algorithm,"Graph, Heap (Priority Queue)",Hard
Western Digital,Number of ways to arrive at destination,"Dynamic Programming, Graph",Hard
Western Digital,Print Shortest Path,"Breadth-First Search, Graph",Hard
Western Digital,Shortest Distance in a Binary Maze,"Array, Breadth-First Search",Hard
Western Digital,Traversal Techniques,"Depth-First Search, Breadth-First Search",Medium
Western Digital,Number of islands,"Array, Breadth-First Search",Medium
Western Digital,Rotten Oranges,"Array, Breadth-First Search",Medium
Western Digital,Job sequencing Problem,"Dynamic Programming, Greedy",Medium
Western Digital,Count subarrays with given xor K,"Array, Hash Table",Hard
Western Digital,Maximum Sum Combination,"Array, Sorting",Hard
Western Digital,Heapify Algorithm,"Array, Heap (Priority Queue)",Medium
Western Digital,Implement Max Heap,"Array, Heap (Priority Queue)",Medium
Western Digital,Delete all occurrences of a key in DLL,"Doubly-Linked List, Linked List",Hard
Western Digital,Flattening of LL,"-, - Hard",Hard
Western Digital,Delete the middle node in LL,"Linked List, Two Pointers",Medium
Western Digital,Detect a loop in LL,"Hash Table, Linked List",Medium
Western Digital,Find the intersection point of Y LL,"Linked List, Two Pointers",Medium
Western Digital,Length of loop in LL,"Linked List, Two Pointers",Medium
Western Digital,Segregate odd and even nodes in Linked List,Linked List,Medium
Western Digital,Prime factorisation of a Number,Math,Hard
Western Digital,Combination Sum II,"Array, Backtracking",Medium
Western Digital,M Coloring Problem,"Recursion, Backtracking",Hard
Western Digital,N Queen,"Recursion, Backtracking",Hard
Western Digital,Word Search,"Array, Backtracking",Hard
Western Digital,"Pow(x,n)","Math, Recursion",Medium
Western Digital,Number of Substrings Containing All Three Characters,"Hash Table, Sliding Window",Hard
Western Digital,Longest Repeating Character Replacement,"Hash Table, Sliding Window",Hard
Western Digital,Largest rectangle in a histogram,"Array, Monotonic Stack",Hard
Western Digital,LFU Cache,"Design, Doubly-Linked List",Hard
Western Digital,Stock span problem,"Array, Stack",Hard
Western Digital,Balanced Paranthesis,"String, Greedy",Easy
Western Digital,Next Greater Element - 2,"Array, Monotonic Stack",Medium
Western Digital,KMP Algorithm or LPS array,"String, Rolling Hash",Hard
Western Digital,Longest happy prefix,"Hash Function, Rolling Hash",Hard
Western Digital,Rabin Karp Algorithm,"String, String Matching",Hard
Western Digital,Number of distinct substrings in a string,"Hash Function, Rolling Hash",Medium
Western Digital,Trie Implementation and Operations,"Trie, Implementation",Hard
Wipro,Add Two Fractions,Math,Easy
Wipro,Leaders in an Array,Array,Medium
Wipro,Next Permutation,"Array, Two Pointers",Medium
Wipro,Pascal's Triangle III,"Array, Dynamic Programming",Medium
Wipro,Print the matrix in spiral manner,"Array, Matrix",Medium
Wipro,Rearrange array elements by sign,"Array, Simulation",Medium
Wipro,Rotate matrix by 90 degrees,"Array, Math",Medium
Wipro,Largest Element,Array,Easy
Wipro,Left Rotate Array by K Places,Array,Easy
Wipro,Left Rotate Array by One,"Array, Implementation",Easy
Wipro,Linear Search,"Array, Searching",Easy
Wipro,Maximum Consecutive Ones,Array,Easy
Wipro,Second Largest Element,Array,Easy
Wipro,Find missing number,"Array, Bit Manipulation",Easy
Wipro,Intersection of two sorted arrays,"Array, Sorting",Easy
Wipro,Move Zeros to End,"Array, Two Pointers",Easy
Wipro,Remove duplicates from sorted array,Array,Easy
Wipro,Union of two sorted arrays,"Array, Two Pointers",Easy
Wipro,Automorphic Number,Math,Easy
Wipro,Average of All Elements in an Array,Array,Easy
Wipro,Lower Bound,"Array, Binary Search",Easy
Wipro,Search X in sorted array,"Array, Binary Search",Easy
Wipro,Upper Bound,"Array, Binary Search",Easy
Wipro,Find minimum in Rotated Sorted Array,"Array, Binary Search",Easy
Wipro,Find out how many times the array is rotated,"Array, Binary Search",Easy
Wipro,First and last occurrence,"Array, Binary Search",Easy
Wipro,Floor and Ceil in Sorted Array,"Array, Binary Search",Easy
Wipro,Search in rotated sorted array-I,"Array, Binary Search",Medium
Wipro,Search in rotated sorted array-II,"Array, Binary Search",Medium
Wipro,Search insert position,"Array, Binary Search",Easy
Wipro,Single element in sorted array,"Array, Binary Search",Medium
Wipro,Find Nth root of a number,"Array, Binary Search",Medium
Wipro,Find square root of a number,"Array, Binary Search",Medium
Wipro,Zig Zag or Spiral Traversal,"Array, Matrix",Medium
Wipro,Single Number - I,"Array, Bit Manipulation",Medium
Wipro,Calculate Frequency of Characters in a String,String,Easy
Wipro,Calculate the Area of a Circle,Math,Easy
Wipro,Calculate the Power of a Number using Binary Exponentiation,Math,Easy
Wipro,Capitalize First and Last Character of Each Word,String,Easy
Wipro,Change Case of Each Character in a String,String,Easy
Wipro,Check if a Large Number is Divisible by 9,Math,Easy
Wipro,Check if a Number is a Harshad (Niven) Number,Math,Easy
Wipro,Check if a Number is a Strong Number,Math,Easy
Wipro,Check if a Number is an Abundant Number,Math,Easy
Wipro,Check if Array is Subset of Another,Array,Easy
Wipro,Check if Given Year is a Leap Year,Math,Easy
Wipro,Check Whether a Floating-Point Number is Even or Odd,Math,Easy
Wipro,Check whether a Given Number is Even or Odd,Math,Easy
Wipro,Check Whether a Number is Positive or Negative,Math,Easy
Wipro,Concatenate One String to Another,String,Easy
Wipro,Convert a Number to Hexadecimal,Math,Easy
Wipro,Convert Binary to Decimal,Math,Easy
Wipro,Convert Binary to Octal,Math,Easy
Wipro,Convert Decimal to Binary Number,Math,Easy
Wipro,Convert Decimal to Octal Number,Math,Easy
Wipro,Convert Digits/Numbers to Words,Math,Easy
Wipro,Convert Octal to Binary,Math,Easy
Wipro,Convert Octal to Decimal,Math,Easy
Wipro,Count Nodes in Linked List,Linked List,Easy
Wipro,Count the Number of Words in a Given String,String,Easy
Wipro,"Count Vowels, Consonants, and Spaces in a String",String,Easy
Wipro,Counting Frequencies of Array Elements,Array,Easy
Wipro,Design Array Modifier,"Array, Implementation",Easy
Wipro,Express Number as Sum of Two Primes,Math,Easy
Wipro,Check if the Array is Sorted I,"Array, Sorting",Easy
Wipro,Count of odd numbers in array,"Array, Math",Easy
Wipro,Reverse an array,Array,Easy
Wipro,Sum of Array Elements,Array,Easy
Wipro,Highest Occurring Element in an Array,Array,Easy
Wipro,Second Highest Occurring Element,"Array, Hash Table",Easy
Wipro,Sum of Highest and Lowest Frequency,"Array, Hash Table",Easy
Wipro,Convert Array to Doubly Linked List,"Doubly-Linked List, Hash Table",Easy
Wipro,Delete head of Doubly Linked List,"Doubly-Linked List, Hash Table",Easy
Wipro,Delete Kth Element of Doubly Linked List,"Doubly-Linked List, Hash Table",Easy
Wipro,Delete Tail of Doubly Linked List,"Doubly-Linked List, Hash Table",Easy
Wipro,Delete the element with value X,"Linked List, Hash Table",Easy
Wipro,Deletion of the head of LL,Linked List,Easy
Wipro,Deletion of the Kth element of Linked List,Linked List,Easy
Wipro,Deletion of the tail of Linked List,"Linked List, Hash Table",Easy
Wipro,Insert before given node in Doubly Linked List,"Doubly-Linked List, Linked List",Easy
Wipro,Insertion at the head of Linked List,Linked List,Easy
Wipro,Insertion at the Kth position of Linked List,Linked List,Easy
Wipro,Insertion at the tail of Linked List,Linked List,Easy
Wipro,Insertion before the value X in Linked List,Linked List,Easy
Wipro,Insert node before (kth node) in Doubly Linked List,"Doubly-Linked List, Linked List",Easy
Wipro,Insert node before head in Doubly Linked List,"Doubly-Linked List, Linked List",Easy
Wipro,Insert node before tail in Doubly Linked List,"Doubly-Linked List, Linked List",Easy
Wipro,Removing given node in Doubly Linked List,"Doubly-Linked List, Linked List",Easy
Wipro,Check for Perfect Number,Math,Easy
Wipro,Check for Prime Number,Math,Easy
Wipro,Check if the Number is Armstrong,Math,Easy
Wipro,Count all Digits of a Number,"Math, Counting",Easy
Wipro,Count number of odd digits in a number,"Math, Counting",Easy
Wipro,Count of Prime Numbers till N,"Math, Counting",Easy
Wipro,Divisors of a Number,Math,Easy
Wipro,Factorial of a given number,Math,Easy
Wipro,GCD of Two Numbers,Math,Easy
Wipro,LCM of two numbers,Math,Easy
Wipro,Palindrome Number,Math,Easy
Wipro,Return the Largest Digit in a Number,Math,Easy
Wipro,Reverse a number,Math,Easy
Wipro,Check if a Number is Prime or Not,Math,Easy
Wipro,Check if String is Palindrome or Not,String,Easy
Wipro,Check if the Array is Sorted II,"Array, Sorting",Easy
Wipro,Factorial of a Given Number,Math,Easy
Wipro,Fibonacci Number,"Dynamic Programming, Math",Easy
Wipro,Reverse a String I,String,Easy
Wipro,Sum of Array Elements II,"Array, Math",Easy
Wipro,Sum of Digits in a Given Number,Math,Easy
Wipro,Sum of First N Numbers,Math,Easy
Wipro,Implement Queue using Arrays,"Queue, Data Structures",Easy
Wipro,Implement queue using Linkedlist,"Queue, Linked List",Easy
Wipro,Implement Queue using Stack,"Design, Queue",Easy
Wipro,Implement Stack using Arrays,"Array, Stack",Easy
Wipro,Implement stack using Linkedlist,"Stack, Linked List",Easy
Wipro,Implement Stack using Queue,"Design, Queue",Easy
Wipro,Isomorphic String,"Hash Table, String",Easy
Wipro,Largest Odd Number in a String,Math,Easy
Wipro,Longest Common Prefix,"String, Trie",Easy
Wipro,Palindrome Check,"String, Two Pointers",Easy
Wipro,Reverse a String II,String,Easy
Wipro,Rotate String,"String, String Matching",Easy
Wipro,Sort Characters by Frequency,"Bucket Sort, Counting",Easy
Wipro,Valid Anagram,"Hash Table, Sorting",Easy
Wipro,Pattern 1,"Pattern Printing, Implementation",Easy
Wipro,Pattern 10,"Pattern Printing, Implementation",Easy
Wipro,Pattern 11,"Pattern Printing, Implementation",Easy
Wipro,Pattern 12,"Pattern Printing, Implementation",Easy
Wipro,Pattern 13,"Pattern Printing, Implementation",Easy
Wipro,Pattern 14,"Pattern Printing, Implementation",Easy
Wipro,Pattern 15,"Pattern Printing, Implementation",Easy
Wipro,Pattern 16,"Pattern Printing, Implementation",Easy
Wipro,Pattern 17,"Pattern Printing, Implementation",Easy
Wipro,Pattern 18,"Pattern Printing, Implementation",Easy
Wipro,Pattern 19,"Pattern Printing, Implementation",Easy
Wipro,Pattern 20,"Pattern Printing, Implementation",Medium
Wipro,Pattern 21,"Pattern Printing, Implementation",Medium
Wipro,Pattern 22,"Pattern Printing, Implementation",Medium
Wipro,Pattern 4,"Pattern Printing, Implementation",Easy
Wipro,Pattern 5,"Pattern Printing, Implementation",Easy
Wipro,Pattern 6,"Pattern Printing, Implementation",Easy
Wipro,Pattern 7,"Pattern Printing, Implementation",Easy
Wipro,Pattern 8,"Pattern Printing, Implementation",Easy
Wipro,Pattern 9,"Pattern Printing, Implementation",Easy
Wipro,If Else Adult Teen Problem,Implementation,Easy
Wipro,If ElseIf,Implementation,Easy
Wipro,Input Output,Implementation,Easy
Wipro,Print last character of string,"String, Implementation",Easy
Wipro,Print X N numbers of times,"Implementation, Simulation",Easy
Wipro,Sum of first last element in array,"Array, Math",Easy
Wipro,Switch Case,"Implementation, Simulation",Easy
Wipro,Factors of a Given Number,Math,Easy
Wipro,Find All Non-Repeating Elements in Array,Array,Easy
Wipro,Find All Palindrome Numbers in a Given Range,Math,Easy
Wipro,Find All Repeating Elements in an Array,Array,Easy
Wipro,Find All Symmetric Pairs,Array,Easy
Wipro,Find Median of an Unsorted Array,Array,Easy
Wipro,Find Roots of a Quadratic Equation,Math,Easy
Wipro,Find Sum of AP Series,Math,Easy
Wipro,Find the ASCII Value of a Character,String,Easy
Wipro,Find the Largest Word in a String,String,Easy
Wipro,Find the Position of a Substring within a String,String,Easy
Wipro,Find the Smallest Element in an Array,Array,Easy
Wipro,Finding Equilibrium Index in an Array,Array,Easy
Wipro,Greatest of Three Numbers,Math,Easy
Wipro,Greatest of Two Numbers,Math,Easy
Wipro,Traversal in Linked List,Linked List,Easy
Wipro,Maximum and Minimum Digit in a Number,Math,Easy
Wipro,Maximum Occurring Character in a String,String,Easy
Wipro,Maximum Product of Three Numbers,Math,Easy
Wipro,Permutations in which N people can occupy R seats,Math,Easy
Wipro,Rearrange Array in Increasing-Decreasing Order,Array,Easy
Wipro,Generate Parentheses,"Backtracking, Dynamic Programming",Medium
Wipro,"Pow(x,n)","Math, Recursion",Medium
Wipro,Power Set,"Recursion, Backtracking",Medium
Wipro,Check if there exists a subsequence with sum K,"Array, Dynamic Programming",Easy
Wipro,Count all subsequences with sum K,Recursion,Easy
Wipro,Remove All Duplicates from a String,String,Easy
Wipro,Remove Brackets from an Algebraic Expression,String,Easy
Wipro,Remove Characters Except Alphabets,String,Easy
Wipro,Remove Characters from First String Present in the Second String,String,Easy
Wipro,Remove Spaces from a String,String,Easy
Wipro,Replace All Zeros With Ones,Math,Easy
Wipro,Replace Elements by Their Rank,Array,Easy
Wipro,Return All Duplicate Characters in a String,String,Easy
Wipro,Search an Element in an Array,Array,Easy
Wipro,Sort Characters in a String,String,Easy
Wipro,Sort Elements of an Array by Frequency,"Array, Counting",Easy
Wipro,Bubble Sort,"Array, Sorting",Easy
Wipro,Insertion Sorting,"Array, Sorting",Easy
Wipro,Merge Sorting,"Array, Sorting",Medium
Wipro,Quick Sorting,"Array, Sorting",Easy
Wipro,Selection Sort,"Array, Sorting",Easy
Wipro,Balanced Paranthesis,"String, Greedy",Easy
Wipro,Sum of Fibonacci Numbers,Math,Easy
Wipro,Sum of First N Natural Numbers,Math,Easy
Wipro,Sum of GP Series,Math,Easy
Wipro,Sum of Numbers in a Given Range,Math,Easy
Wipro,Sum of the Numbers in a String,"String, Math",Easy
Wix,Group Shifted Strings,"Array, Hash Table",Medium
Wix,Minimum Time Takes to Reach Destination Without Drowning,"Array, Breadth-First Search",Hard
Wix,Shortest Word Distance,"Array, String",Easy
X,Best Meeting Point,"Array, Math",Hard
X,Flatten 2D Vector,"Array, Design",Medium
X,Number of Connected Components in an Undirected Graph,"Breadth-First Search, Depth-First Search",Easy
Yahoo,Check if a Number is Power of 2 or Not,Math,Easy
Yahoo,Count the Number of Set Bits,"Bit Manipulation, Math",Easy
Yahoo,Find Leaves of Binary Tree,"Binary Tree, Depth-First Search",Medium
Yahoo,Meeting Rooms II,"Array, Greedy",Medium
Yandex,Count Substrings Without Repeating Characters,"Hash Table, Sliding Window",Easy
Yandex,Curry,Javascript,Medium
Yandex,Design Hit Counter,"Array, Binary Search",Medium
Yandex,Max Consecutive Ones II,"Array, Dynamic Programming",Medium
Yandex,Meeting Rooms II,"Array, Greedy",Medium
Yandex,Product of Two Run-Length Encoded Arrays,"Array, Two Pointers",Medium
Yandex,Longest Substring With At Most K Distinct Characters,"Hash Table, Sliding Window",Hard
Yext,Design Tic-Tac-Toe,"Array, Design",Medium
Zenefits,Flatten 2D Vector,"Array, Design",Medium
Zenefits,Graph Valid Tree,"Breadth-First Search, Depth-First Search",Medium
Zenefits,Shortest Distance from All Buildings,"Array, Breadth-First Search",Hard
Zenefits,Verify Preorder Sequence in Binary Search Tree,"Array, Binary Search Tree",Hard
Zluri,Maximum Array Hopping Score I,"Array, Dynamic Programming",Medium
Zluri,Maximum Array Hopping Score II,"Array, Greedy",Medium
Zoho,Count Inversions,"Array, Divide and Conquer",Hard
Zoho,Find the repeating and missing number,"Array, Math",Hard
Zoho,Maximum Product Subarray in an Array,"Array, Dynamic Programming",Hard
Zoho,Pascal's Triangle III,"Array, Dynamic Programming",Medium
Zoho,Left Rotate Array by One,"Array, Implementation",Easy
Zoho,Intersection of two sorted arrays,"Array, Sorting",Easy
Zoho,Move Zeros to End,"Array, Two Pointers",Easy
Zoho,Find Peak Element - II,"Array, Binary Search",Medium
Zoho,Find row with maximum 1's,"Array, Matrix",Easy
Zoho,Matrix Median,"Matrix, Binary Search",Hard
Zoho,Find out how many times the array is rotated,"Array, Binary Search",Easy
Zoho,First and last occurrence,"Array, Binary Search",Easy
Zoho,Search insert position,"Array, Binary Search",Easy
Zoho,Single element in sorted array,"Array, Binary Search",Medium
Zoho,Koko eating bananas,"Array, Binary Search",Medium
Zoho,Minimum days to make M bouquets,"Array, Binary Search",Medium
Zoho,BST iterator,"Stack, Tree",Hard
Zoho,Largest BST in Binary Tree,"Binary Search, Binary Search Tree",Hard
Zoho,Bottom view of BT,"Tree, Data Structures",Medium
Zoho,Count total nodes in a complete BT,"Binary Search, Bit Manipulation",Easy
Zoho,Top View of BT,"Binary Search Tree, Tree",Medium
Zoho,Check for balanced binary tree,"Tree, Data Structures",Medium
Zoho,Maximum Depth in BT,"Binary Tree, Breadth-First Search",Medium
Zoho,Maximum path sum,"Binary Tree, Depth-First Search",Medium
Zoho,Level Order Traversal,"Binary Tree, Breadth-First Search",Easy
Zoho,Postorder Traversal,"Binary Tree, Depth-First Search",Easy
Zoho,"Pre, Post, Inorder in one traversal","Stack, Tree",Easy
Zoho,Morris Inorder Traversal,"Stack, Tree",Hard
Zoho,Power Set Bit Manipulation,"Math, Bit Manipulation",Medium
Zoho,Single Number - III,"Array, Bit Manipulation",Medium
Zoho,Frog Jump,"Array, Dynamic Programming",Medium
Zoho,Frog jump with K distances,Dynamic Programming,Medium
Zoho,House robber,"Array, Dynamic Programming",Medium
Zoho,Maximum sum of non adjacent elements,"Array, Divide and Conquer",Medium
Zoho,Triangle,"Array, Dynamic Programming",Medium
Zoho,Best time to buy and sell stock,"Array, Dynamic Programming",Medium
Zoho,Best time to buy and sell stock IV,"Array, Dynamic Programming",Medium
Zoho,Coin change II,"Array, Dynamic Programming",Hard
Zoho,Count partitions with given difference,"Array, Math",Hard
Zoho,Minimum coins,Dynamic Programming,Hard
Zoho,Partition a set into two subsets with minimum absolute sum difference,Dynamic Programming,Hard
Zoho,Delete head of Doubly Linked List,"Doubly-Linked List, Hash Table",Easy
Zoho,Delete Kth Element of Doubly Linked List,"Doubly-Linked List, Hash Table",Easy
Zoho,Delete Tail of Doubly Linked List,"Doubly-Linked List, Hash Table",Easy
Zoho,Deletion of the head of LL,Linked List,Easy
Zoho,Insert node before (kth node) in Doubly Linked List,"Doubly-Linked List, Linked List",Easy
Zoho,Implement Queue using Stack,"Design, Queue",Easy
Zoho,Implement Stack using Queue,"Design, Queue",Easy
Zoho,Bipartite graph,"Breadth-First Search, Depth-First Search",Hard
Zoho,Shortest path in DAG,"Graph, Topological Sort",Hard
Zoho,Dijkstra's algorithm,"Graph, Heap (Priority Queue)",Hard
Zoho,Find the city with the smallest number of neighbors,"Dynamic Programming, Graph",Hard
Zoho,Floyd warshall algorithm,"Dynamic Programming, Graph",Hard
Zoho,Print Shortest Path,"Breadth-First Search, Graph",Hard
Zoho,Distance of nearest cell having one,"Array, Breadth-First Search",Medium
Zoho,Number of enclaves,"Array, Breadth-First Search",Medium
Zoho,Assign Cookies,"Array, Greedy",Easy
Zoho,Candy,"Array, Greedy",Hard
Zoho,Find Median from Data Stream,"Data Stream, Design",Hard
Zoho,Build heap from a given Array,"Array, Heap (Priority Queue)",Medium
Zoho,Check if an array represents a min heap,"Array, Heap (Priority Queue)",Medium
Zoho,Implement PQ using Heaps,"Array, Heap (Priority Queue)",Medium
Zoho,K-th Largest element in an array,"Array, Divide and Conquer",Medium
Zoho,Delete all occurrences of a key in DLL,"Doubly-Linked List, Linked List",Hard
Zoho,Clone a LL with random and next pointer,Linked List,Hard
Zoho,Flattening of LL,"-, - Hard",Hard
Zoho,Merge two Sorted Lists,"Linked List, Two Pointers",Hard
Zoho,Detect a loop in LL,"Hash Table, Linked List",Medium
Zoho,Find the starting point in LL,"Linked List, Two Pointers",Medium
Zoho,Traversal in Linked List,Linked List,Easy
Zoho,Sort a Linked List of 0's 1's and 2's,"Linked List, Sorting",Medium
Zoho,Subsets II,"Array, Backtracking",Medium
Zoho,N Queen,"Recursion, Backtracking",Hard
Zoho,Sudoku Solver,"Array, Backtracking",Hard
Zoho,Word Search,"Array, Backtracking",Hard
Zoho,Generate Parentheses,"Backtracking, Dynamic Programming",Medium
Zoho,Maximum Points You Can Obtain from Cards,"Array, Prefix Sum",Medium
Zoho,Binary Subarrays With Sum,"Array, Hash Table",Hard
Zoho,Longest Repeating Character Replacement,"Hash Table, Sliding Window",Hard
Zoho,Longest Substring Without Repeating Characters,"Hash Table, Sliding Window",Medium
Zoho,Max Consecutive Ones III,"Array, Binary Search",Medium
Zoho,Insertion Sorting,"Array, Sorting",Easy
Zoho,Selection Sort,"Array, Sorting",Easy
Zoho,Celebrity Problem,"Graph, Greedy",Hard
Zoho,Implement Min Stack,"Design, Stack",Hard
Zoho,LFU Cache,"Design, Doubly-Linked List",Hard
Zoho,LRU Cache,"Design, Doubly-Linked List",Medium
Zoho,Count and say,String,Hard
Zomato,Count Inversions,"Array, Divide and Conquer",Hard
Zomato,Majority Element-I,"Array, Counting",Easy
Zomato,Merge two sorted arrays without extra space,"Linked List, Recursion",Medium
Zomato,Kadane's Algorithm,"Array, Dynamic Programming",Medium
Zomato,Pascal's Triangle III,"Array, Dynamic Programming",Medium
Zomato,Two Sum,"Array, Hash Table",Easy
Zomato,Linear Search,"Array, Searching",Easy
Zomato,Book Allocation Problem,Binary Search,Hard
Zomato,Kth element of 2 sorted arrays,"Array, Divide and Conquer",Medium
Zomato,Median of 2 sorted arrays,"Array, Binary Search",Hard
Zomato,Upper Bound,"Array, Binary Search",Easy
Zomato,Find minimum in Rotated Sorted Array,"Array, Binary Search",Easy
Zomato,Floor and Ceil in Sorted Array,"Array, Binary Search",Easy
Zomato,Single element in sorted array,"Array, Binary Search",Medium
Zomato,Find square root of a number,"Array, Binary Search",Medium
Zomato,Find the smallest divisor,"Array, Binary Search",Medium
Zomato,Minimum days to make M bouquets,"Array, Binary Search",Medium
Zomato,Largest BST in Binary Tree,"Binary Search, Binary Search Tree",Hard
Zomato,Insert a given node in BST,"Tree, Binary Search Tree",Medium
Zomato,Kth Smallest and Largest element in BST,"Binary Search Tree, Binary Tree",Medium
Zomato,Search in BST,"Tree, Depth-First Search",Easy
Zomato,Construct a BT from Preorder and Inorder,"Array, Binary Tree",Hard
Zomato,Requirements needed to construct a unique BT,"Traversal, Algorithms",Medium
Zomato,Serialize and De-serialize BT,"Binary Tree, Breadth-First Search",Hard
Zomato,Boundary Traversal,"Tree, Data Structures",Medium
Zomato,LCA in BT,"Binary Tree, Depth-First Search",Hard
Zomato,Top View of BT,"Binary Search Tree, Tree",Medium
Zomato,Minimum Bit Flips to Convert Number,Bit Manipulation,Medium
Zomato,Single Number - II,"Array, Bit Manipulation",Medium
Zomato,Bitwise OR of All Subsequence Sums,"Array, Bit Manipulation",Medium
Zomato,Maximum sum of non adjacent elements,"Array, Divide and Conquer",Medium
Zomato,Ninja's training,Dynamic Programming,Medium
Zomato,Cherry pickup II,"Array, Dynamic Programming",Hard
Zomato,Best time to buy and sell stock III,"Array, Dynamic Programming",Medium
Zomato,Best time to buy and sell stock IV,"Array, Dynamic Programming",Medium
Zomato,Distinct subsequences,"Dynamic Programming, String",Hard
Zomato,Longest common subsequence,"Dynamic Programming, String",Hard
Zomato,Wildcard matching,"Dynamic Programming, Greedy",Hard
Zomato,Target sum,"Array, Backtracking",Hard
Zomato,Delete Kth Element of Doubly Linked List,"Doubly-Linked List, Hash Table",Easy
Zomato,Delete Tail of Doubly Linked List,"Doubly-Linked List, Hash Table",Easy
Zomato,Delete the element with value X,"Linked List, Hash Table",Easy
Zomato,Insert before given node in Doubly Linked List,"Doubly-Linked List, Linked List",Easy
Zomato,Insertion before the value X in Linked List,Linked List,Easy
Zomato,Implement Queue using Stack,"Design, Queue",Easy
Zomato,Kosaraju's algorithm,"Graph, Depth-First Search",Hard
Zomato,Bipartite graph,"Breadth-First Search, Depth-First Search",Hard
Zomato,Topological sort or Kahn's algorithm,"Graph, Depth-First Search",Hard
Zomato,Find eventual safe states,"Breadth-First Search, Depth-First Search",Hard
Zomato,Cheapest flight within K stops,"Breadth-First Search, Depth-First Search",Hard
Zomato,Dijkstra's algorithm,"Graph, Heap (Priority Queue)",Hard
Zomato,Floyd warshall algorithm,"Dynamic Programming, Graph",Hard
Zomato,Number of ways to arrive at destination,"Dynamic Programming, Graph",Hard
Zomato,Path with minimum effort,"Array, Binary Search",Hard
Zomato,Print Shortest Path,"Breadth-First Search, Graph",Hard
Zomato,Flood fill algorithm,"Array, Breadth-First Search",Medium
Zomato,Jump Game - I,"Array, Dynamic Programming",Easy
Zomato,Candy,"Array, Greedy",Hard
Zomato,Valid Paranthesis Checker,"String, Stack",Hard
Zomato,Job sequencing Problem,"Dynamic Programming, Greedy",Medium
Zomato,N meetings in one room,"Greedy, Sorting",Medium
Zomato,Non-overlapping Intervals,"Greedy, Sorting",Medium
Zomato,Shortest Job First,"Greedy, Sorting",Medium
Zomato,Kth largest element in a stream of running integers,"Binary Search Tree, Binary Tree",Hard
Zomato,Merge K sorted Lists,"Divide and Conquer, Heap (Priority Queue)",Hard
Zomato,Build heap from a given Array,"Array, Heap (Priority Queue)",Medium
Zomato,Implement Max Heap,"Array, Heap (Priority Queue)",Medium
Zomato,Delete all occurrences of a key in DLL,"Doubly-Linked List, Linked List",Hard
Zomato,Clone a LL with random and next pointer,Linked List,Hard
Zomato,Length of loop in LL,"Linked List, Two Pointers",Medium
Zomato,Reverse a LL,Linked List,Medium
Zomato,Count primes in range L to R,Math,Hard
Zomato,Optimal Account Balancing,"Array, Backtracking",Hard
Zomato,Combination Sum III,"Array, Backtracking",Medium
Zomato,Subsets I,"Recursion, Backtracking",Medium
Zomato,Subsets II,"Array, Backtracking",Medium
Zomato,M Coloring Problem,"Recursion, Backtracking",Hard
Zomato,Sudoku Solver,"Array, Backtracking",Hard
Zomato,Generate Parentheses,"Backtracking, Dynamic Programming",Medium
Zomato,"Pow(x,n)","Math, Recursion",Medium
Zomato,Number of Substrings Containing All Three Characters,"Hash Table, Sliding Window",Hard
Zomato,Max Consecutive Ones III,"Array, Binary Search",Medium
Zomato,Bubble Sort,"Array, Sorting",Easy
Zomato,Largest rectangle in a histogram,"Array, Monotonic Stack",Hard
Zomato,Balanced Paranthesis,"String, Greedy",Easy
Zomato,Asteroid Collision,"Array, Simulation",Medium
Zomato,Sum of Subarray Ranges,"Array, Monotonic Stack",Medium
Zomato,KMP Algorithm or LPS array,"String, Rolling Hash",Hard
Zomato,Shortest Palindrome,"Hash Function, Rolling Hash",Hard
Zomato,Z function,Math,Hard
Zomato,Reverse every word in a string,String,Medium
ZScaler,Count Houses in a Circular Street II,"Data Stream, Design",Hard
ZScaler,Number of Divisible Triplet Sums,"Array, Hash Table",Medium
ZScaler,Optimal Account Balancing,"Array, Backtracking",Hard
Zynga,Majority Element-I,"Array, Counting",Easy
Zynga,Maximum Product Subarray in an Array,"Array, Dynamic Programming",Hard
Zynga,Reverse Pairs,"Array, Binary Indexed Tree",Hard
Zynga,Next Permutation,"Array, Two Pointers",Medium
Zynga,Maximum Consecutive Ones,Array,Easy
Zynga,Intersection of two sorted arrays,"Array, Sorting",Easy
Zynga,Union of two sorted arrays,"Array, Two Pointers",Easy
Zynga,Find Peak Element - II,"Array, Binary Search",Medium
Zynga,Matrix Median,"Matrix, Binary Search",Hard
Zynga,Search in 2D matrix - II,"Array, Binary Search",Hard
Zynga,Book Allocation Problem,Binary Search,Hard
Zynga,Find minimum in Rotated Sorted Array,"Array, Binary Search",Easy
Zynga,Search in rotated sorted array-I,"Array, Binary Search",Medium
Zynga,Find the smallest divisor,"Array, Binary Search",Medium
Zynga,Delete a node in BST,"Tree, Binary Search Tree",Medium
Zynga,Inorder successor and predecessor in BST,"Binary Search Tree, Tree",Medium
Zynga,Insert a given node in BST,"Tree, Binary Search Tree",Medium
Zynga,Requirements needed to construct a unique BT,"Traversal, Algorithms",Medium
Zynga,Bottom view of BT,"Tree, Data Structures",Medium
Zynga,Maximum Width of BT,"Binary Tree, Breadth-First Search",Medium
Zynga,Top View of BT,"Binary Search Tree, Tree",Medium
Zynga,Vertical Order Traversal,"Binary Tree, Breadth-First Search",Medium
Zynga,Check for balanced binary tree,"Tree, Data Structures",Medium
Zynga,Maximum Depth in BT,"Binary Tree, Breadth-First Search",Medium
Zynga,Postorder Traversal,"Binary Tree, Depth-First Search",Easy
Zynga,Morris Preorder Traversal,"Stack, Tree",Hard
Zynga,Divide two numbers without multiplication and division,"Bit Manipulation, Math",Medium
Zynga,Frog Jump,"Array, Dynamic Programming",Medium
Zynga,Best time to buy and sell stock II,"Array, Dynamic Programming",Medium
Zynga,Best time to buy and sell stock III,"Array, Dynamic Programming",Medium
Zynga,Best time to buy and sell stock with transaction fees,"Array, Dynamic Programming",Medium
Zynga,Longest common subsequence,"Dynamic Programming, String",Hard
Zynga,Longest common substring,"String, Dynamic Programming",Hard
Zynga,Shortest common supersequence,"Dynamic Programming, String",Hard
Zynga,Count subsets with sum K,Dynamic Programming,Hard
Zynga,Minimum coins,Dynamic Programming,Hard
Zynga,Partition a set into two subsets with minimum absolute sum difference,Dynamic Programming,Hard
Zynga,Rod cutting problem,"Array, Dynamic Programming",Hard
Zynga,Unbounded knapsack,Dynamic Programming,Hard
Zynga,Burst balloons,"Array, Dynamic Programming",Hard
Zynga,Convert Array to Doubly Linked List,"Doubly-Linked List, Hash Table",Easy
Zynga,Insertion at the head of Linked List,Linked List,Easy
Zynga,Insert node before head in Doubly Linked List,"Doubly-Linked List, Linked List",Easy
Zynga,Insert node before tail in Doubly Linked List,"Doubly-Linked List, Linked List",Easy
Zynga,Bridges in graph,"Biconnected Component, Depth-First Search",Hard
Zynga,Detect a cycle in an undirected graph,"Graph, Depth-First Search",Hard
Zynga,Course Schedule II,"Breadth-First Search, Depth-First Search",Medium
Zynga,Word ladder I,"Breadth-First Search, Hash Table",Hard
Zynga,Word ladder II,"Backtracking, Breadth-First Search",Hard
Zynga,Accounts merge,"Array, Hash Table",Hard
Zynga,Making a large island,"Array, Breadth-First Search",Hard
Zynga,Floyd warshall algorithm,"Dynamic Programming, Graph",Hard
Zynga,Connected Components,"Depth-First Search, Breadth-First Search",Medium
Zynga,Number of provinces,"Breadth-First Search, Depth-First Search",Medium
Zynga,Rotten Oranges,"Array, Breadth-First Search",Medium
Zynga,Assign Cookies,"Array, Greedy",Easy
Zynga,Jump Game - I,"Array, Dynamic Programming",Easy
Zynga,Minimum number of platforms required for a railway,"Greedy, Sorting",Medium
Zynga,N meetings in one room,"Greedy, Sorting",Medium
Zynga,Non-overlapping Intervals,"Greedy, Sorting",Medium
Zynga,Longest subarray with sum K,- Medium,Medium
Zynga,Build heap from a given Array,"Array, Heap (Priority Queue)",Medium
Zynga,Heapify Algorithm,"Array, Heap (Priority Queue)",Medium
Zynga,Merge two Sorted Lists,"Linked List, Two Pointers",Hard
Zynga,Add one to a number represented by LL,Linked List,Medium
Zynga,Check if LL is palindrome or not,"Linked List, Recursion",Medium
Zynga,Find the starting point in LL,"Linked List, Two Pointers",Medium
Zynga,Length of loop in LL,"Linked List, Two Pointers",Medium
Zynga,Remove Nth node from the back of the LL,"Linked List, Two Pointers",Medium
Zynga,Segregate odd and even nodes in Linked List,Linked List,Medium
Zynga,Count primes in range L to R,Math,Hard
Zynga,Combination Sum III,"Array, Backtracking",Medium
Zynga,Subsets II,"Array, Backtracking",Medium
Zynga,Sudoku Solver,"Array, Backtracking",Hard
Zynga,"Pow(x,n)","Math, Recursion",Medium
Zynga,Power Set,"Recursion, Backtracking",Medium
Zynga,Fruit Into Baskets,"Array, Hash Table",Medium
Zynga,Stock span problem,"Array, Stack",Hard
Zynga,Asteroid Collision,"Array, Simulation",Medium
Zynga,Minimum number of bracket reversals to make an expression balanced,"String, Stack",Hard
Zynga,Trie Implementation and Operations,"Trie, Implementation",Hard
